age,gender,marital_status,education,monthly_salary,employment_type,years_of_employment,company_type,house_type,monthly_rent,family_size,dependents,school_fees,college_fees,travel_expenses,groceries_utilities,other_monthly_expenses,existing_loans,current_emi_amount,credit_score,bank_balance,emergency_fund,emi_scenario,requested_amount,requested_tenure,max_monthly_emi,emi_eligibility
53,Male,Single,High School,186783,Government,16,Small,Family,10863,3,1,1394,18046,2264,5914,5093,Yes,24600,747,493345,3497,Vehicle,781397,61,41513.149999999994,Eligible
39,Male,Married,High School,130957,Government,0,Medium,Family,15857,6,0,1705,998,14929,20137,6047,No,13124,435,969612,403102,E-commerce Shopping,670186,57,20356.0,Not_Eligible
32,Female,Single,Professional,32748,Government,13,Large,Rented,19783,4,3,9364,28757,2557,19867,11164,Yes,927,553,724172,383483,Home Appliances,409340,57,500.0,Not_Eligible
45,Female,Married,Post Graduate,103636,Private,3,Medium,Family,25929,1,3,2421,4302,5960,10812,19145,No,11784,628,394869,128051,Vehicle,343074,71,8149.049999999999,High_Risk
43,Female,Single,Graduate,179763,Government,30,Small,Family,22954,4,1,8791,28522,7388,19771,605,No,1845,827,723157,452785,E-commerce Shopping,430969,16,31460.449999999997,Eligible
47,Male,Single,Post Graduate,130158,Government,27,Large,Rented,29680,3,2,14851,7830,9977,29364,1038,Yes,15579,800,447748,79628,Vehicle,818363,76,7643.65,High_Risk
35,Male,Single,Post Graduate,25246,Self-employed,1,Medium,Own,16826,4,4,3504,14898,7734,11736,406,No,28435,563,922060,83392,Personal Loan,1483259,58,500.0,Not_Eligible
35,Female,Single,High School,74395,Self-employed,2,Medium,Own,600,3,1,2299,18908,4906,5906,1071,Yes,27075,672,12587,154736,Vehicle,1016070,63,4770.5,Not_Eligible
48,Male,Single,Graduate,178558,Private,27,Medium,Own,27742,3,1,4015,14054,9057,5965,14204,No,12994,359,278368,316651,E-commerce Shopping,1027637,7,31684.449999999997,Not_Eligible
60,Female,Single,Post Graduate,176412,Private,6,Small,Rented,12134,5,2,1496,6735,14846,5746,13109,Yes,29867,757,601880,317302,Education,1308821,8,32367.649999999998,Eligible
48,Male,Married,Professional,65300,Private,29,Small,Own,27385,4,0,6706,130,13398,10178,14506,Yes,13481,759,942727,255141,Personal Loan,314623,15,500.0,Not_Eligible
27,Female,Married,Professional,149158,Private,22,Small,Rented,15290,2,1,14871,12423,14441,24060,17836,No,8156,486,854349,472614,Home Appliances,521741,42,14728.349999999999,Not_Eligible
46,Female,Married,High School,29860,Government,13,Small,Rented,11580,3,2,11309,11609,4433,20545,18837,Yes,21162,676,792782,419680,Personal Loan,503984,61,500.0,Not_Eligible
26,Female,Married,Professional,32013,Self-employed,11,Medium,Family,20966,4,0,6771,10409,11499,23610,6673,Yes,18311,713,751925,423934,E-commerce Shopping,898575,15,500.0,Not_Eligible
48,Male,Single,Professional,153479,Government,18,Large,Family,16037,2,0,7706,19400,1665,29234,2987,No,17069,343,206294,364841,Vehicle,846161,48,20783.35,Not_Eligible
54,Female,Married,Post Graduate,48542,Government,28,Small,Own,2786,1,1,12894,1186,9752,23845,19173,Yes,22817,778,970189,12667,Education,1055885,25,500.0,Not_Eligible
26,Male,Single,Professional,39935,Government,17,Large,Rented,19079,2,0,8626,4294,4657,19804,11861,No,26590,465,151719,65122,E-commerce Shopping,684666,23,500.0,Not_Eligible
45,Male,Single,Professional,64079,Self-employed,14,Medium,Own,15231,4,1,2658,8135,5148,7519,200,Yes,6723,452,810947,491686,Vehicle,222793,74,6462.75,Not_Eligible
57,Male,Single,Post Graduate,49111,Private,28,Small,Own,11840,4,1,11891,21218,14189,29384,7825,No,24462,451,563207,403817,E-commerce Shopping,644265,36,500.0,Not_Eligible
36,Male,Married,High School,71550,Private,28,Medium,Family,2052,2,3,2323,23599,14952,25258,14420,Yes,26257,396,882950,316232,Education,1493362,55,500.0,Not_Eligible
46,Male,Single,High School,91955,Self-employed,0,Small,Own,631,2,4,2895,24373,14802,5209,2760,No,138,436,858161,19909,Vehicle,226347,33,14401.449999999999,Not_Eligible
49,Male,Married,Graduate,55565,Self-employed,24,Small,Own,3442,6,4,1531,11004,11383,20569,5225,Yes,5338,516,546223,250359,Education,1255354,68,500.0,Not_Eligible
51,Male,Married,Professional,34283,Private,25,Large,Family,1754,3,3,11358,9709,7903,24314,4921,Yes,15762,639,866210,218728,Vehicle,1402368,77,500.0,Not_Eligible
52,Female,Married,Post Graduate,81470,Government,2,Medium,Own,23404,4,1,14022,20582,6299,21203,3713,Yes,8689,508,889327,396022,Personal Loan,1282535,70,500.0,Not_Eligible
40,Female,Married,Graduate,101916,Private,24,Medium,Own,11225,3,2,12954,29219,2542,18720,9130,No,27464,351,768908,4552,E-commerce Shopping,838504,28,500.0,Not_Eligible
39,Female,Married,High School,94552,Self-employed,14,Medium,Rented,9770,3,0,781,16389,12042,10396,3116,Yes,1048,497,306500,213850,Home Appliances,989734,16,14353.499999999998,Not_Eligible
27,Male,Single,High School,53233,Private,30,Large,Own,13499,1,3,1425,17094,1717,17556,3617,Yes,8597,747,659843,326953,Home Appliances,342134,27,500.0,Not_Eligible
31,Male,Single,Post Graduate,37695,Private,3,Large,Family,25,4,3,4928,24587,4139,19291,8955,No,5371,847,348678,250563,E-commerce Shopping,151602,76,500.0,Not_Eligible
45,Male,Married,Graduate,141440,Private,14,Medium,Family,24330,3,3,2551,2150,3920,20314,19278,No,18134,404,755524,353944,Home Appliances,936936,66,17767.05,Not_Eligible
33,Male,Single,Graduate,188806,Self-employed,9,Medium,Rented,10401,1,3,11678,23226,1654,20737,4619,Yes,10685,659,715607,124687,Education,406924,71,37032.1,High_Risk
42,Female,Married,Post Graduate,96257,Self-employed,5,Small,Family,7297,6,4,10515,14144,10323,3656,5188,No,27300,823,155835,379064,Home Appliances,449464,70,6241.9,High_Risk
28,Male,Single,Post Graduate,16505,Private,12,Small,Family,14868,3,1,12613,26289,7328,25813,4966,Yes,7049,777,790482,319905,E-commerce Shopping,526582,22,500.0,Not_Eligible
49,Female,Single,Graduate,151435,Private,6,Large,Family,6553,3,3,7423,20906,10967,20589,9461,No,18000,513,981614,238282,Personal Loan,294012,45,20137.6,Not_Eligible
38,Male,Single,High School,194780,Government,25,Small,Own,5759,6,3,556,12458,12414,22251,16342,No,27443,648,659680,297736,E-commerce Shopping,532592,7,34144.95,High_Risk
33,Female,Single,Professional,58614,Government,29,Medium,Rented,7755,4,3,8704,5808,8890,11647,11032,No,9292,771,420103,343714,E-commerce Shopping,1414489,34,500.0,Not_Eligible
50,Male,Single,High School,16010,Private,21,Medium,Rented,13384,2,2,11410,28760,7733,8014,15154,Yes,27971,366,955524,422682,Vehicle,414864,47,500.0,Not_Eligible
26,Female,Single,Post Graduate,145560,Self-employed,0,Small,Rented,29928,6,2,6438,27994,14786,23754,8865,Yes,16863,468,462537,262054,Home Appliances,1003273,45,5926.2,Not_Eligible
44,Male,Single,Graduate,165933,Government,21,Small,Rented,27478,2,0,6518,21334,4811,29660,4604,Yes,28955,451,304995,439212,Home Appliances,394045,73,14900.55,Not_Eligible
52,Female,Single,Graduate,170197,Private,10,Large,Family,1129,4,1,5786,19666,2749,5490,9133,Yes,23709,773,306702,254074,Vehicle,300661,24,35887.25,Eligible
31,Male,Single,Professional,155441,Government,13,Small,Own,4996,2,3,4151,7892,12402,3874,17326,No,1709,496,380717,347372,Education,1202213,43,36081.85,Not_Eligible
32,Female,Single,Graduate,84393,Government,5,Large,Family,12296,5,0,13199,5553,6817,14299,4471,Yes,27815,312,357434,257467,Education,1078319,60,500.0,Not_Eligible
59,Female,Single,Professional,172743,Government,4,Small,Family,20529,2,0,6093,19988,7111,7163,3743,Yes,23700,461,559366,350194,Vehicle,117222,61,29545.6,Not_Eligible
38,Male,Single,High School,79512,Self-employed,18,Small,Family,5641,6,1,13830,27223,11919,29009,6283,Yes,5262,785,199161,121435,Home Appliances,287149,30,500.0,Not_Eligible
41,Female,Single,High School,113026,Private,25,Small,Family,25017,3,2,12307,28172,11728,15647,3836,No,14978,631,308360,140714,Education,69478,57,500.0,Not_Eligible
60,Male,Married,Graduate,90656,Self-employed,18,Small,Rented,22281,3,1,11733,7154,2081,6192,2428,No,5456,347,674137,286780,Education,138810,53,11665.849999999999,Not_Eligible
28,Male,Single,Graduate,112686,Self-employed,26,Medium,Rented,13901,1,0,2899,7139,7774,23122,14738,Yes,28110,367,345724,300740,Personal Loan,218889,38,5251.049999999999,Not_Eligible
26,Male,Single,Post Graduate,190210,Government,25,Medium,Own,14371,6,1,6734,15479,13375,8043,11566,No,28768,533,278072,101263,Education,958846,70,32155.899999999998,Not_Eligible
30,Female,Single,Post Graduate,199492,Private,12,Medium,Family,7369,4,2,5016,20366,14433,27107,9381,No,16836,540,506191,397403,Home Appliances,134939,45,34644.399999999994,Not_Eligible
28,Female,Single,Graduate,30489,Government,6,Small,Rented,3895,1,0,6509,177,12233,26009,13048,No,15623,755,208283,222081,Personal Loan,1189986,8,500.0,Not_Eligible
53,Male,Single,Graduate,74789,Self-employed,7,Large,Own,14453,3,1,12288,15488,6363,17624,11145,No,20872,509,101610,295881,Personal Loan,596182,53,500.0,Not_Eligible
42,Male,Single,High School,84925,Self-employed,13,Small,Family,4797,3,3,2960,10802,14378,8997,10505,No,26489,453,253361,199186,Home Appliances,1462442,55,2098.95,Not_Eligible
50,Female,Married,Graduate,64703,Private,18,Medium,Family,13041,1,3,4943,4513,11533,25617,3624,Yes,1369,458,374807,186175,Vehicle,281257,13,500.0,Not_Eligible
58,Female,Married,Post Graduate,91625,Self-employed,18,Large,Rented,1828,6,1,9444,8745,4201,9355,15414,No,10625,481,854649,234489,E-commerce Shopping,675418,52,11204.55,Not_Eligible
34,Female,Married,High School,122535,Self-employed,22,Large,Family,9727,5,1,8916,11581,7998,19958,7391,No,6308,483,414575,56121,Education,688849,19,17729.6,Not_Eligible
60,Male,Single,Professional,18051,Private,25,Medium,Family,12517,2,2,1306,7774,11279,28671,1909,No,7563,499,94688,271355,Vehicle,277856,48,500.0,Not_Eligible
38,Male,Single,Post Graduate,184162,Government,11,Small,Rented,16943,5,0,759,16625,6331,22279,2674,Yes,530,845,346474,423867,E-commerce Shopping,65996,84,41307.35,Eligible
55,Male,Single,Post Graduate,43805,Private,22,Large,Own,25749,5,1,5238,28575,10271,4988,3324,No,6938,345,77463,263797,Home Appliances,1010109,48,500.0,Not_Eligible
39,Male,Married,High School,109978,Self-employed,26,Large,Own,10070,5,0,14202,9571,11951,11481,2602,No,26519,639,897815,490863,Education,249132,79,8253.699999999999,High_Risk
32,Male,Single,Professional,59557,Private,8,Medium,Rented,26831,6,3,226,9788,1290,25554,154,No,10689,795,208439,460012,Vehicle,1286575,43,500.0,Not_Eligible
38,Female,Single,Post Graduate,148627,Government,13,Large,Rented,9276,5,0,4797,8028,7960,21851,19058,No,1551,822,115168,3362,E-commerce Shopping,243201,53,26637.1,Eligible
47,Male,Married,Graduate,65241,Self-employed,5,Large,Own,20298,2,4,8499,13749,6738,4588,12057,Yes,6657,530,270183,398696,Home Appliances,734667,13,500.0,Not_Eligible
45,Female,Married,Post Graduate,142838,Government,14,Large,Own,29812,4,2,3378,28105,13994,25257,11833,Yes,16788,385,204990,97417,Personal Loan,1421281,53,4784.849999999999,Not_Eligible
40,Female,Single,High School,80994,Government,12,Small,Rented,24814,1,2,11201,13753,4423,29054,10571,Yes,25097,445,45603,354927,Personal Loan,1090730,29,500.0,Not_Eligible
42,Male,Single,High School,129005,Private,6,Small,Rented,8050,5,0,6712,10196,12358,11996,1527,Yes,29625,617,278096,354545,Personal Loan,1238402,51,16989.35,High_Risk
48,Female,Single,High School,31066,Government,10,Medium,Rented,27490,5,2,9709,23779,4499,28187,625,No,617,834,199257,86307,Home Appliances,781886,18,500.0,Not_Eligible
50,Male,Single,Post Graduate,150793,Private,9,Small,Family,26671,1,0,9723,26522,9173,19855,17069,Yes,18448,659,40478,453044,E-commerce Shopping,117819,52,8166.2,High_Risk
49,Female,Married,Professional,92982,Private,0,Large,Rented,9663,1,0,10036,1300,14086,18950,9657,Yes,12491,480,525989,163703,Home Appliances,156993,17,5879.65,Not_Eligible
53,Male,Single,Graduate,21304,Government,6,Small,Family,6900,4,3,5208,27665,8804,13161,16348,Yes,15366,373,286020,484087,Personal Loan,1171481,56,500.0,Not_Eligible
39,Male,Single,High School,57967,Private,17,Large,Own,5587,3,0,7442,7923,6568,15656,12428,No,9928,828,693223,363573,Home Appliances,694439,16,500.0,Not_Eligible
25,Female,Married,Professional,93763,Private,22,Large,Own,21796,4,2,10860,23862,1843,3409,17253,Yes,20145,554,369887,6671,Education,1257865,81,500.0,Not_Eligible
49,Male,Single,Graduate,55462,Government,2,Small,Rented,26621,3,4,4748,19779,1913,12817,3077,No,26110,664,296530,233521,E-commerce Shopping,1185329,84,500.0,Not_Eligible
31,Female,Single,High School,135356,Self-employed,8,Small,Rented,15784,6,1,8988,17454,5439,6959,904,No,9225,563,857211,125721,Education,932474,78,24711.05,Not_Eligible
33,Male,Married,Graduate,86834,Private,28,Small,Own,4612,2,2,12767,21301,6667,6574,13651,No,21263,484,33284,142110,Personal Loan,1350250,28,500.0,Not_Eligible
48,Male,Married,Graduate,126023,Private,4,Small,Own,3683,4,4,7045,6673,8896,18384,2022,Yes,1792,731,996769,22716,E-commerce Shopping,665379,42,27134.8,Eligible
25,Male,Single,Professional,196227,Government,22,Medium,Own,8396,2,2,7624,11976,4990,27736,1242,Yes,28296,787,491794,48041,Education,1082182,20,37088.45,Eligible
32,Female,Married,Graduate,132771,Private,23,Small,Own,7347,1,4,1779,23027,10168,10362,10818,Yes,22540,405,9371,470528,Home Appliances,661504,28,16355.499999999998,Not_Eligible
48,Female,Married,High School,90842,Government,12,Medium,Rented,19984,4,2,13184,26364,12518,18780,2711,Yes,2236,733,203443,449193,Vehicle,1093818,20,500.0,Not_Eligible
35,Male,Single,Professional,17589,Self-employed,15,Large,Family,10329,6,1,7063,4287,11284,22109,1294,No,7599,436,402073,150704,Home Appliances,1011396,3,500.0,Not_Eligible
41,Female,Married,Post Graduate,140023,Self-employed,15,Medium,Own,23027,1,3,585,14384,2200,8853,10977,Yes,22671,587,527913,473306,Personal Loan,579398,18,20064.1,Not_Eligible
32,Male,Single,Post Graduate,183150,Government,11,Large,Own,29803,6,3,1378,6237,8389,15058,12350,Yes,23976,642,569323,486034,Vehicle,289436,23,30085.649999999998,High_Risk
59,Female,Single,Professional,69918,Self-employed,17,Medium,Family,17597,6,1,12549,21410,2648,23492,5937,Yes,10525,651,936331,285391,E-commerce Shopping,551872,74,500.0,Not_Eligible
59,Female,Single,Post Graduate,159673,Government,10,Medium,Rented,23731,5,2,13487,26348,1121,22862,9055,No,18124,304,96789,365823,Vehicle,426891,68,15730.749999999998,Not_Eligible
57,Male,Single,Graduate,22711,Private,16,Large,Family,14072,1,4,14739,3805,5370,13178,1556,No,24903,748,142049,404280,E-commerce Shopping,959897,5,500.0,Not_Eligible
29,Male,Married,High School,74430,Self-employed,6,Medium,Rented,12026,6,0,5707,2214,10151,21262,18686,No,694,797,371988,129381,Education,979563,10,1291.5,Not_Eligible
52,Male,Single,Graduate,117605,Private,14,Large,Rented,3091,5,2,5442,24505,4815,14509,17120,No,15882,522,169441,473735,Education,156400,20,11284.349999999999,Not_Eligible
31,Male,Single,Professional,18970,Private,5,Small,Rented,17766,3,1,12982,24632,5407,9231,14461,Yes,2928,436,307030,264381,Education,20506,27,500.0,Not_Eligible
33,Male,Single,High School,84535,Government,5,Large,Rented,20064,5,3,6929,22533,2352,23918,17162,No,10675,837,364002,5967,Education,1094022,74,500.0,Not_Eligible
32,Female,Single,Professional,101570,Self-employed,17,Medium,Rented,14045,3,3,6420,16621,6222,19804,5525,No,5086,493,319808,165323,Education,679416,20,9746.449999999999,Not_Eligible
36,Female,Married,Professional,136315,Self-employed,18,Small,Own,26255,5,2,12002,732,1687,25155,12907,Yes,13802,636,61790,21512,Vehicle,358179,26,15321.249999999998,High_Risk
58,Male,Married,Professional,182248,Private,19,Medium,Rented,8198,5,4,4031,14925,11521,23277,7525,Yes,8522,305,198045,433007,E-commerce Shopping,880471,71,36487.149999999994,Not_Eligible
57,Male,Married,Graduate,127111,Private,18,Small,Own,26461,2,1,10916,22547,14556,26807,12375,Yes,29743,512,11793,324358,Education,172784,28,500.0,Not_Eligible
47,Male,Single,High School,56730,Government,1,Large,Rented,3498,2,1,7442,20273,14444,19017,4784,No,25350,804,193356,276135,Education,968034,76,500.0,Not_Eligible
48,Female,Married,High School,159457,Self-employed,2,Small,Own,24871,1,4,6360,2824,1855,16318,8035,No,23477,530,787275,58355,E-commerce Shopping,1168219,13,26500.949999999997,Not_Eligible
59,Male,Married,High School,138252,Government,13,Small,Family,14905,6,4,1847,17611,5436,19883,6794,Yes,25856,390,309177,226788,Vehicle,1432224,6,16071.999999999998,Not_Eligible
46,Male,Single,Graduate,152022,Government,21,Small,Family,5506,2,2,10429,28813,1021,27821,4732,No,29782,639,193687,13500,Education,865328,12,15371.3,High_Risk
51,Female,Married,Post Graduate,199081,Government,24,Medium,Own,24839,3,2,1041,22903,8317,7441,521,Yes,1055,838,732007,236566,Vehicle,133122,14,46537.399999999994,Eligible
59,Female,Single,Graduate,169470,Self-employed,3,Small,Rented,2137,2,3,4839,2454,3004,26755,5697,Yes,26941,829,422674,65832,Education,737326,76,34175.049999999996,Eligible
25,Female,Married,Graduate,171349,Government,21,Large,Own,24039,1,3,11677,29487,7712,27033,2847,No,27790,509,336622,375111,Vehicle,1415541,14,14267.4,Not_Eligible
59,Female,Married,Professional,172833,Self-employed,16,Large,Own,15946,4,4,7351,22607,7813,17063,4111,Yes,19409,679,500584,343702,Personal Loan,1495746,7,27486.55,High_Risk
38,Male,Married,High School,78944,Government,27,Large,Rented,24508,3,0,7785,12497,13144,28055,13081,Yes,9307,310,735594,86995,Education,452615,7,500.0,Not_Eligible
27,Female,Married,High School,177605,Private,5,Small,Family,21332,4,0,242,17151,13078,24597,12647,No,4284,815,519543,132847,Education,260642,25,29495.899999999998,Eligible
25,Female,Single,Post Graduate,122437,Government,27,Large,Own,15620,3,0,5545,11575,1969,28909,8422,No,5197,850,716619,81930,Home Appliances,1230925,58,15819.999999999998,Eligible
29,Male,Single,Post Graduate,141794,Government,18,Medium,Family,14823,6,1,2100,8168,4778,21951,8119,No,25420,383,862558,56320,Home Appliances,1194683,48,19752.25,Not_Eligible
50,Male,Married,Professional,87123,Self-employed,8,Large,Family,3865,6,2,9441,2424,8334,9048,6749,No,6583,636,148682,191664,Vehicle,944604,4,14237.65,High_Risk
38,Male,Single,High School,37880,Private,3,Small,Family,5460,6,4,1737,6183,9536,15457,11656,Yes,26657,354,768667,258859,Home Appliances,836021,76,500.0,Not_Eligible
51,Female,Married,Post Graduate,187825,Private,6,Large,Own,21832,1,3,11861,19808,10921,7214,518,No,117,620,988232,62788,Vehicle,933440,3,40443.899999999994,High_Risk
33,Male,Married,Post Graduate,102829,Self-employed,3,Small,Own,4496,2,0,14897,20932,6580,11949,8675,No,14359,392,103811,281741,Education,383056,15,7329.349999999999,Not_Eligible
39,Female,Married,High School,147633,Self-employed,10,Small,Rented,20836,4,3,10110,23974,9077,18999,10304,Yes,7707,407,331944,10758,Education,829482,62,16319.099999999999,Not_Eligible
39,Female,Married,Graduate,68205,Private,21,Large,Rented,6898,4,2,12606,17097,4331,25237,10458,Yes,13066,649,235537,70778,Personal Loan,1039350,38,500.0,Not_Eligible
50,Female,Married,Post Graduate,121948,Self-employed,29,Medium,Own,2546,2,4,2754,16469,5295,13302,3851,Yes,14066,708,788339,102843,Personal Loan,1014479,64,22282.75,Eligible
37,Male,Married,High School,74810,Private,22,Medium,Rented,4929,1,0,1392,17962,7148,26668,13519,Yes,11227,848,639306,159255,Home Appliances,281552,65,500.0,Not_Eligible
56,Female,Single,Post Graduate,128089,Government,1,Large,Family,12722,2,0,8439,22763,7443,3108,6855,No,14037,507,45246,96998,Education,1009402,69,18452.699999999997,Not_Eligible
56,Male,Single,Professional,79482,Government,9,Small,Family,24694,5,4,7735,2016,12799,3745,12056,No,24101,788,336679,9091,Vehicle,226320,18,500.0,Not_Eligible
28,Male,Married,Post Graduate,84192,Private,5,Large,Own,7214,5,3,12464,11678,4307,29092,5004,No,26623,372,455092,349422,Home Appliances,66850,80,500.0,Not_Eligible
54,Male,Single,High School,102154,Private,7,Small,Family,13310,6,2,7643,5701,6866,27539,8957,Yes,14032,390,126018,350362,Personal Loan,1224241,42,6337.099999999999,Not_Eligible
47,Female,Married,Post Graduate,101066,Government,14,Small,Own,2395,5,2,9877,28003,1539,9860,16039,Yes,25813,747,126701,273341,E-commerce Shopping,1324367,50,2639.0,Not_Eligible
39,Female,Single,Professional,174402,Government,12,Small,Own,24055,4,2,10123,20098,6271,29199,3360,Yes,26752,534,306342,274869,Vehicle,1490891,48,19090.399999999998,Not_Eligible
53,Female,Single,Professional,162211,Private,28,Medium,Own,14874,6,3,4016,12931,11485,20732,13218,Yes,7800,523,418140,433623,E-commerce Shopping,923404,7,27004.25,Not_Eligible
60,Male,Single,Post Graduate,143514,Self-employed,30,Medium,Family,27943,4,3,12300,9463,8172,10035,6758,Yes,8403,515,386399,222664,Home Appliances,48566,27,21154.0,Not_Eligible
37,Female,Married,Post Graduate,47977,Self-employed,27,Large,Own,21898,1,0,3432,15002,11252,22695,987,No,20640,465,530946,400832,Home Appliances,1420113,40,500.0,Not_Eligible
56,Female,Single,Professional,19983,Private,21,Medium,Own,1702,3,3,12576,28389,14265,28285,8207,No,27756,733,138207,435937,E-commerce Shopping,567343,56,500.0,Not_Eligible
31,Female,Married,Professional,185981,Self-employed,1,Small,Rented,25105,2,1,4526,26200,12830,14779,14880,Yes,1600,360,763195,399975,Home Appliances,811561,83,30121.35,Not_Eligible
46,Female,Married,Graduate,64029,Government,19,Small,Family,20058,3,4,14911,15588,2488,10786,9762,Yes,13739,369,164881,357214,Home Appliances,294216,75,500.0,Not_Eligible
52,Female,Married,Graduate,167401,Government,0,Large,Own,8494,4,3,13650,18792,1285,26737,13413,No,27711,842,961165,336486,Education,1306467,84,20061.649999999998,Eligible
26,Male,Single,Professional,137668,Self-employed,14,Small,Rented,14537,2,2,7784,15203,6733,20121,4427,No,29704,484,189027,472918,Vehicle,1096651,78,13705.65,Not_Eligible
30,Male,Single,Post Graduate,182806,Private,6,Large,Own,12259,4,3,12176,29421,7482,8532,78,No,8223,426,41601,285634,Personal Loan,1224646,47,36622.25,Not_Eligible
52,Male,Single,High School,57837,Government,23,Large,Family,15892,1,0,12014,22702,2237,13743,18202,Yes,22325,439,167670,258150,Education,560661,41,500.0,Not_Eligible
52,Male,Married,Post Graduate,132512,Government,25,Small,Rented,20635,6,4,2081,6971,1112,18892,9236,Yes,27772,562,641845,353465,Home Appliances,1382662,30,16034.55,Not_Eligible
44,Female,Married,Post Graduate,81786,Government,17,Medium,Rented,28544,2,4,9539,19235,5433,21585,15258,Yes,13593,455,739571,4783,Personal Loan,1478934,55,500.0,Not_Eligible
54,Male,Single,Graduate,19758,Self-employed,9,Small,Own,13,4,2,13862,1397,9281,9367,9803,No,5949,630,711377,151449,Home Appliances,988881,56,500.0,Not_Eligible
35,Female,Married,Graduate,117667,Private,14,Small,Own,23571,5,4,5575,10157,7926,18181,431,No,4716,779,901872,391585,Vehicle,634976,22,16488.5,Eligible
52,Male,Single,Graduate,123119,Self-employed,4,Large,Family,19187,5,1,5344,4156,11998,20825,13336,No,27817,620,278309,75679,Home Appliances,250793,57,7159.599999999999,High_Risk
49,Male,Single,Professional,115157,Private,26,Medium,Family,17272,4,4,4736,19625,10691,3683,14638,Yes,15535,463,508924,193888,E-commerce Shopping,1210478,67,10141.949999999999,Not_Eligible
57,Male,Single,Professional,97673,Private,23,Large,Own,11720,3,2,132,1530,2053,21304,14129,No,901,625,407254,106791,E-commerce Shopping,874886,78,16066.4,High_Risk
25,Female,Single,Post Graduate,112639,Self-employed,10,Small,Rented,9388,6,4,11815,774,2563,29783,15424,Yes,20724,437,936277,170500,E-commerce Shopping,190433,24,7758.799999999999,Not_Eligible
51,Female,Married,Post Graduate,167904,Government,7,Large,Family,4540,1,3,1854,18845,14699,8170,8463,Yes,6005,501,243526,328201,E-commerce Shopping,556024,53,36864.799999999996,Not_Eligible
37,Male,Single,High School,147940,Private,30,Large,Family,8090,1,0,11136,7985,14891,25133,14334,Yes,26879,389,564959,376291,Personal Loan,836346,74,13822.199999999999,Not_Eligible
27,Female,Single,Post Graduate,129869,Self-employed,20,Small,Rented,2169,4,3,6050,8307,9548,29795,15315,Yes,12061,748,600006,382173,E-commerce Shopping,813405,14,16318.4,Eligible
30,Male,Single,Post Graduate,196737,Government,7,Large,Own,11760,1,1,5077,7342,4726,18316,4431,No,21223,745,866257,450120,Home Appliances,1357327,61,43351.7,Eligible
32,Male,Single,Graduate,187934,Private,29,Small,Family,10423,2,1,5340,21631,7689,8715,8949,Yes,7318,781,665953,123565,Education,178960,56,41254.149999999994,Eligible
51,Male,Single,Graduate,34728,Private,5,Large,Rented,10035,1,0,8592,24040,5554,18652,4303,No,26726,657,635656,429599,Home Appliances,1067107,55,500.0,Not_Eligible
33,Female,Single,Graduate,118542,Government,14,Medium,Family,20035,5,0,605,15364,9662,6984,8305,Yes,11224,318,691461,79804,Home Appliances,509073,40,16227.05,Not_Eligible
57,Male,Single,Graduate,108565,Private,14,Small,Rented,28452,4,0,12898,17733,3914,6415,5016,No,29208,329,319387,67156,Home Appliances,848890,14,1725.1499999999999,Not_Eligible
48,Male,Married,Graduate,185929,Self-employed,4,Medium,Family,8017,2,0,13371,19129,3986,9109,1962,No,16024,513,276388,28585,Home Appliances,954764,75,40015.85,Not_Eligible
39,Male,Married,High School,174255,Private,12,Large,Own,10910,1,4,14976,27819,3620,3270,3065,Yes,3344,715,919593,87921,Education,526077,9,37537.85,Eligible
56,Female,Married,High School,165012,Private,13,Medium,Rented,24624,5,3,131,13510,12454,9832,3948,Yes,10859,467,532041,197112,E-commerce Shopping,1256820,70,31378.899999999998,Not_Eligible
56,Male,Married,High School,140019,Government,10,Medium,Family,180,6,1,12680,15590,8169,29465,7671,Yes,20506,655,301641,171289,Vehicle,763216,31,16015.3,High_Risk
48,Female,Single,Graduate,151352,Self-employed,19,Medium,Family,20262,3,4,13100,19231,10333,24639,7106,No,25226,663,379401,466838,Personal Loan,1478169,47,11009.25,High_Risk
36,Male,Married,Professional,117548,Government,20,Large,Rented,25993,1,0,7071,8014,5403,25786,14688,No,12421,635,908111,150920,Education,735828,12,6360.2,High_Risk
26,Female,Married,Graduate,148236,Self-employed,11,Small,Rented,3464,5,2,12868,626,5659,12471,17312,Yes,9806,384,42685,441796,Education,760888,6,30110.499999999996,Not_Eligible
27,Male,Married,Graduate,136289,Government,19,Large,Own,11611,6,2,6157,21969,2038,9474,5422,Yes,21727,403,926432,137270,Education,1305801,26,20261.85,Not_Eligible
41,Male,Single,High School,144068,Private,0,Large,Rented,16913,6,3,6578,5961,7567,6994,13429,No,15727,417,333977,103047,Personal Loan,1497948,84,24814.649999999998,Not_Eligible
26,Female,Married,Graduate,94624,Self-employed,2,Large,Family,22155,5,1,14809,13624,13059,14656,10274,Yes,29399,337,342644,482283,Home Appliances,1446227,28,500.0,Not_Eligible
26,Female,Married,High School,164477,Self-employed,7,Small,Own,21063,5,1,14486,12810,12742,22214,2915,Yes,4810,782,514648,254579,Personal Loan,1260071,58,25702.949999999997,Eligible
52,Male,Single,Graduate,17821,Private,22,Large,Rented,14806,5,3,6613,23975,14407,20951,14199,Yes,18537,780,378021,285751,Education,1060935,74,500.0,Not_Eligible
47,Female,Married,Post Graduate,70090,Government,11,Large,Family,14065,3,0,4506,26215,13897,29613,10283,Yes,8668,435,301199,418742,Home Appliances,1483258,25,500.0,Not_Eligible
56,Male,Single,Professional,168588,Self-employed,14,Small,Rented,24324,4,0,12632,26798,1054,9410,9389,No,3015,375,512561,314098,Education,1330739,11,28688.1,Not_Eligible
57,Male,Married,Professional,156545,Private,22,Small,Family,1286,5,1,803,27521,9113,9018,197,No,27511,594,69237,75501,Vehicle,762385,27,28383.6,Not_Eligible
25,Male,Single,High School,61454,Private,26,Small,Family,2190,4,1,11459,23514,10493,11985,9048,Yes,24228,615,115236,451370,E-commerce Shopping,913120,34,500.0,Not_Eligible
43,Female,Married,Post Graduate,188602,Self-employed,2,Medium,Own,8898,6,1,14879,14259,13700,12222,16179,Yes,23753,796,159674,288586,E-commerce Shopping,592411,9,29649.199999999997,Eligible
26,Male,Married,Professional,119273,Self-employed,24,Small,Own,11409,3,0,5192,10613,8412,3859,845,No,11578,317,954367,466999,Education,774299,61,23577.75,Not_Eligible
50,Female,Married,High School,119472,Self-employed,30,Medium,Rented,24869,6,2,4289,29303,13103,15726,6290,Yes,3081,731,569068,12451,Home Appliances,1442916,61,7983.849999999999,High_Risk
56,Male,Single,Graduate,170870,Private,21,Medium,Own,17945,3,3,13225,24812,8125,28126,18131,Yes,7424,448,975193,286609,Vehicle,380759,64,18578.699999999997,Not_Eligible
30,Female,Married,Graduate,146935,Government,7,Large,Rented,5628,6,3,3633,19441,4467,9147,4965,No,14060,739,835089,282398,Vehicle,144601,19,29957.899999999998,Eligible
56,Female,Single,Post Graduate,31148,Government,23,Medium,Own,29093,2,4,13880,5867,2494,12757,345,No,28211,518,346647,2536,Home Appliances,1343752,37,500.0,Not_Eligible
28,Male,Single,Professional,101545,Self-employed,18,Large,Own,13882,2,4,2676,25543,5133,3677,16539,No,10966,305,194048,239623,Home Appliances,1354959,60,8095.15,Not_Eligible
35,Female,Single,Graduate,69459,Private,19,Medium,Rented,18995,5,2,1215,22320,4703,25834,15947,No,22673,550,946617,350819,Vehicle,876331,31,500.0,Not_Eligible
41,Male,Single,High School,99224,Private,29,Small,Own,22944,4,1,2477,29114,5865,11653,5561,No,16214,360,389552,221170,E-commerce Shopping,1280770,65,1888.6,Not_Eligible
48,Male,Married,Graduate,81189,Self-employed,5,Large,Own,660,6,2,2264,23589,1182,16859,8333,No,16132,778,705137,491666,E-commerce Shopping,25856,58,4259.5,Not_Eligible
29,Male,Married,Graduate,154201,Private,17,Medium,Own,15248,3,4,7790,11023,2236,18710,16487,No,12159,367,820669,357781,Vehicle,1113515,65,24691.8,Not_Eligible
58,Male,Married,Professional,106954,Private,27,Large,Own,19562,1,4,969,22391,13413,12714,17622,Yes,24559,740,372931,190529,Personal Loan,794812,84,500.0,Not_Eligible
30,Male,Single,Professional,38118,Private,27,Small,Rented,3389,2,3,6628,28503,13427,4234,12241,Yes,19813,552,877772,436362,Vehicle,211561,49,500.0,Not_Eligible
46,Female,Married,High School,146515,Self-employed,10,Medium,Family,10298,2,2,600,9211,9812,12328,3531,No,15221,828,257750,397506,Education,1179804,76,29929.899999999998,Eligible
35,Male,Single,Post Graduate,173113,Self-employed,11,Medium,Rented,3063,6,0,4455,2006,10736,15404,16169,Yes,21214,366,394142,313632,Personal Loan,148834,17,35023.1,Not_Eligible
40,Female,Single,Post Graduate,104379,Self-employed,22,Small,Rented,22785,1,4,5941,27469,14774,24819,3875,No,15732,814,201830,278985,Home Appliances,856287,59,500.0,Not_Eligible
57,Female,Single,Graduate,36053,Government,1,Medium,Rented,24511,4,3,9524,9754,5127,15850,17636,No,29161,454,240101,64308,Vehicle,1169916,9,500.0,Not_Eligible
33,Male,Married,High School,111384,Government,26,Medium,Own,2840,4,1,2716,9033,1234,10115,7079,No,23654,812,550555,29100,Vehicle,860179,80,19149.55,Eligible
30,Female,Married,Post Graduate,183276,Self-employed,4,Large,Own,28072,4,2,12708,29306,1072,26566,12914,Yes,21203,634,627630,336066,Personal Loan,171724,20,18002.25,High_Risk
40,Male,Single,Post Graduate,132545,Private,27,Medium,Family,10770,5,4,14916,2203,13759,21632,7109,No,16220,687,850570,30330,Vehicle,1024867,84,16077.599999999999,High_Risk
53,Female,Married,Graduate,188312,Private,3,Small,Own,22693,5,0,781,15064,6767,26898,15037,No,4143,303,431754,237862,Education,979576,8,33925.15,Not_Eligible
27,Female,Married,High School,141675,Self-employed,8,Medium,Family,23576,6,4,12000,25388,2789,11315,11882,Yes,22304,679,933670,425720,E-commerce Shopping,815785,45,11347.349999999999,High_Risk
44,Female,Single,Post Graduate,108749,Private,12,Large,Family,22438,1,0,1434,23167,9819,27403,18146,No,17592,332,139406,421284,Vehicle,1369979,59,500.0,Not_Eligible
60,Male,Single,Professional,154363,Private,12,Medium,Own,26627,6,2,14852,28475,9859,15443,8909,Yes,10342,310,236808,252513,E-commerce Shopping,240757,43,13949.599999999999,Not_Eligible
43,Female,Married,Professional,31285,Government,14,Large,Family,6146,3,0,4338,28337,5023,23888,12100,Yes,1247,808,119359,165937,Home Appliances,799853,78,500.0,Not_Eligible
50,Male,Single,Graduate,76589,Private,1,Medium,Rented,22945,1,0,14965,3197,9785,10375,1428,No,28440,484,567586,400653,Home Appliances,622997,53,500.0,Not_Eligible
27,Female,Single,Graduate,28944,Private,22,Large,Rented,26985,3,3,9208,9901,11858,7561,17024,No,7979,453,329593,45875,Vehicle,1036789,63,500.0,Not_Eligible
43,Female,Married,Graduate,116041,Self-employed,12,Large,Rented,11145,1,2,10411,5666,13004,16041,1822,Yes,28250,811,718408,375161,Home Appliances,676595,21,10395.699999999999,Eligible
44,Female,Married,Graduate,103876,Government,6,Medium,Family,24944,5,4,2702,23790,11531,16475,5804,No,17784,527,542157,267867,Vehicle,1311072,23,500.0,Not_Eligible
56,Female,Single,Post Graduate,110561,Government,22,Small,Family,16922,4,1,12098,9256,12551,16588,19432,No,19414,774,485723,491037,E-commerce Shopping,1215914,82,1505.0,Not_Eligible
31,Male,Married,High School,69391,Private,16,Small,Rented,19311,2,2,11008,12473,3260,6930,19611,No,4206,401,655918,376989,Personal Loan,1061104,37,500.0,Not_Eligible
57,Male,Single,Graduate,16607,Self-employed,7,Medium,Own,18777,1,2,3991,18892,5262,6776,18303,Yes,8513,557,320499,225400,Vehicle,566241,73,500.0,Not_Eligible
42,Female,Single,Graduate,17953,Government,17,Medium,Rented,25306,1,1,8651,1718,8388,22268,15461,No,11903,371,38978,285338,Personal Loan,704099,56,500.0,Not_Eligible
25,Female,Married,Post Graduate,59941,Government,14,Medium,Own,17280,2,4,7532,11524,7545,8099,14451,No,4858,798,666761,428609,E-commerce Shopping,1465218,28,500.0,Not_Eligible
35,Male,Single,Graduate,76683,Private,14,Medium,Own,29739,1,3,7245,15765,7934,23873,8662,No,7153,659,169603,229476,E-commerce Shopping,1401454,43,500.0,Not_Eligible
52,Male,Single,Graduate,124588,Government,4,Medium,Family,23251,4,4,3640,2593,8456,21481,6137,Yes,24259,540,840502,472396,Personal Loan,1106804,84,12169.849999999999,Not_Eligible
49,Male,Single,High School,137080,Self-employed,1,Small,Family,29235,6,1,13801,17856,10160,29377,6341,No,3224,414,333031,402726,Vehicle,990344,14,9480.099999999999,Not_Eligible
47,Male,Married,Professional,26154,Self-employed,15,Large,Own,6345,2,4,531,698,11219,23057,10443,Yes,27564,709,821634,349609,Personal Loan,579170,7,500.0,Not_Eligible
55,Female,Married,Graduate,140542,Government,28,Large,Own,18752,2,2,1977,7568,9370,11335,7563,Yes,10006,726,79003,256795,Vehicle,1011504,28,25889.85,Eligible
54,Female,Married,Post Graduate,155119,Self-employed,4,Small,Own,20943,4,3,13837,22834,7314,11357,9593,Yes,22504,827,827755,408659,Vehicle,64883,7,16357.949999999999,Eligible
59,Male,Single,High School,103529,Self-employed,22,Small,Family,13322,4,0,11469,25520,7117,6138,12870,Yes,25955,846,341154,23358,Personal Loan,334932,40,500.0,Not_Eligible
31,Male,Single,Post Graduate,29323,Private,5,Large,Rented,7747,2,4,14060,24712,3051,8139,12891,Yes,7080,439,975323,492390,E-commerce Shopping,35849,84,500.0,Not_Eligible
40,Male,Married,High School,52693,Government,28,Small,Own,27256,4,0,3764,1225,5431,17958,9912,Yes,24918,607,442010,481334,Education,330046,8,500.0,Not_Eligible
50,Male,Married,High School,104170,Government,30,Medium,Family,18764,6,3,290,13180,9386,27644,14903,Yes,21111,691,277054,258289,Home Appliances,872490,3,500.0,Not_Eligible
26,Male,Married,Graduate,172364,Private,11,Small,Rented,16398,4,0,6077,2702,12727,21885,578,Yes,9632,386,693446,75921,Education,491721,77,35827.75,Not_Eligible
25,Male,Single,Graduate,60111,Private,4,Small,Family,11320,6,4,7868,29292,3940,27600,5004,Yes,8056,438,915036,493217,E-commerce Shopping,10525,82,500.0,Not_Eligible
36,Female,Married,Graduate,54491,Private,19,Small,Rented,25929,4,1,3575,2204,12009,6928,10675,No,22811,678,487858,180920,Home Appliances,973459,41,500.0,Not_Eligible
29,Female,Single,Professional,64336,Private,7,Small,Family,3135,2,2,12946,19710,4628,21741,2600,Yes,29447,342,755035,346479,Personal Loan,609665,51,500.0,Not_Eligible
56,Female,Married,Professional,31905,Self-employed,10,Large,Rented,2277,1,2,4649,2228,8634,3576,14282,Yes,25312,368,776716,464044,Education,128481,84,500.0,Not_Eligible
33,Male,Single,Post Graduate,45273,Self-employed,13,Large,Own,8202,3,0,10667,10648,6463,18029,8934,No,29437,452,9470,1616,Vehicle,758912,39,500.0,Not_Eligible
59,Male,Single,Graduate,140191,Private,23,Large,Family,1656,2,2,6614,4948,10423,15521,4270,No,1180,771,639771,7062,E-commerce Shopping,556138,3,33452.65,Eligible
43,Male,Married,Professional,130936,Government,16,Large,Rented,9439,3,2,512,20186,4698,16204,12096,Yes,17263,589,49747,150558,E-commerce Shopping,1194165,39,17688.3,Not_Eligible
40,Female,Single,Graduate,172306,Government,9,Medium,Rented,14048,4,1,14659,3099,2959,10300,16097,No,6839,794,854519,484744,E-commerce Shopping,1225487,21,36506.75,Eligible
27,Male,Married,Professional,81538,Government,1,Medium,Rented,18044,4,0,1639,28310,2526,17009,13214,No,17806,410,393284,92962,Education,878498,79,500.0,Not_Eligible
44,Male,Single,Professional,119570,Private,2,Large,Own,1763,1,1,8446,13158,11369,28166,2030,Yes,19236,567,753733,300440,Vehicle,1054096,39,12390.699999999999,Not_Eligible
48,Female,Single,High School,178645,Self-employed,12,Large,Family,25117,4,1,4816,12899,8839,4667,5859,Yes,2962,712,100305,113318,Education,561357,58,39720.1,Eligible
57,Male,Married,Graduate,108339,Self-employed,16,Large,Rented,17913,3,3,5849,17922,12264,4298,19491,Yes,12279,776,448892,472989,Vehicle,488831,69,6413.049999999999,High_Risk
48,Female,Single,Graduate,136132,Self-employed,26,Small,Own,15413,2,0,2637,26144,7929,26376,7181,Yes,23914,634,956998,86276,Home Appliances,1289823,37,9288.3,High_Risk
35,Female,Married,Professional,143993,Self-employed,2,Medium,Own,7865,2,1,1965,27846,4519,17134,13215,Yes,25018,686,903853,17051,Personal Loan,156848,75,16250.849999999999,High_Risk
32,Male,Married,Graduate,26330,Government,9,Medium,Own,22222,6,4,50,20548,2695,8831,18612,Yes,3506,635,601619,368244,E-commerce Shopping,386194,28,500.0,Not_Eligible
60,Female,Married,Professional,87553,Government,27,Small,Own,6910,1,2,799,8793,6896,15900,13723,Yes,24183,766,273902,204294,Vehicle,1136094,48,3622.1499999999996,Not_Eligible
44,Male,Single,Graduate,187425,Self-employed,7,Small,Own,25756,3,0,8291,10256,8990,15439,19648,Yes,23892,540,796241,71529,Education,575374,37,26303.55,Not_Eligible
59,Female,Single,High School,162083,Private,3,Small,Own,27264,4,3,9939,21358,7466,5263,12590,Yes,8439,527,38007,95477,Education,458797,24,24417.399999999998,Not_Eligible
49,Male,Single,Graduate,98537,Self-employed,12,Medium,Own,2617,5,1,10703,6978,13311,7754,18118,No,19362,372,528324,25463,E-commerce Shopping,892048,16,6892.9,Not_Eligible
59,Female,Married,High School,75985,Self-employed,28,Small,Family,14740,1,4,6642,12098,1376,6863,4943,No,1497,828,415210,284073,E-commerce Shopping,681264,31,9739.099999999999,High_Risk
49,Male,Married,Post Graduate,32044,Private,6,Small,Family,2754,1,2,236,545,1778,7405,14581,No,26741,396,129719,242473,E-commerce Shopping,315308,60,500.0,Not_Eligible
53,Female,Single,Graduate,184364,Self-employed,6,Small,Own,25504,5,2,471,5932,6275,10400,10647,No,20571,557,935027,101176,Home Appliances,64279,33,36597.399999999994,Not_Eligible
42,Female,Single,Graduate,137304,Government,15,Large,Rented,8101,2,4,13709,6203,4343,25864,9646,No,12245,562,495727,413413,Personal Loan,1466896,19,20017.55,Not_Eligible
42,Female,Married,Graduate,151322,Private,26,Small,Rented,17810,6,0,2204,8375,6992,6527,2126,Yes,26147,522,742508,127826,Vehicle,1465018,25,28399.35,Not_Eligible
26,Male,Single,High School,38289,Private,4,Large,Rented,8067,2,2,14633,17221,4595,8598,8192,Yes,21327,825,75544,223679,E-commerce Shopping,1024391,61,500.0,Not_Eligible
59,Male,Married,Graduate,48087,Self-employed,27,Medium,Own,28235,2,2,7181,18276,3499,9650,5083,Yes,17931,784,652923,102011,Vehicle,999705,38,500.0,Not_Eligible
40,Female,Single,Graduate,90952,Government,16,Medium,Rented,5208,5,2,6259,17772,14187,14538,16248,Yes,18374,559,765538,106712,Education,400409,84,500.0,Not_Eligible
60,Male,Married,Professional,51368,Government,9,Medium,Family,14177,4,1,8330,23549,1586,6018,6609,No,26400,490,259259,326462,Personal Loan,760677,61,500.0,Not_Eligible
57,Female,Single,Post Graduate,135648,Government,3,Large,Family,14928,4,1,14410,26517,8489,12396,7678,Yes,3146,565,266677,234001,Personal Loan,619836,82,16829.399999999998,Not_Eligible
28,Male,Single,High School,85815,Self-employed,22,Small,Family,10425,6,2,11054,14240,10246,10318,10734,Yes,14414,515,249791,297076,Vehicle,1086936,4,1534.3999999999999,Not_Eligible
57,Female,Married,Professional,105693,Self-employed,13,Medium,Family,28485,6,3,1383,17841,3999,25299,10060,No,1746,599,686244,207086,Education,52599,14,5908.0,Not_Eligible
38,Male,Married,High School,73900,Government,4,Small,Own,13182,3,2,11287,11462,7744,18830,11378,Yes,15438,445,334032,437849,Education,1037558,12,500.0,Not_Eligible
45,Female,Married,Professional,30494,Self-employed,1,Large,Family,6222,3,0,4501,19184,9801,13443,13758,No,19144,822,876602,347052,Home Appliances,1129828,4,500.0,Not_Eligible
44,Female,Single,Post Graduate,131486,Government,13,Medium,Rented,14480,2,3,1712,3303,11368,23943,17091,Yes,28876,481,199686,242963,E-commerce Shopping,1411529,18,10749.55,Not_Eligible
32,Female,Married,Professional,191238,Self-employed,23,Small,Rented,24192,5,0,9142,27346,11692,20357,13617,No,6961,791,723795,453633,Education,840558,38,27275.85,Eligible
31,Female,Married,High School,171405,Private,17,Small,Family,18445,6,4,6710,26029,9998,15614,11587,No,4636,428,983154,171839,E-commerce Shopping,1469442,51,27435.1,Not_Eligible
27,Male,Single,Graduate,48050,Private,26,Medium,Family,12289,1,4,3796,11827,3483,23628,19215,Yes,25401,332,34920,441117,E-commerce Shopping,1185796,38,500.0,Not_Eligible
41,Female,Married,Graduate,112799,Self-employed,23,Small,Family,2563,4,1,2373,23670,14918,28876,14269,Yes,29977,690,988775,125589,Vehicle,501031,8,500.0,Not_Eligible
57,Male,Married,Post Graduate,146016,Self-employed,28,Large,Rented,2803,5,1,9549,22857,6795,23392,3661,Yes,16406,382,352466,471803,E-commerce Shopping,1189872,4,21193.55,Not_Eligible
36,Male,Married,High School,103257,Government,10,Medium,Rented,6209,6,1,4424,3286,8909,11226,11575,Yes,22032,324,594820,485993,Vehicle,1170138,30,12458.599999999999,Not_Eligible
46,Female,Single,High School,63070,Private,15,Medium,Family,2293,3,4,13986,7489,3699,8997,4109,Yes,28804,752,328612,440694,Personal Loan,354000,9,500.0,Not_Eligible
46,Male,Single,High School,20166,Government,17,Medium,Rented,18009,6,0,5419,17556,8484,18575,10348,No,24634,732,52290,114977,Education,315842,23,500.0,Not_Eligible
54,Male,Single,Post Graduate,153193,Self-employed,26,Medium,Rented,15789,4,3,1699,15767,10543,11192,12101,No,1679,373,420495,316540,Vehicle,534487,64,29548.05,Not_Eligible
32,Male,Married,Graduate,160749,Government,15,Large,Own,22193,6,1,10328,1711,1108,27269,2090,No,7782,729,180896,98466,Home Appliances,646232,84,30893.8,Eligible
51,Female,Single,Professional,102409,Government,20,Large,Family,571,4,4,4110,5496,9717,5515,11064,No,1629,802,764507,480125,Vehicle,909860,43,22507.449999999997,Eligible
51,Male,Married,Post Graduate,52664,Self-employed,3,Small,Family,7399,5,1,3372,25356,2498,9747,12762,Yes,10132,807,867356,358596,E-commerce Shopping,1273406,45,500.0,Not_Eligible
58,Male,Married,Professional,144926,Private,0,Large,Own,29107,6,2,8825,23871,7097,9213,1098,No,29444,695,525195,98104,Home Appliances,1246885,79,12694.849999999999,High_Risk
45,Female,Married,Graduate,16293,Government,13,Small,Own,18784,6,3,10075,17412,10141,8763,1950,Yes,17909,517,401579,47630,E-commerce Shopping,1254060,10,500.0,Not_Eligible
54,Female,Single,Post Graduate,168515,Self-employed,11,Small,Rented,26287,3,0,14513,22929,2667,9400,3378,No,6585,759,523826,195878,Home Appliances,830519,16,28964.6,Eligible
57,Male,Single,Graduate,64212,Government,23,Medium,Own,15014,5,1,5581,12915,4184,21324,10744,Yes,14617,617,754276,400846,Vehicle,323986,83,500.0,Not_Eligible
52,Female,Married,Professional,90276,Self-employed,9,Small,Family,8574,1,2,10508,2250,8453,10010,19266,Yes,27818,617,132058,394779,E-commerce Shopping,80936,79,1188.9499999999998,Not_Eligible
57,Male,Married,High School,27559,Self-employed,27,Medium,Family,5829,4,2,9320,15396,5947,12212,6223,Yes,14191,741,71713,491531,Vehicle,550369,13,500.0,Not_Eligible
29,Male,Single,High School,80231,Self-employed,18,Small,Family,17467,5,3,13982,20533,9797,27667,13995,Yes,27773,465,228011,299202,Education,1130379,12,500.0,Not_Eligible
43,Male,Single,Professional,123277,Private,28,Large,Rented,18333,5,4,2386,4383,11586,24073,2010,No,12253,751,649056,460041,Home Appliances,1163802,83,16888.55,Eligible
28,Female,Single,High School,185116,Private,3,Medium,Rented,10709,1,4,8583,7451,10816,9515,493,No,15290,444,644894,443235,Personal Loan,584557,31,42790.649999999994,Not_Eligible
59,Male,Married,Professional,36747,Self-employed,19,Small,Family,21914,5,1,14476,20053,5917,10036,18235,No,19541,821,73581,329478,Personal Loan,1008488,57,500.0,Not_Eligible
41,Female,Single,Post Graduate,176201,Private,20,Large,Family,21586,4,1,168,9260,8428,23275,5378,No,5817,766,46435,218794,Vehicle,1437658,4,35801.149999999994,Eligible
52,Female,Single,Post Graduate,15037,Government,2,Large,Rented,12361,2,4,11280,24859,7861,5146,14961,No,17004,588,819760,375120,Home Appliances,746343,3,500.0,Not_Eligible
54,Male,Single,Post Graduate,119294,Private,24,Medium,Rented,21814,2,0,10244,25408,5402,23477,4943,No,19969,336,496850,317715,Home Appliances,1134143,49,2812.95,Not_Eligible
53,Female,Married,High School,112847,Private,3,Medium,Own,19881,3,0,3965,4677,14197,12780,10350,Yes,4651,711,748339,176942,Vehicle,1336239,20,14821.099999999999,Eligible
30,Female,Single,Graduate,118742,Government,29,Medium,Rented,21880,1,2,3208,22474,2057,29452,14133,No,715,685,135353,115440,Personal Loan,279186,37,8688.05,High_Risk
59,Female,Married,High School,63503,Government,25,Small,Rented,27890,3,3,12906,3488,7312,6663,10486,Yes,8297,721,71003,21997,Education,466620,75,500.0,Not_Eligible
48,Female,Married,High School,43207,Government,14,Medium,Family,21314,2,0,9377,28943,2368,8081,13791,Yes,14554,337,380560,330996,Personal Loan,41320,64,500.0,Not_Eligible
53,Female,Married,Graduate,48241,Self-employed,10,Large,Family,27251,1,1,8172,3212,9102,19230,13335,Yes,27545,832,940639,240667,E-commerce Shopping,422268,27,500.0,Not_Eligible
55,Male,Single,Graduate,146130,Government,15,Large,Family,19778,5,0,13056,916,6738,27058,5791,No,24172,460,218678,60619,Personal Loan,1311779,79,17017.35,Not_Eligible
59,Female,Single,Graduate,111171,Government,26,Medium,Own,25779,5,3,2727,25146,10863,16256,13663,Yes,6699,517,511992,162577,E-commerce Shopping,175682,31,3513.2999999999997,Not_Eligible
57,Male,Single,Graduate,160906,Government,3,Medium,Rented,17157,4,1,14798,27375,5633,14606,11094,No,17112,543,926768,129336,E-commerce Shopping,500515,82,18595.85,Not_Eligible
45,Male,Married,High School,132302,Self-employed,5,Large,Own,11248,6,3,3509,18478,4738,3961,2400,No,12592,342,61588,2412,Education,1138312,21,26381.6,Not_Eligible
56,Male,Single,Professional,173262,Private,30,Small,Rented,7793,2,4,7549,11430,10119,25466,3398,No,10330,417,162369,37810,Education,222815,74,34011.95,Not_Eligible
47,Male,Married,Post Graduate,87832,Self-employed,7,Large,Rented,26889,5,3,4477,6269,4625,7341,12657,Yes,2543,623,78665,224292,Personal Loan,1183191,78,8060.849999999999,High_Risk
57,Male,Single,Professional,36383,Private,12,Large,Family,2597,1,3,12769,12759,6200,14040,3968,Yes,3152,497,227961,234443,Vehicle,831417,68,500.0,Not_Eligible
27,Male,Single,High School,139291,Government,22,Large,Rented,25979,6,3,11618,21290,3736,14735,15453,No,17080,781,204865,423303,Personal Loan,579977,71,10290.0,Eligible
42,Female,Single,Graduate,170732,Self-employed,19,Medium,Own,28748,6,1,13556,6042,9896,7374,10849,No,20613,550,601698,20221,Education,79583,80,25778.899999999998,Not_Eligible
49,Female,Single,Post Graduate,17674,Self-employed,3,Small,Family,15973,5,3,4720,8812,9474,12044,2677,Yes,8598,767,63725,172903,E-commerce Shopping,279222,82,500.0,Not_Eligible
55,Female,Married,Post Graduate,129100,Private,4,Small,Own,24365,3,3,1713,29348,13021,22965,18789,No,23549,424,796873,154216,E-commerce Shopping,777909,12,500.0,Not_Eligible
27,Male,Married,Professional,124369,Self-employed,9,Medium,Own,13360,3,2,6619,14705,4683,15718,10300,No,9771,848,472197,461819,Vehicle,581071,74,17224.55,Eligible
48,Female,Married,High School,37820,Self-employed,4,Large,Family,19445,3,1,2512,25346,1970,8380,17659,Yes,11760,802,590888,154866,Personal Loan,1415955,27,500.0,Not_Eligible
56,Female,Married,High School,171738,Private,11,Medium,Rented,19709,6,3,11453,6731,13264,19204,13047,No,5185,403,127308,145362,Vehicle,1233906,29,29100.749999999996,Not_Eligible
46,Female,Single,High School,58794,Self-employed,0,Medium,Own,1403,3,0,4589,21177,1488,19103,13063,No,2348,533,624341,222149,Vehicle,1309134,63,500.0,Not_Eligible
47,Male,Married,Post Graduate,148148,Self-employed,28,Small,Rented,3320,3,3,13834,11539,12298,16566,7315,No,13842,372,922530,124662,Personal Loan,909306,12,24301.899999999998,Not_Eligible
26,Female,Married,Professional,143544,Government,23,Small,Family,7239,6,0,6678,26190,8461,5312,9261,No,19698,333,36025,395227,Home Appliances,906489,38,21246.75,Not_Eligible
51,Male,Married,Post Graduate,198414,Government,9,Medium,Rented,14782,4,4,2678,16448,12045,26042,1141,No,11511,662,368066,47147,Personal Loan,684692,41,39818.45,High_Risk
26,Female,Single,Post Graduate,52555,Government,28,Medium,Rented,6649,3,4,281,3698,11281,5492,1566,No,515,461,15595,317504,Vehicle,786385,9,8075.549999999999,Not_Eligible
50,Male,Married,Graduate,47406,Government,4,Small,Family,14020,4,1,4926,201,9361,5270,7380,No,18528,559,694114,273585,Home Appliances,465985,17,500.0,Not_Eligible
41,Male,Married,Professional,55262,Government,18,Small,Rented,7420,4,1,429,4237,13208,9701,6297,Yes,3425,775,22997,488594,Vehicle,247698,15,3690.7499999999995,Not_Eligible
57,Male,Single,Graduate,106320,Self-employed,18,Large,Own,23523,5,4,10820,16334,8150,10607,9107,Yes,23647,636,590166,156208,Vehicle,889638,35,1446.1999999999998,Not_Eligible
33,Female,Single,High School,169288,Self-employed,19,Medium,Own,869,6,1,13145,19553,10784,11460,4536,No,25528,788,997410,173122,Vehicle,327834,68,29194.55,Eligible
53,Female,Married,Post Graduate,45284,Government,11,Large,Own,6442,1,0,12540,2864,14155,26592,3856,Yes,1745,496,106050,50147,E-commerce Shopping,145973,13,500.0,Not_Eligible
50,Male,Married,Professional,166243,Private,22,Large,Rented,9275,3,0,4658,6360,9757,25568,2904,No,28907,529,79423,382298,Personal Loan,1064626,23,27584.899999999998,Not_Eligible
59,Female,Single,High School,105627,Government,15,Large,Own,973,1,2,5162,15326,10609,14594,5988,No,2184,399,806785,382021,Education,320208,80,17776.85,Not_Eligible
49,Male,Married,Professional,160405,Self-employed,4,Small,Rented,25801,2,1,8105,15945,8355,23461,5656,Yes,3428,362,217858,462237,E-commerce Shopping,831509,25,24378.899999999998,Not_Eligible
48,Male,Single,Post Graduate,176607,Private,16,Large,Rented,9994,4,1,3212,5412,12559,8294,9993,Yes,1071,633,526717,221092,Personal Loan,767061,46,44125.2,High_Risk
37,Female,Married,Professional,104023,Government,13,Small,Rented,15394,2,2,13822,24059,9576,19816,1660,No,1187,583,869583,470874,E-commerce Shopping,911081,67,6478.15,Not_Eligible
31,Female,Married,High School,179772,Private,11,Small,Rented,14078,4,3,4632,9349,11837,27000,7852,Yes,16883,437,404828,263621,Personal Loan,240434,72,30849.35,Not_Eligible
60,Female,Married,Graduate,56516,Government,12,Small,Family,27540,3,0,11137,18693,4135,20186,13712,Yes,10434,837,608809,240236,Home Appliances,1144988,38,500.0,Not_Eligible
44,Male,Married,Post Graduate,30577,Self-employed,20,Medium,Own,17572,2,3,10509,6427,5176,9134,6093,Yes,12561,718,843960,453480,Education,679208,64,500.0,Not_Eligible
25,Male,Married,Graduate,30015,Government,13,Large,Own,5147,6,2,12176,101,7923,16218,18002,No,2549,589,809571,401616,Home Appliances,490981,84,500.0,Not_Eligible
32,Female,Single,Post Graduate,106104,Private,4,Small,Rented,3443,5,1,11624,376,4256,25850,16977,No,26072,726,820831,397102,Home Appliances,148832,44,6127.099999999999,High_Risk
40,Male,Single,High School,129412,Self-employed,21,Medium,Family,12126,2,3,2663,8397,8512,24379,2070,Yes,6081,727,833048,287709,Personal Loan,1193693,71,22814.399999999998,Eligible
38,Female,Married,Post Graduate,106740,Government,29,Medium,Rented,28985,4,1,9127,11916,14849,4303,647,No,7147,342,779521,175310,Vehicle,545874,54,10418.099999999999,Not_Eligible
36,Male,Married,Graduate,167308,Government,22,Medium,Own,5684,6,2,10534,15372,9429,8213,1329,No,14656,607,399488,184700,Vehicle,545107,3,35731.85,High_Risk
47,Female,Married,Post Graduate,81640,Government,4,Small,Own,13595,4,4,1688,29432,8463,10007,17807,Yes,16343,446,965883,7250,Vehicle,649842,32,500.0,Not_Eligible
39,Female,Single,High School,98190,Government,30,Small,Family,1321,1,1,5594,29818,12632,14120,14936,No,29591,680,454279,45341,Vehicle,1363646,3,500.0,Not_Eligible
52,Male,Single,Post Graduate,144516,Self-employed,28,Small,Rented,14810,2,3,5935,10249,7442,17675,7025,Yes,14516,415,904397,310119,Education,1443398,50,23402.399999999998,Not_Eligible
58,Female,Single,Graduate,191776,Self-employed,26,Medium,Family,18407,5,3,9074,3663,5832,17755,1234,Yes,5745,764,271149,73160,Home Appliances,450027,16,45523.1,Eligible
26,Female,Single,High School,188441,Government,29,Small,Rented,6740,3,2,10711,13478,14127,28318,17840,Yes,27049,506,787802,329338,E-commerce Shopping,307473,33,24562.3,Not_Eligible
56,Male,Single,Graduate,149718,Self-employed,17,Large,Family,5468,1,3,816,26210,11124,18067,5479,No,17204,352,87944,356769,Education,903996,64,22872.5,Not_Eligible
47,Female,Single,Post Graduate,102007,Private,13,Small,Own,29307,2,0,11424,22678,12353,28258,2830,No,9191,397,183853,9453,Personal Loan,490943,33,500.0,Not_Eligible
46,Male,Single,Professional,171978,Self-employed,17,Small,Family,13518,1,1,3866,1060,14751,6058,9264,No,8765,327,875937,24921,Education,1043277,9,40143.6,Not_Eligible
49,Female,Single,Graduate,62728,Private,28,Large,Own,12704,2,0,6188,27399,3576,4849,7754,No,28605,512,995404,69997,Education,502453,22,500.0,Not_Eligible
46,Male,Married,Post Graduate,29878,Private,19,Small,Own,438,3,2,11038,21977,13375,16702,6879,No,28611,547,703051,348516,Personal Loan,251198,33,500.0,Not_Eligible
46,Female,Single,Professional,143925,Self-employed,0,Small,Rented,164,3,0,13167,21947,3071,27200,7173,Yes,21629,789,380064,405564,E-commerce Shopping,352531,11,17350.899999999998,Eligible
30,Female,Single,Professional,24145,Government,6,Small,Family,5678,5,0,677,15701,9523,4301,17462,Yes,1698,835,158452,158079,Home Appliances,291275,13,500.0,Not_Eligible
39,Female,Single,High School,103578,Self-employed,28,Small,Family,24219,1,1,10446,5124,4129,29371,13138,No,19426,631,769400,23714,Education,634366,8,500.0,Not_Eligible
57,Female,Single,Professional,33226,Private,16,Medium,Family,3337,5,1,13419,9081,11703,28471,14287,No,3256,335,625601,181993,Personal Loan,1247988,45,500.0,Not_Eligible
32,Male,Married,Graduate,17802,Private,2,Small,Family,3350,2,4,13815,29921,12241,28056,4618,No,24380,496,428957,102977,Personal Loan,875067,61,500.0,Not_Eligible
29,Male,Single,Graduate,39119,Self-employed,9,Large,Rented,17371,3,0,11175,17946,5284,7037,5495,Yes,2187,709,428343,342028,E-commerce Shopping,1353451,20,500.0,Not_Eligible
28,Male,Married,Professional,78560,Private,6,Large,Rented,2529,3,1,2489,19579,4535,16762,13385,No,1778,483,5268,469563,Education,671297,31,6126.049999999999,Not_Eligible
30,Male,Married,Post Graduate,72353,Self-employed,26,Medium,Rented,20996,4,0,7232,12690,7365,19674,4914,No,48,366,721758,216170,Personal Loan,294868,3,500.0,Not_Eligible
56,Male,Married,Graduate,138001,Self-employed,27,Small,Own,28753,4,0,10506,810,1352,9944,16471,No,1494,332,220648,188778,E-commerce Shopping,527408,46,24034.85,Not_Eligible
54,Male,Single,Graduate,86641,Government,11,Large,Own,12406,5,2,2446,9250,4122,13886,17472,No,14832,466,121120,132360,E-commerce Shopping,1461233,35,4279.45,Not_Eligible
59,Male,Single,High School,66712,Private,21,Medium,Own,20229,1,2,1888,25836,6207,13166,13584,Yes,9365,639,987537,79764,Personal Loan,1225711,69,500.0,Not_Eligible
40,Female,Single,Post Graduate,198261,Self-employed,30,Small,Rented,5756,2,0,1720,27122,3031,27765,17037,No,13913,823,815257,207979,Personal Loan,413290,40,35670.95,Eligible
37,Female,Married,Professional,145085,Private,14,Medium,Own,8105,5,2,10095,25087,10051,24698,19493,No,6467,544,324542,471872,Education,1082706,43,14381.15,Not_Eligible
54,Female,Married,Post Graduate,83285,Self-employed,22,Small,Family,17710,3,1,223,10038,3926,25079,17781,No,25926,785,879394,379347,Education,389883,18,500.0,Not_Eligible
43,Female,Married,High School,130278,Self-employed,20,Medium,Own,27862,3,0,12952,4412,13454,11568,2427,Yes,17302,342,339391,232112,Home Appliances,372025,40,14105.349999999999,Not_Eligible
41,Male,Married,High School,189021,Government,15,Medium,Rented,24603,3,2,934,4398,6825,26210,2084,No,350,824,557496,355140,Personal Loan,194050,65,43265.95,Eligible
43,Male,Single,Post Graduate,180201,Self-employed,7,Large,Rented,10216,2,1,9504,9317,5044,3258,8930,Yes,1926,756,113953,442635,Vehicle,469819,11,46202.1,Eligible
52,Male,Single,High School,39512,Government,5,Large,Rented,23308,5,0,1308,28236,13388,20210,2999,No,1917,415,784632,432362,Vehicle,915155,29,500.0,Not_Eligible
50,Female,Single,High School,117077,Private,27,Medium,Rented,4593,2,0,13497,21815,8881,5419,2466,No,28949,405,66929,78740,Home Appliances,644915,33,11009.949999999999,Not_Eligible
50,Male,Married,High School,17064,Government,3,Small,Family,23046,6,2,8417,20561,8591,29406,17264,No,21650,644,965257,38716,Personal Loan,337080,17,500.0,Not_Eligible
47,Female,Married,Post Graduate,110614,Government,29,Small,Own,193,3,1,199,657,5620,18322,10547,No,29236,688,774353,465110,E-commerce Shopping,880071,31,16043.999999999998,High_Risk
33,Male,Single,High School,197639,Private,10,Small,Own,25167,4,0,12791,22720,2170,26359,13812,No,25885,834,684867,283079,Vehicle,545042,11,24057.25,Eligible
36,Male,Single,Professional,132639,Government,16,Small,Rented,18873,5,0,4106,52,13775,14208,6595,Yes,12441,540,814043,84569,Education,360775,46,21906.149999999998,Not_Eligible
25,Male,Married,Professional,45011,Government,1,Small,Own,26433,4,4,11076,21494,6640,10932,5036,No,6010,395,86026,182610,Vehicle,685622,83,500.0,Not_Eligible
25,Male,Single,Graduate,86152,Self-employed,27,Large,Family,29731,5,0,5074,12632,11320,25587,8631,Yes,12712,609,778065,260920,Personal Loan,1015223,62,500.0,Not_Eligible
58,Female,Single,Professional,25960,Government,5,Medium,Rented,6401,3,4,10516,17492,11819,21536,18430,No,20343,424,570211,213710,Vehicle,1375286,80,500.0,Not_Eligible
56,Female,Married,Graduate,136789,Self-employed,3,Large,Own,24688,4,4,3993,986,5917,29025,2194,No,5269,533,324954,279716,Home Appliances,627370,41,22650.949999999997,Not_Eligible
49,Male,Married,Post Graduate,73920,Government,2,Small,Own,25893,4,1,7072,22410,6245,14116,15965,No,22076,505,461570,5160,Education,190843,53,500.0,Not_Eligible
25,Female,Married,High School,36387,Private,6,Medium,Own,1737,5,3,3933,24431,12825,6332,6513,No,23624,532,392536,398548,Home Appliances,1322834,42,500.0,Not_Eligible
40,Male,Single,Professional,161396,Private,6,Small,Own,18445,6,4,6933,21120,10797,8886,893,No,10541,419,394227,247922,E-commerce Shopping,1438061,65,29323.35,Not_Eligible
29,Male,Married,Graduate,78960,Government,15,Small,Rented,9882,6,1,1597,8402,8306,22501,7400,No,21561,776,914876,71116,E-commerce Shopping,429136,8,500.0,Not_Eligible
46,Male,Single,Post Graduate,137994,Self-employed,1,Medium,Rented,15246,4,2,4,21343,12125,7739,17043,Yes,24287,321,721203,150662,E-commerce Shopping,759513,40,14072.449999999999,Not_Eligible
53,Male,Single,Graduate,47628,Government,7,Small,Family,28244,4,4,14856,775,6801,6597,123,No,15924,511,728326,181592,E-commerce Shopping,537874,34,500.0,Not_Eligible
27,Female,Married,High School,136269,Self-employed,14,Large,Rented,6283,3,3,8471,9106,7745,8596,16631,No,11153,774,196254,415776,Personal Loan,1223822,8,23899.399999999998,Eligible
36,Male,Single,Professional,62452,Government,30,Large,Own,25970,5,2,7590,12470,9263,5314,1405,Yes,21150,795,690595,180738,Personal Loan,1421813,56,500.0,Not_Eligible
50,Male,Married,Post Graduate,56098,Private,26,Large,Own,11360,5,4,3019,23823,3292,4557,7103,No,23839,487,624866,409126,Personal Loan,304018,53,500.0,Not_Eligible
40,Female,Married,Graduate,185307,Private,15,Small,Own,23224,1,4,5357,505,5674,18876,17513,No,4104,482,680999,208223,Home Appliances,1043203,36,38518.899999999994,Not_Eligible
46,Male,Single,Post Graduate,101861,Self-employed,0,Large,Family,19943,5,3,2364,3298,10425,4716,11121,No,1501,717,44141,232168,Home Appliances,1382001,78,16972.55,Eligible
53,Female,Single,Graduate,42949,Government,26,Small,Rented,21845,3,0,126,26433,1193,12364,2527,Yes,22052,839,667731,381859,Vehicle,823043,11,500.0,Not_Eligible
38,Male,Married,Graduate,168893,Self-employed,9,Small,Rented,15859,4,3,12591,20572,13825,11014,16337,Yes,2823,832,232859,414708,Education,336035,7,26555.199999999997,Eligible
52,Male,Married,High School,168104,Private,6,Large,Rented,7599,1,1,10988,20809,13619,21711,16852,No,13719,373,621837,139943,Home Appliances,560282,83,21982.449999999997,Not_Eligible
29,Male,Married,High School,88537,Self-employed,15,Large,Own,10428,4,1,4826,10429,12774,17361,6509,No,67,335,23178,4595,Vehicle,68194,63,9150.05,Not_Eligible
54,Male,Married,Graduate,161375,Government,9,Small,Own,14417,5,3,3249,15957,13580,24785,6901,No,25907,709,180106,91633,E-commerce Shopping,476583,8,19802.649999999998,Eligible
29,Male,Married,Professional,131003,Self-employed,11,Small,Own,3883,2,3,3901,11105,9921,12699,11018,No,12589,830,264862,136470,E-commerce Shopping,1237973,52,23060.449999999997,Eligible
36,Male,Married,Post Graduate,158375,Government,16,Small,Family,19635,4,3,12777,19385,9227,29540,5021,Yes,10512,314,855248,232897,Home Appliances,1238864,34,18297.3,Not_Eligible
40,Female,Single,Post Graduate,65701,Government,12,Small,Family,5053,6,3,12724,16148,14839,24277,18302,No,23060,408,246696,306911,Personal Loan,762760,21,500.0,Not_Eligible
50,Male,Single,High School,65511,Private,11,Large,Own,15233,5,3,13972,16644,6197,14327,8530,Yes,27183,423,982827,401709,Vehicle,1378402,60,500.0,Not_Eligible
50,Female,Single,Professional,95664,Government,14,Small,Family,12124,6,4,5157,25285,8188,17446,3697,Yes,24328,604,202439,323077,Education,687235,50,500.0,Not_Eligible
45,Female,Single,Graduate,164352,Government,13,Small,Family,19398,3,2,11893,1951,14958,27392,14429,Yes,17147,317,978195,314182,Vehicle,933257,19,20014.399999999998,Not_Eligible
60,Male,Married,High School,54427,Government,18,Small,Family,28062,6,1,8674,2370,9436,18447,3833,Yes,5572,383,167493,455479,Personal Loan,1160281,62,500.0,Not_Eligible
57,Female,Single,Graduate,112180,Self-employed,18,Small,Rented,1128,5,1,3039,6153,4466,10803,4450,Yes,29188,487,414881,214292,Personal Loan,366331,12,18533.55,Not_Eligible
54,Male,Single,Graduate,118550,Private,25,Small,Family,14716,1,2,4410,15300,12959,15709,10244,No,8669,463,896684,117344,Home Appliances,281519,81,12790.05,Not_Eligible
47,Female,Married,High School,153039,Self-employed,13,Medium,Own,6865,6,3,9699,8279,6212,14921,16629,No,20997,667,458807,128079,Personal Loan,179661,52,24302.949999999997,High_Risk
34,Male,Single,Professional,152733,Self-employed,17,Medium,Rented,22856,2,2,11360,22867,9120,28480,15097,No,27365,693,156113,460226,Personal Loan,1201862,40,5455.799999999999,High_Risk
29,Female,Married,Post Graduate,92952,Private,29,Medium,Family,23800,2,3,9130,11581,6945,7821,7036,No,13255,319,319923,242457,Education,390516,42,4684.4,Not_Eligible
60,Female,Married,High School,81046,Self-employed,25,Large,Own,14407,2,1,16,22052,6495,8559,8635,Yes,5039,412,717842,55550,Personal Loan,590653,5,5545.049999999999,Not_Eligible
58,Male,Married,Professional,121918,Self-employed,28,Small,Family,18080,6,0,8004,27870,7319,22583,8478,No,12333,616,830298,55118,E-commerce Shopping,529607,81,6037.849999999999,High_Risk
55,Female,Married,Graduate,50200,Government,4,Large,Own,8324,3,1,7083,2734,13477,5341,11800,No,13920,656,222540,339157,Personal Loan,1317005,33,500.0,Not_Eligible
34,Male,Married,High School,82442,Self-employed,19,Small,Own,7407,2,1,5075,2256,2781,16460,16229,No,17407,449,274591,444522,E-commerce Shopping,1197216,18,5189.45,Not_Eligible
43,Male,Single,Post Graduate,106070,Private,28,Medium,Family,7245,4,0,12734,17456,12046,22782,6839,Yes,14959,712,424042,183396,Education,1211690,30,4203.15,Not_Eligible
56,Male,Single,Post Graduate,73168,Self-employed,5,Small,Family,4665,3,2,12566,28183,10407,8259,9040,No,22222,357,617955,21104,Home Appliances,815757,47,500.0,Not_Eligible
25,Male,Single,Graduate,63322,Government,17,Large,Rented,4220,5,4,3942,20305,1615,22235,334,No,10084,353,769253,435567,E-commerce Shopping,153669,39,500.0,Not_Eligible
29,Male,Married,High School,183768,Self-employed,13,Large,Family,29706,1,3,12739,2969,5163,4145,17270,No,21960,839,46490,124607,Home Appliances,804140,45,31435.6,Eligible
28,Female,Single,Post Graduate,85246,Private,3,Small,Own,11731,3,3,10905,15977,6274,14786,17258,Yes,29118,660,358989,413651,Home Appliances,1408192,75,500.0,Not_Eligible
40,Female,Single,High School,184964,Government,27,Large,Rented,23958,1,1,12893,22326,9645,19767,2566,Yes,4738,722,637119,207540,E-commerce Shopping,1207080,75,31174.85,Eligible
48,Female,Single,Post Graduate,30583,Self-employed,22,Medium,Own,11180,3,0,13998,10502,12496,13178,11878,No,6814,356,528568,123441,Vehicle,85759,78,500.0,Not_Eligible
40,Male,Single,Graduate,97720,Private,0,Small,Own,22554,5,1,12077,16362,2531,13522,1330,No,18810,363,254462,285724,Personal Loan,349043,30,3686.8999999999996,Not_Eligible
26,Female,Married,Graduate,170925,Private,12,Medium,Family,12494,1,1,6172,3277,5561,14003,10392,No,6758,585,758772,164196,Education,1478822,73,39293.799999999996,Not_Eligible
52,Female,Single,High School,152181,Self-employed,10,Medium,Own,11485,3,2,3617,28328,7571,16758,1773,Yes,21126,641,357230,162194,Home Appliances,1450025,62,21533.05,High_Risk
56,Female,Married,Professional,74757,Self-employed,2,Large,Family,311,1,3,9225,11760,2775,28542,3753,No,28687,808,628314,472679,Vehicle,594239,66,500.0,Not_Eligible
51,Female,Married,Professional,21659,Government,16,Small,Own,27005,2,4,10003,3969,8136,11810,4506,Yes,1531,733,972154,480350,Home Appliances,552371,62,500.0,Not_Eligible
44,Female,Single,Graduate,16238,Self-employed,17,Medium,Rented,26361,2,0,10199,10909,11681,20403,1444,No,21083,737,965568,452153,Vehicle,530581,38,500.0,Not_Eligible
48,Male,Married,Post Graduate,136270,Government,24,Medium,Family,5434,6,4,12388,7920,10341,27384,14646,Yes,17785,834,227302,171149,Education,1160025,49,14130.199999999999,Eligible
36,Male,Married,Professional,134211,Self-employed,9,Small,Rented,15567,2,0,14988,1488,4706,29529,6630,No,5858,829,476673,498666,Vehicle,992438,40,19405.75,Eligible
59,Female,Married,Graduate,30064,Private,15,Large,Family,15980,4,3,6230,26234,6155,7044,567,Yes,17038,380,899443,241788,Education,485226,67,500.0,Not_Eligible
57,Male,Married,Post Graduate,177187,Private,20,Medium,Rented,28967,2,2,8661,10259,8405,19589,4764,Yes,8966,680,68422,245646,Personal Loan,26577,36,30651.6,High_Risk
57,Male,Married,Post Graduate,178024,Private,12,Small,Family,16785,2,4,1324,10807,14553,14984,5807,Yes,14690,715,543877,435262,Vehicle,1343641,24,34675.899999999994,Eligible
36,Female,Married,Professional,151692,Private,19,Small,Rented,21938,5,0,14975,11209,13420,28214,45,No,28271,433,782040,292211,Home Appliances,447743,53,11767.0,Not_Eligible
27,Female,Married,Graduate,114790,Government,11,Medium,Rented,17980,1,1,3277,24343,14179,6617,11044,Yes,6622,522,293912,161995,Personal Loan,696088,74,10754.8,Not_Eligible
25,Male,Single,Post Graduate,117985,Private,3,Medium,Family,121,1,3,1624,9323,6346,19447,19190,No,6053,414,971513,92479,Home Appliances,1314396,47,19558.35,Not_Eligible
57,Female,Single,Post Graduate,59258,Government,7,Medium,Family,750,2,2,7249,2187,14714,23216,9730,No,5511,625,712342,71818,Home Appliances,484355,73,500.0,Not_Eligible
34,Male,Married,High School,150542,Government,11,Large,Own,16489,1,1,9427,21594,13683,22560,19167,Yes,20207,495,526157,173230,Personal Loan,348503,4,9595.25,Not_Eligible
53,Male,Married,High School,168075,Government,18,Large,Own,6934,3,2,118,16654,11329,10607,17144,Yes,11447,548,450885,16136,Personal Loan,880170,60,32844.7,Not_Eligible
37,Female,Single,Professional,173643,Self-employed,14,Small,Family,9251,6,0,10075,23761,1082,15120,13526,Yes,12261,525,102951,198123,Education,116541,14,30998.449999999997,Not_Eligible
36,Male,Single,High School,39668,Government,27,Small,Family,12359,2,1,7303,16047,10715,6805,6220,No,7631,582,330799,424544,Vehicle,735822,29,500.0,Not_Eligible
55,Male,Single,Graduate,92259,Self-employed,15,Medium,Rented,12855,6,2,7940,9788,7794,16999,6128,No,8801,749,699410,152757,Education,551908,40,7683.9,High_Risk
26,Male,Single,Professional,127192,Government,11,Small,Rented,19622,2,3,10196,11718,12572,7323,17896,Yes,16768,353,212225,232053,E-commerce Shopping,173112,77,10883.949999999999,Not_Eligible
59,Female,Married,Professional,111576,Self-employed,19,Large,Own,17628,4,4,8979,12571,11771,24181,5350,No,25293,786,54420,376730,E-commerce Shopping,610481,22,2031.05,Not_Eligible
47,Female,Married,High School,120481,Self-employed,17,Small,Own,24651,6,4,6520,16749,5936,7023,14385,Yes,14866,449,603352,150241,Education,1046445,45,10622.849999999999,Not_Eligible
41,Female,Single,Post Graduate,126505,Private,21,Small,Own,23249,3,1,2475,10723,2107,19778,660,Yes,19542,355,49784,16880,Education,1471931,34,16789.85,Not_Eligible
50,Female,Single,Graduate,178118,Government,11,Medium,Rented,9201,2,3,2767,24578,3074,28812,6250,No,14083,509,216409,154752,Vehicle,1229023,25,31273.55,Not_Eligible
32,Male,Single,Graduate,20397,Self-employed,15,Medium,Rented,3282,2,3,14649,19435,8737,13972,17081,Yes,191,615,829475,22025,Personal Loan,1240080,43,500.0,Not_Eligible
53,Female,Single,Graduate,114925,Private,24,Large,Rented,2275,1,2,9619,783,5474,4859,7966,Yes,8161,699,675639,132748,E-commerce Shopping,556350,4,26525.8,High_Risk
50,Female,Married,Professional,98481,Government,27,Small,Own,20192,2,1,242,10403,11116,16985,14833,No,6785,791,540990,410268,Personal Loan,935077,64,6273.75,High_Risk
34,Female,Single,Graduate,168305,Private,19,Small,Family,25028,6,3,5080,20867,13504,9441,9222,No,11467,427,110487,427630,Home Appliances,919326,55,25793.6,Not_Eligible
50,Female,Single,Post Graduate,75308,Self-employed,10,Small,Own,765,6,2,12230,7138,9572,24928,17208,Yes,26646,311,567979,152836,Home Appliances,15797,59,500.0,Not_Eligible
58,Male,Single,Post Graduate,16130,Private,21,Medium,Rented,20966,2,3,5464,25608,1636,20404,978,No,2743,323,139896,421834,Personal Loan,92616,50,500.0,Not_Eligible
31,Male,Married,High School,139293,Private,19,Large,Own,2715,2,1,4722,7159,1799,26288,5461,Yes,26218,425,38959,375860,Home Appliances,347915,81,22725.85,Not_Eligible
28,Male,Married,Graduate,29071,Government,13,Small,Own,17881,2,3,12105,5485,12975,18037,12599,No,11764,630,765723,265306,E-commerce Shopping,145202,8,500.0,Not_Eligible
35,Female,Married,Professional,100517,Self-employed,1,Small,Own,12138,4,3,13735,26635,5012,22856,11988,Yes,15839,470,246894,457977,E-commerce Shopping,312785,18,500.0,Not_Eligible
53,Female,Single,High School,125240,Government,12,Small,Own,11924,3,3,8207,12361,11747,10747,1724,No,12210,404,413154,300710,Home Appliances,1009604,13,19712.0,Not_Eligible
60,Male,Single,Post Graduate,17118,Government,13,Small,Rented,29501,6,4,4611,16621,1282,8517,6220,No,21328,520,608367,458488,E-commerce Shopping,366382,48,500.0,Not_Eligible
49,Female,Single,Graduate,146735,Private,5,Large,Own,19222,4,0,6409,12075,5309,16571,13253,No,8350,356,578792,390371,Home Appliances,1269929,75,22941.1,Not_Eligible
45,Female,Married,Post Graduate,77408,Self-employed,11,Large,Rented,22420,1,1,8114,27755,10371,9369,2331,Yes,19769,332,728457,397747,Vehicle,304686,59,500.0,Not_Eligible
60,Male,Married,High School,66786,Government,6,Large,Own,5066,5,4,6703,10177,3046,13961,16031,No,14243,460,840788,330458,Vehicle,181207,69,500.0,Not_Eligible
34,Male,Single,Post Graduate,96271,Self-employed,3,Medium,Rented,489,2,0,2782,7058,7673,19716,14817,Yes,7158,407,303241,472810,Personal Loan,1099716,9,12802.3,Not_Eligible
33,Female,Single,Graduate,34158,Government,27,Small,Family,26999,6,3,6859,15884,1854,23809,3829,Yes,18393,364,842370,438886,Home Appliances,1342818,54,500.0,Not_Eligible
48,Female,Married,Graduate,46087,Private,26,Small,Rented,6374,1,3,6163,14569,1616,14149,6751,Yes,21112,375,728327,77357,Vehicle,543949,54,500.0,Not_Eligible
59,Female,Single,High School,103114,Government,6,Small,Rented,1935,6,4,1823,1462,4230,28864,2115,Yes,19106,345,712940,484440,Vehicle,1302843,32,15252.65,Not_Eligible
59,Male,Single,Graduate,199193,Government,12,Small,Family,2749,5,2,4923,29787,3088,13410,2125,No,5123,752,482508,481574,E-commerce Shopping,1348425,57,48295.799999999996,Eligible
60,Male,Single,Post Graduate,34874,Government,10,Large,Family,11488,2,1,8202,25447,4873,10059,3217,Yes,23323,749,7117,193367,Personal Loan,1030864,24,500.0,Not_Eligible
42,Male,Married,Post Graduate,98443,Self-employed,7,Medium,Family,29146,6,0,5139,9413,8672,29624,8266,No,23781,733,660921,478249,Personal Loan,543820,6,500.0,Not_Eligible
56,Male,Single,Professional,55821,Private,26,Medium,Family,11883,2,3,8470,29811,5614,20259,8705,Yes,28448,607,498407,488111,Vehicle,1335635,7,500.0,Not_Eligible
48,Female,Single,Professional,130675,Self-employed,18,Small,Family,9295,5,1,11134,18050,10220,14100,7836,No,13641,704,533559,52766,Vehicle,1438658,24,16239.65,Eligible
47,Male,Single,Professional,75582,Government,30,Large,Family,24196,4,3,12620,11628,2044,25224,13398,No,20382,442,142726,207430,Personal Loan,129932,70,500.0,Not_Eligible
56,Male,Single,Post Graduate,137603,Private,1,Medium,Own,26175,5,3,5666,6296,1645,5288,13888,Yes,9421,587,20511,162264,E-commerce Shopping,729549,6,24228.399999999998,Not_Eligible
36,Female,Married,Post Graduate,168859,Self-employed,20,Medium,Own,27857,5,3,5520,1656,1940,24063,13353,No,15364,371,980568,386517,Education,1143487,45,27687.1,Not_Eligible
37,Female,Married,High School,167777,Government,17,Small,Family,7464,6,1,6921,1131,13529,15048,4229,Yes,3849,706,759056,376906,E-commerce Shopping,926830,17,40462.1,Eligible
47,Female,Married,Professional,84381,Private,25,Medium,Rented,24161,3,4,10983,26547,14218,15244,14928,No,11416,563,38012,98072,Education,1285070,18,500.0,Not_Eligible
49,Male,Single,Post Graduate,126800,Private,20,Small,Rented,29867,2,1,2085,810,1342,24080,19474,Yes,1448,520,163841,209874,Personal Loan,1093463,60,16692.899999999998,Not_Eligible
59,Female,Married,High School,145805,Government,9,Large,Family,27736,6,1,5069,55,2666,17355,14187,Yes,1004,343,180271,311683,Personal Loan,818263,76,27206.55,Not_Eligible
54,Female,Single,Post Graduate,190725,Private,30,Small,Own,12137,2,2,1106,19907,3464,26000,10931,Yes,23568,722,419631,186072,Personal Loan,640679,35,32764.199999999997,Eligible
41,Male,Married,High School,97018,Private,28,Medium,Own,24801,4,2,8223,23943,1037,25484,11068,No,9970,588,668681,296417,Home Appliances,1032037,67,500.0,Not_Eligible
44,Male,Single,Professional,115592,Self-employed,5,Small,Rented,6286,4,4,14327,19046,5431,13380,18415,No,24252,335,814544,373275,Home Appliances,136119,27,5059.25,Not_Eligible
49,Female,Married,Professional,106626,Private,23,Small,Family,12995,3,2,11317,3279,11352,19248,11383,No,16595,837,672525,197583,Home Appliances,1437784,39,7159.95,High_Risk
46,Male,Married,Professional,101217,Self-employed,21,Small,Own,26290,3,4,8928,1533,1250,7782,16257,No,22331,757,424474,274433,Personal Loan,70048,20,5896.099999999999,High_Risk
37,Female,Married,Post Graduate,178324,Self-employed,3,Small,Family,4149,3,3,1848,4011,6007,25109,3406,Yes,27936,593,189928,478745,Vehicle,287504,27,37050.299999999996,Not_Eligible
43,Female,Single,Post Graduate,87799,Self-employed,18,Small,Family,26819,4,3,14954,17317,12608,24964,12357,No,8369,399,439040,148295,Personal Loan,673647,17,500.0,Not_Eligible
60,Male,Single,High School,77185,Self-employed,13,Small,Rented,5848,5,1,11224,17046,13137,23870,8625,No,11934,450,515994,42154,Education,275427,70,500.0,Not_Eligible
36,Female,Single,Graduate,56538,Private,13,Medium,Family,7656,6,3,3608,20229,8238,20462,15762,No,12461,435,198184,277977,E-commerce Shopping,695056,37,500.0,Not_Eligible
43,Male,Married,Graduate,35343,Private,17,Small,Family,27468,2,2,13197,14635,1263,26602,1629,No,22492,579,363260,448933,Education,1008296,70,500.0,Not_Eligible
36,Male,Single,Professional,187304,Self-employed,28,Medium,Rented,2345,2,0,12332,19407,14186,23969,11925,Yes,13042,674,747124,349716,E-commerce Shopping,868792,44,31534.3,High_Risk
33,Male,Single,Graduate,135026,Private,16,Small,Own,21933,6,1,8107,27253,13868,20739,15746,No,8814,765,678596,47888,Education,33258,14,6498.099999999999,High_Risk
31,Female,Single,Professional,68106,Self-employed,17,Large,Family,6680,1,4,2677,5967,7527,25401,3707,No,17027,723,277925,219421,E-commerce Shopping,967078,24,500.0,Not_Eligible
52,Male,Single,High School,129322,Self-employed,17,Small,Rented,8770,4,3,293,29974,6886,11186,8258,Yes,30,793,274286,400114,Vehicle,589857,38,22373.75,Eligible
38,Male,Single,Graduate,96227,Self-employed,30,Medium,Own,18082,4,1,3196,24719,10606,11461,8859,No,8195,417,624636,226090,E-commerce Shopping,302958,36,3888.1499999999996,Not_Eligible
55,Female,Single,Graduate,199151,Government,4,Medium,Family,12787,3,1,1571,24291,6105,23624,12160,Yes,13178,708,684101,121893,Personal Loan,1241515,27,36902.25,Eligible
43,Female,Married,Professional,171100,Private,8,Large,Own,10863,6,1,14679,27851,2621,11780,16533,No,17,316,635412,4220,Education,1213571,41,30364.6,Not_Eligible
40,Female,Married,High School,57135,Private,0,Small,Rented,6984,1,3,11240,12516,2753,28728,17516,No,23546,550,252697,227642,Home Appliances,1150201,78,500.0,Not_Eligible
29,Female,Single,Graduate,177138,Self-employed,3,Large,Family,28877,1,4,11131,15624,9753,11566,13740,No,25937,404,354057,491066,Vehicle,1410548,61,21178.5,Not_Eligible
59,Male,Married,Graduate,134599,Private,25,Small,Rented,22421,4,1,6566,6609,4582,21030,4710,Yes,4327,340,928650,20523,Education,1030503,78,22523.899999999998,Not_Eligible
36,Male,Married,Graduate,98470,Self-employed,6,Small,Rented,27503,3,1,12454,6280,2157,22456,13929,Yes,1825,768,87821,256331,Vehicle,600822,52,4153.099999999999,Not_Eligible
49,Male,Single,High School,35910,Private,10,Medium,Family,5256,2,1,268,8431,6508,22822,14130,Yes,24623,832,176931,470558,Home Appliances,476400,63,500.0,Not_Eligible
45,Female,Single,High School,153213,Self-employed,13,Large,Rented,6551,3,3,7073,2004,10957,13777,539,No,6206,720,202964,370411,Home Appliances,1258498,35,37137.1,Eligible
60,Female,Married,Graduate,60950,Self-employed,9,Large,Own,16662,2,2,9339,11961,5156,4651,1821,No,22797,803,956635,10404,Home Appliances,71946,9,500.0,Not_Eligible
47,Male,Single,Professional,31225,Government,18,Medium,Rented,1468,4,4,3342,22976,4835,18854,15847,Yes,19545,510,912423,290149,Home Appliances,494960,21,500.0,Not_Eligible
40,Female,Married,Professional,47959,Self-employed,7,Medium,Family,29348,3,1,5177,5434,6861,24677,15367,No,2047,432,362179,167726,Home Appliances,1027871,22,500.0,Not_Eligible
38,Female,Married,Graduate,64192,Government,2,Large,Family,9132,1,1,879,4246,12733,18884,8666,Yes,7766,599,581926,174842,Personal Loan,1286786,7,660.0999999999999,Not_Eligible
55,Male,Married,High School,94711,Private,7,Medium,Own,2318,6,1,58,3396,14662,15007,18685,Yes,24864,518,360900,409087,E-commerce Shopping,774058,9,5502.349999999999,Not_Eligible
29,Male,Single,Graduate,156123,Private,28,Small,Family,4536,5,3,10689,7570,12321,7680,18924,No,7248,689,733328,29382,Home Appliances,195832,22,30504.249999999996,High_Risk
59,Female,Married,High School,18449,Government,17,Large,Rented,5347,1,2,3891,25378,12448,13802,10904,No,24745,633,219965,184226,Education,638916,49,500.0,Not_Eligible
47,Female,Single,Graduate,187167,Private,4,Large,Rented,14462,6,1,216,8544,4103,14474,2618,Yes,19327,686,686054,11482,Education,592491,83,43198.049999999996,High_Risk
53,Female,Single,High School,119213,Government,19,Medium,Family,13581,2,1,5700,18358,5752,4750,7372,Yes,16031,600,768598,295577,Home Appliances,675763,9,16684.149999999998,High_Risk
35,Male,Single,Post Graduate,175262,Private,10,Small,Own,22323,4,3,7649,25709,13456,13792,19233,No,28770,413,69067,6327,Vehicle,1244310,77,15515.499999999998,Not_Eligible
42,Male,Single,Professional,115245,Government,8,Large,Own,18167,3,4,12531,4561,2045,15598,11430,No,23410,359,664696,173438,Home Appliances,1116209,84,9626.05,Not_Eligible
36,Male,Single,Post Graduate,112069,Government,18,Large,Family,10067,4,4,6246,1063,9015,22355,15686,Yes,21162,414,917400,320810,Personal Loan,761477,66,9266.25,Not_Eligible
33,Male,Married,Professional,172213,Self-employed,11,Small,Rented,23014,4,2,12804,14989,3857,7189,15219,No,29368,594,450164,180626,E-commerce Shopping,892669,68,23020.55,Not_Eligible
34,Male,Single,High School,38908,Private,26,Medium,Family,29219,2,4,7978,1395,2102,15476,7893,Yes,7645,679,920258,449173,Education,1416329,9,500.0,Not_Eligible
41,Female,Single,Post Graduate,119847,Self-employed,4,Medium,Family,3226,4,1,10503,26124,8303,7742,15141,No,18574,379,949542,233912,Home Appliances,731411,17,10581.9,Not_Eligible
31,Female,Single,Professional,135910,Government,15,Medium,Own,11920,3,3,6384,17914,7445,4741,5598,Yes,24881,326,621668,340544,E-commerce Shopping,1078149,36,19959.449999999997,Not_Eligible
37,Female,Single,Graduate,178394,Self-employed,25,Medium,Rented,25561,1,1,14157,52,11927,14777,19872,No,6515,735,509522,162170,E-commerce Shopping,281385,68,29936.55,Eligible
33,Male,Single,High School,196782,Government,24,Small,Own,15272,4,1,4956,19535,7002,17539,10995,No,12018,532,806468,367265,Home Appliances,460707,30,38312.75,Not_Eligible
51,Male,Married,High School,29012,Private,12,Small,Own,2819,3,2,733,22248,9578,12706,12565,No,13894,553,659175,184881,E-commerce Shopping,772290,68,500.0,Not_Eligible
26,Male,Single,Graduate,180961,Private,5,Large,Rented,3970,3,4,5950,22054,2612,23208,19866,No,25150,664,83887,179871,Education,145884,13,27352.85,High_Risk
29,Female,Single,Graduate,32412,Private,15,Large,Rented,10258,2,4,5348,2786,2565,6841,13502,No,14728,687,102410,117044,Home Appliances,715634,72,500.0,Not_Eligible
53,Male,Married,Professional,125030,Government,17,Small,Rented,16808,4,4,5571,14675,4355,16979,10906,Yes,21607,672,28680,62428,Vehicle,315801,58,11945.15,High_Risk
43,Male,Single,High School,39657,Self-employed,16,Large,Family,2105,2,1,7074,1144,11568,25581,13332,No,9361,646,407951,112085,Home Appliances,1346071,25,500.0,Not_Eligible
32,Female,Married,Professional,20656,Private,11,Small,Rented,18854,1,3,10694,2112,3507,10643,16942,No,11938,737,742085,79922,Education,375567,12,500.0,Not_Eligible
25,Male,Married,Graduate,155039,Government,26,Medium,Family,22278,1,3,13273,13751,3200,24451,5769,Yes,0,436,818247,373011,Home Appliances,1140781,77,25310.949999999997,Not_Eligible
46,Female,Married,High School,161836,Self-employed,0,Small,Own,15907,6,1,12831,295,5004,21745,2331,No,6871,452,873776,372665,Home Appliances,144750,26,33898.2,Not_Eligible
41,Male,Married,Graduate,30873,Government,6,Small,Rented,20178,3,0,2421,27565,11964,21350,13031,Yes,5244,643,397976,336731,Home Appliances,991926,62,500.0,Not_Eligible
31,Male,Single,Professional,109485,Government,13,Large,Family,19275,4,1,3377,14540,6810,14836,6824,No,29041,357,769359,69164,Personal Loan,722764,14,5173.7,Not_Eligible
49,Female,Single,Professional,124383,Private,27,Small,Family,9875,6,4,8565,4742,9998,27935,18108,No,7203,519,933554,449969,Personal Loan,201859,7,13284.949999999999,Not_Eligible
28,Female,Married,Professional,197102,Government,17,Medium,Family,11365,3,1,7104,17964,4783,12173,17970,Yes,16625,317,221288,320891,Education,1442599,21,38191.299999999996,Not_Eligible
60,Female,Married,High School,16607,Government,22,Medium,Family,3147,4,0,6783,6278,12221,29385,4836,Yes,21457,727,148065,108658,E-commerce Shopping,1261362,74,500.0,Not_Eligible
30,Female,Single,Graduate,165595,Self-employed,0,Large,Own,12253,2,1,111,2425,1640,24016,10097,No,12030,476,342409,195419,Home Appliances,1110988,39,36058.049999999996,Not_Eligible
55,Female,Married,Graduate,63447,Private,19,Large,Rented,20435,1,4,10732,24531,6925,3393,15801,No,11202,781,135222,442503,Home Appliances,686298,30,500.0,Not_Eligible
43,Female,Married,Professional,64757,Government,9,Small,Rented,20035,6,2,8485,7219,5086,12571,2792,Yes,16173,793,868547,490862,Personal Loan,599665,46,500.0,Not_Eligible
51,Male,Married,Professional,84201,Government,30,Large,Rented,28737,6,3,2469,7011,12187,3047,416,Yes,18921,785,743480,309268,Vehicle,411699,45,3994.5499999999997,Not_Eligible
34,Male,Single,Professional,143765,Self-employed,14,Medium,Rented,13102,1,0,14484,2627,11430,12647,11805,No,21244,802,831460,438801,Personal Loan,79284,71,19749.1,Eligible
50,Female,Married,Professional,20462,Government,28,Large,Rented,7901,2,2,2198,4805,3099,22132,13453,No,21668,309,522390,180585,E-commerce Shopping,1108301,74,500.0,Not_Eligible
43,Male,Single,Post Graduate,131832,Government,10,Large,Rented,17558,5,3,5293,16365,11834,13292,17187,Yes,21447,618,453508,134414,Home Appliances,43599,22,10099.599999999999,High_Risk
27,Female,Single,Post Graduate,177867,Government,3,Medium,Family,19333,5,2,11460,28738,11580,5288,19334,Yes,26745,789,429541,396169,Home Appliances,95926,8,19386.149999999998,Eligible
37,Male,Single,Post Graduate,63465,Government,14,Small,Rented,10001,5,1,7581,22530,8867,10048,12403,No,19025,557,996665,221402,Education,907241,71,500.0,Not_Eligible
52,Female,Married,Professional,105027,Government,20,Small,Family,25012,4,1,8359,26169,8898,26946,11370,Yes,12285,703,499315,420158,Vehicle,930266,76,500.0,Not_Eligible
44,Male,Married,Professional,65528,Self-employed,29,Large,Own,29461,6,3,11345,14199,13304,18386,1569,No,27620,523,891701,88529,Education,230149,14,500.0,Not_Eligible
52,Male,Single,Graduate,51230,Government,15,Medium,Family,22500,2,3,69,24002,13277,14322,11441,No,16346,847,436617,255379,Vehicle,879131,17,500.0,Not_Eligible
32,Male,Single,High School,63242,Government,29,Medium,Own,234,4,1,5956,8701,9433,4209,8489,Yes,18219,560,512003,422008,Vehicle,1308431,69,2800.35,Not_Eligible
25,Male,Single,Graduate,129688,Government,25,Medium,Rented,24296,4,1,14761,7935,6789,20548,3232,No,26460,575,912988,475197,Vehicle,1157688,65,8983.449999999999,Not_Eligible
27,Male,Married,Post Graduate,16783,Government,14,Small,Own,4770,2,3,9617,18275,4749,16248,8973,Yes,16195,655,300580,133093,Vehicle,1192828,38,500.0,Not_Eligible
37,Female,Married,Graduate,43390,Private,30,Medium,Own,26721,4,3,6074,17845,5746,13214,3032,No,5195,625,621313,250976,Education,1202905,9,500.0,Not_Eligible
52,Female,Single,Professional,154489,Private,16,Medium,Family,5128,6,3,2572,6920,10626,27458,4507,Yes,24908,527,405284,197613,Home Appliances,1114642,3,25329.5,Not_Eligible
49,Female,Single,Post Graduate,87102,Private,22,Small,Family,29598,2,4,1654,14261,13581,28656,16361,Yes,29581,602,592855,322298,Home Appliances,1235258,74,500.0,Not_Eligible
57,Male,Married,Post Graduate,32426,Private,10,Medium,Own,28151,5,4,2259,18383,8195,19066,8614,Yes,20301,401,861434,101811,Education,856244,51,500.0,Not_Eligible
30,Female,Single,High School,45750,Self-employed,17,Small,Own,21240,5,1,101,1970,2433,23929,9309,No,3762,592,440294,378269,Personal Loan,78099,24,500.0,Not_Eligible
56,Male,Married,High School,73188,Private,27,Large,Rented,28137,4,4,5908,1551,7502,11045,4638,Yes,15049,307,583748,275330,E-commerce Shopping,529716,54,500.0,Not_Eligible
45,Male,Married,Post Graduate,25872,Self-employed,30,Large,Family,8159,1,0,9923,20235,13960,6539,7629,No,28757,507,534248,105600,Vehicle,162029,45,500.0,Not_Eligible
40,Male,Single,Post Graduate,109231,Private,15,Large,Own,2474,2,1,5708,16485,10631,15720,11077,No,8968,662,443393,29941,Education,909080,41,13358.8,High_Risk
45,Female,Single,Graduate,144860,Self-employed,26,Large,Family,226,3,0,1361,8083,5277,29279,2265,No,26071,344,67273,419849,Vehicle,294238,77,25304.3,Not_Eligible
35,Male,Married,Post Graduate,194158,Private,14,Large,Rented,6160,3,2,8524,17844,12160,16134,3648,Yes,16753,757,376755,49968,Vehicle,190096,45,39527.25,Eligible
60,Female,Married,Professional,81770,Government,28,Small,Rented,10802,4,0,10444,27422,5887,17069,420,No,22864,821,826507,197184,Vehicle,590850,56,500.0,Not_Eligible
59,Female,Married,Graduate,139158,Private,10,Small,Own,26851,1,2,13798,25309,9103,18301,7473,No,24407,641,163502,404463,Education,417915,23,4870.599999999999,Not_Eligible
43,Male,Married,Professional,98514,Private,12,Small,Rented,21185,2,0,12516,11284,13954,22795,15609,No,16964,531,651331,236278,Home Appliances,1307167,17,500.0,Not_Eligible
44,Male,Married,Professional,107663,Private,17,Medium,Own,10007,5,2,3260,27010,6933,4537,6572,No,26217,778,954040,277920,Personal Loan,553224,40,8094.45,High_Risk
42,Female,Single,Professional,180792,Government,7,Large,Family,5357,4,2,1122,16916,14013,25453,314,No,13376,642,33609,221532,Personal Loan,951120,25,36484.35,High_Risk
38,Female,Married,Post Graduate,164151,Self-employed,30,Medium,Family,23932,2,1,1957,91,8507,19175,6233,Yes,1562,468,304564,485794,Education,953117,82,35942.899999999994,Not_Eligible
39,Female,Married,High School,163410,Self-employed,8,Medium,Own,28430,2,3,10151,1819,5448,26393,18870,Yes,13223,567,675779,383140,E-commerce Shopping,1145322,78,20676.6,Not_Eligible
55,Female,Married,High School,149363,Government,21,Medium,Own,20379,2,3,13722,17540,13356,29805,16211,No,20871,563,55439,287922,Personal Loan,287358,53,6117.65,Not_Eligible
25,Female,Single,Professional,127808,Private,10,Large,Own,17794,1,1,13241,4934,9668,28901,17984,Yes,2053,600,277177,20533,Personal Loan,763055,25,11631.55,High_Risk
27,Female,Single,Post Graduate,125091,Private,16,Medium,Family,4764,2,2,14041,8696,13612,3182,2617,Yes,10036,641,705963,213310,Vehicle,807671,53,23850.05,High_Risk
40,Male,Married,Graduate,114272,Private,0,Large,Family,14589,1,3,8651,4936,12757,15219,16483,No,21892,406,105165,95277,Education,812044,73,6910.75,Not_Eligible
47,Female,Married,Professional,64393,Self-employed,29,Large,Rented,27955,1,3,9409,21166,10510,4533,9003,Yes,8629,458,319280,201133,Home Appliances,418961,48,500.0,Not_Eligible
35,Female,Single,Graduate,108558,Self-employed,10,Large,Rented,10037,6,0,6698,6868,6328,16406,11724,Yes,19572,653,337809,420216,Education,351211,63,10823.75,High_Risk
36,Female,Single,Graduate,84770,Government,6,Medium,Family,1337,2,4,4985,10387,14468,3155,9613,Yes,1990,848,431787,40113,Education,1188457,18,13592.25,Eligible
34,Female,Single,Post Graduate,41720,Government,7,Large,Family,5420,6,1,6779,9125,6194,25195,4043,Yes,20131,758,719563,109062,Personal Loan,1049894,62,500.0,Not_Eligible
56,Male,Single,Post Graduate,28368,Self-employed,18,Large,Own,16501,5,4,13331,25831,6350,29720,19836,No,19446,371,287726,499283,Vehicle,465261,34,500.0,Not_Eligible
40,Male,Married,High School,62969,Private,24,Small,Family,18252,6,2,930,17267,6696,28968,11454,Yes,29792,471,843541,128127,Education,1427438,43,500.0,Not_Eligible
32,Female,Single,High School,63838,Private,3,Medium,Family,18481,6,0,8502,27812,13370,7884,1013,Yes,3967,526,175827,181180,Home Appliances,1349329,62,500.0,Not_Eligible
36,Female,Married,Post Graduate,23734,Private,3,Small,Rented,1813,2,3,2889,28985,4657,17573,4389,No,3381,476,296950,236010,Vehicle,392428,23,500.0,Not_Eligible
48,Female,Married,Professional,122187,Private,18,Small,Rented,9779,5,0,5959,19088,10480,10977,245,Yes,6305,401,814744,214741,Vehicle,138913,70,20773.899999999998,Not_Eligible
52,Male,Single,High School,114329,Government,23,Medium,Own,11444,4,1,13869,22825,1268,9156,12259,No,7455,623,787868,488681,Home Appliances,1398413,9,12618.55,High_Risk
32,Male,Single,Graduate,158269,Government,8,Small,Rented,25118,3,2,7139,20443,3935,24804,3520,Yes,21042,655,365948,264203,Home Appliances,770890,72,18293.8,High_Risk
52,Male,Single,Professional,83895,Self-employed,16,Large,Own,2374,4,0,1758,20702,13588,20241,3239,Yes,18050,426,235604,454217,Home Appliances,356270,22,1380.05,Not_Eligible
60,Male,Single,Graduate,135424,Government,17,Small,Family,1526,1,0,14414,29087,10213,8274,9831,Yes,29689,693,968381,277029,Education,944531,46,11336.5,High_Risk
50,Male,Married,Post Graduate,116255,Private,0,Small,Family,11759,4,0,8081,18493,1089,23391,19860,Yes,16192,559,290068,306014,Vehicle,681099,46,6086.5,Not_Eligible
32,Male,Married,Graduate,73073,Self-employed,13,Large,Own,7087,3,3,4341,29295,2925,7858,10840,No,22269,576,480007,316903,Vehicle,1286433,14,500.0,Not_Eligible
52,Female,Married,Professional,196374,Government,3,Small,Rented,25845,3,2,8146,26999,13647,18128,3595,No,23892,764,799543,253862,E-commerce Shopping,126414,61,26642.699999999997,Eligible
52,Male,Single,Post Graduate,30624,Government,9,Large,Rented,8793,5,3,471,10838,14611,18207,14936,Yes,13836,671,860852,147436,E-commerce Shopping,689275,80,500.0,Not_Eligible
60,Male,Married,Professional,39315,Government,22,Medium,Family,3614,4,0,4417,12692,12265,7678,7833,No,12807,433,512528,24212,E-commerce Shopping,153582,36,500.0,Not_Eligible
51,Female,Single,Graduate,32422,Government,13,Small,Rented,2149,1,3,12428,7072,14724,25423,10275,No,19883,554,680382,290198,Education,746710,46,500.0,Not_Eligible
41,Male,Married,Professional,185209,Government,6,Medium,Own,19685,6,3,3180,25854,4247,19060,17423,Yes,27037,822,910777,227806,Education,122550,83,24053.05,Eligible
33,Female,Single,Post Graduate,87663,Private,11,Small,Family,8579,6,1,10552,24002,2148,18963,6349,No,5383,372,286071,338859,Home Appliances,743505,42,4090.45,Not_Eligible
57,Male,Married,Graduate,116216,Private,21,Large,Rented,20064,1,4,7816,16773,14014,24360,13805,No,17209,586,307611,413355,Education,980595,4,761.25,Not_Eligible
44,Female,Married,Graduate,194304,Private,28,Small,Family,26178,5,4,1144,18032,10794,15595,10913,No,17275,470,227571,480221,Vehicle,973434,63,33030.549999999996,Not_Eligible
37,Female,Single,High School,47743,Government,26,Medium,Family,14015,6,1,98,8957,6297,4699,9178,Yes,3418,546,33583,219349,Vehicle,361862,23,500.0,Not_Eligible
52,Female,Married,High School,161708,Self-employed,15,Large,Rented,19666,5,1,3649,8539,10994,26218,10662,Yes,28006,653,769160,469740,Personal Loan,738365,14,18890.899999999998,High_Risk
53,Female,Married,Professional,25108,Private,4,Large,Own,2696,6,3,493,11765,9196,29676,17343,Yes,13447,340,820308,353300,Personal Loan,540597,79,500.0,Not_Eligible
37,Female,Single,High School,51180,Private,10,Medium,Rented,12626,6,3,13455,9537,6932,29839,2252,Yes,316,411,915677,349032,Education,341714,67,500.0,Not_Eligible
59,Male,Single,High School,33883,Government,3,Medium,Rented,14519,4,2,2157,15423,11356,28289,4252,Yes,26359,760,212346,188883,Personal Loan,1453996,84,500.0,Not_Eligible
30,Male,Single,High School,59400,Self-employed,27,Small,Rented,20535,5,4,4579,15513,4061,21469,298,Yes,14798,504,996423,32603,Education,751111,80,500.0,Not_Eligible
42,Female,Single,High School,192071,Private,12,Small,Rented,15314,3,3,2177,11197,1430,20835,16402,Yes,9213,365,309930,49894,Home Appliances,1180778,14,40426.049999999996,Not_Eligible
29,Female,Single,Post Graduate,62951,Private,29,Large,Rented,12025,1,2,9615,27140,9581,18344,9714,Yes,22452,668,542723,459196,Home Appliances,1235656,54,500.0,Not_Eligible
49,Female,Married,Post Graduate,153232,Self-employed,7,Medium,Rented,1305,6,4,13127,15754,9015,26812,15649,No,20678,760,151557,398031,Personal Loan,1085454,16,17812.199999999997,Eligible
26,Male,Single,High School,70262,Government,6,Medium,Own,13439,3,2,8697,22399,12742,20781,17008,No,17483,845,707656,428242,Education,530879,20,500.0,Not_Eligible
34,Female,Married,Professional,166001,Self-employed,10,Small,Family,716,2,2,6912,8521,4542,9174,18800,Yes,20337,773,453749,227991,Personal Loan,300739,26,33949.65,Eligible
54,Female,Married,Post Graduate,98133,Government,10,Small,Own,22229,3,1,12497,11726,2373,17728,17536,Yes,18851,343,280703,124152,Vehicle,220607,28,500.0,Not_Eligible
29,Female,Single,High School,157195,Private,25,Large,Rented,5758,1,0,14069,3793,5839,28000,1298,Yes,21349,634,740028,335978,Education,18642,63,26981.149999999998,High_Risk
57,Female,Married,Post Graduate,130106,Self-employed,16,Medium,Own,20039,2,0,8552,6064,5179,20412,16759,No,23914,654,316520,352926,E-commerce Shopping,575213,70,10215.449999999999,High_Risk
25,Male,Married,Graduate,174429,Self-employed,21,Medium,Family,22743,4,0,8345,25549,11840,3690,1382,Yes,28253,647,536644,72196,Vehicle,1478167,66,25419.449999999997,High_Risk
42,Female,Single,Post Graduate,85496,Private,13,Medium,Own,11183,2,2,8107,14427,12490,18413,17235,No,11709,661,38540,331216,Education,1383001,42,500.0,Not_Eligible
56,Female,Married,Post Graduate,179628,Private,1,Medium,Rented,8505,5,3,532,1245,1452,10898,5600,Yes,18834,689,866405,281280,Personal Loan,95717,31,46396.7,High_Risk
35,Male,Single,Professional,76934,Government,19,Small,Family,2280,1,0,5666,2237,14422,27347,9499,Yes,22545,784,892748,272036,Personal Loan,919399,20,500.0,Not_Eligible
45,Female,Single,Post Graduate,93886,Private,20,Small,Rented,15080,5,3,10203,19003,9514,23394,11370,No,9899,561,450034,118365,Personal Loan,144524,70,500.0,Not_Eligible
50,Female,Single,Professional,45881,Private,7,Small,Rented,19006,3,4,2357,24780,5014,6579,14124,No,10608,374,956896,489759,Education,683549,61,500.0,Not_Eligible
49,Male,Married,Graduate,33409,Self-employed,21,Large,Family,9079,4,0,14809,26835,7049,14019,8674,No,2707,825,471875,378847,Personal Loan,25918,58,500.0,Not_Eligible
46,Male,Married,High School,113171,Government,26,Medium,Family,20726,1,2,10975,15105,6658,14716,15591,No,18945,767,315361,16065,Education,1000554,68,3659.2499999999995,Not_Eligible
51,Male,Married,Professional,176729,Private,1,Small,Rented,18873,4,1,6779,12376,11180,3199,5163,Yes,29,304,499994,93985,Education,60621,14,41695.5,Not_Eligible
37,Female,Married,Post Graduate,63951,Self-employed,20,Medium,Own,18306,6,2,14063,24299,10320,24776,9110,No,434,600,916307,317163,Personal Loan,294089,24,500.0,Not_Eligible
57,Female,Single,Post Graduate,23752,Private,14,Small,Family,6278,1,3,1969,27578,10301,11967,18912,Yes,25771,486,74688,218140,Home Appliances,450057,64,500.0,Not_Eligible
58,Male,Married,Professional,132339,Private,4,Large,Own,24499,5,4,4971,16746,3550,19609,18749,Yes,11513,500,365967,412789,Home Appliances,422446,28,11445.699999999999,Not_Eligible
59,Male,Single,Graduate,159512,Private,5,Small,Own,24433,3,2,10539,11634,9697,23950,10382,No,13802,777,57681,200836,Vehicle,1390396,16,19276.25,Eligible
25,Male,Married,High School,59864,Private,16,Large,Family,4029,2,1,12628,16715,8028,21449,8095,Yes,16430,789,915737,295069,Education,1003436,11,500.0,Not_Eligible
45,Female,Married,Post Graduate,195763,Government,7,Medium,Own,3063,4,1,7171,27544,10371,29354,16086,Yes,24874,598,530160,317034,Personal Loan,788358,76,27055.0,Not_Eligible
30,Female,Married,Graduate,87035,Self-employed,18,Small,Family,13313,1,4,634,12995,1495,11820,13523,Yes,9738,785,544018,11436,Personal Loan,217772,9,8230.949999999999,High_Risk
52,Male,Married,High School,101675,Self-employed,4,Small,Family,8352,1,0,2601,7593,6036,13249,5918,No,19925,550,71493,155281,Personal Loan,654590,49,13300.349999999999,Not_Eligible
41,Female,Married,High School,37343,Private,22,Small,Family,10379,6,2,1192,6987,8137,3040,14138,No,26025,675,115749,485709,Home Appliances,1321934,60,500.0,Not_Eligible
29,Male,Single,Post Graduate,34673,Self-employed,18,Medium,Family,10543,4,2,12707,13766,1385,21475,1734,No,20866,496,855046,171428,E-commerce Shopping,569089,22,500.0,Not_Eligible
55,Female,Married,Professional,110024,Private,13,Large,Own,26059,2,1,8928,15030,14960,21628,1536,Yes,13827,368,622988,444170,Education,218333,81,2819.6,Not_Eligible
29,Female,Married,Post Graduate,41520,Self-employed,9,Large,Own,3892,3,3,10628,421,12726,27874,9741,Yes,3554,548,352095,201987,Vehicle,703166,58,500.0,Not_Eligible
27,Female,Married,Post Graduate,30784,Government,30,Small,Family,18121,1,2,9400,8954,4614,15496,1245,No,23406,531,111732,245717,Vehicle,1466164,45,500.0,Not_Eligible
47,Female,Married,Post Graduate,132446,Government,12,Medium,Family,20604,1,1,13634,19167,5771,25446,2533,No,22181,762,25812,215920,Vehicle,1328650,62,8088.499999999999,High_Risk
34,Male,Single,Graduate,53079,Self-employed,30,Large,Family,23464,4,3,10250,21674,8280,28034,18198,No,10952,628,45759,79405,Education,780173,54,500.0,Not_Eligible
34,Female,Married,Professional,59220,Private,21,Large,Family,26484,4,0,5804,27333,2896,3878,3526,No,10695,435,675755,28539,Education,884540,68,500.0,Not_Eligible
43,Female,Single,Graduate,166563,Private,4,Large,Rented,9562,1,0,607,248,13046,13002,9323,Yes,4257,778,239096,14132,Vehicle,1473480,22,40781.299999999996,Eligible
41,Male,Married,Post Graduate,127878,Private,6,Large,Own,26553,1,1,6421,6324,8008,28364,12657,Yes,19762,360,417826,171671,Vehicle,926497,15,6926.15,Not_Eligible
45,Female,Single,Professional,131583,Private,9,Large,Own,3395,6,1,5258,11738,4517,26787,14965,Yes,27374,386,629159,301921,Personal Loan,734478,27,13142.15,Not_Eligible
38,Male,Single,High School,63720,Government,30,Small,Family,16359,1,0,3065,482,11526,18719,15868,Yes,26014,812,136981,213127,E-commerce Shopping,218200,38,500.0,Not_Eligible
33,Male,Single,Professional,29718,Private,10,Small,Rented,2454,5,1,11941,21887,14210,23279,18157,No,29287,458,744240,20695,Home Appliances,872519,5,500.0,Not_Eligible
25,Female,Single,Post Graduate,181669,Private,2,Small,Rented,15828,1,4,7866,11667,13488,27958,12641,No,338,698,879613,399823,Education,885721,49,32159.05,High_Risk
37,Female,Single,Professional,76217,Private,12,Large,Rented,28835,3,2,7253,12050,1810,4450,11196,Yes,13348,699,198857,366213,E-commerce Shopping,135971,14,500.0,Not_Eligible
28,Male,Married,High School,115668,Private,29,Large,Family,4957,3,4,14211,11424,1882,24757,17964,No,27871,761,262539,247636,Vehicle,1020404,62,4410.7,Not_Eligible
25,Male,Single,High School,172904,Government,1,Large,Rented,18671,6,3,4326,26871,10594,21979,9853,Yes,26539,663,163986,97503,Vehicle,1160876,30,18924.85,High_Risk
56,Male,Married,Professional,158936,Self-employed,3,Small,Family,25812,2,1,5570,20798,4794,22973,9862,No,6202,380,809201,489190,Vehicle,1227256,77,22023.75,Not_Eligible
58,Female,Single,High School,103378,Self-employed,2,Large,Rented,24534,4,1,2037,27587,10480,11521,15672,No,11115,392,347500,173909,Vehicle,849868,83,500.0,Not_Eligible
52,Male,Single,Graduate,23177,Private,14,Small,Family,6292,2,3,2185,25275,6307,14246,8178,Yes,5339,371,546487,400878,Personal Loan,621413,16,500.0,Not_Eligible
55,Male,Married,Professional,192187,Private,3,Large,Family,27750,1,2,9188,12818,10089,13727,1087,Yes,2408,356,977005,245448,Education,559493,33,40292.0,Not_Eligible
32,Male,Single,High School,137318,Self-employed,22,Small,Own,25782,4,0,10770,28667,11596,24293,14593,Yes,11025,822,261420,427025,Vehicle,339898,71,3707.2,Not_Eligible
50,Female,Single,High School,198026,Government,20,Medium,Family,8696,1,4,7505,28403,9121,9625,3489,Yes,6168,806,182548,333003,Vehicle,235765,68,43756.649999999994,Eligible
58,Male,Single,Professional,126145,Government,3,Large,Rented,11959,4,2,1179,21616,10408,10699,12569,Yes,18313,728,139856,387205,Education,869929,62,13790.699999999999,Eligible
27,Female,Single,Graduate,157916,Government,29,Large,Own,12812,6,0,4702,10139,6229,12211,8011,No,18884,697,784049,436570,Home Appliances,784272,79,29724.8,High_Risk
36,Female,Married,Professional,28418,Government,14,Small,Rented,9595,5,0,6935,20245,3955,14700,2600,No,23758,759,609570,94315,Personal Loan,947694,22,500.0,Not_Eligible
25,Male,Single,High School,180926,Government,5,Large,Family,9959,5,1,10112,6706,13214,24925,2489,No,26648,582,808137,223654,Personal Loan,1302488,13,30405.55,Not_Eligible
29,Female,Single,Professional,103075,Government,22,Small,Own,20117,5,3,13572,9559,3953,16310,6509,Yes,9299,504,42166,427886,E-commerce Shopping,476495,80,8314.6,Not_Eligible
54,Male,Married,High School,190022,Government,27,Small,Family,15383,6,1,11423,8314,4570,10970,14690,Yes,18679,396,684386,460288,Personal Loan,440577,6,37097.549999999996,Not_Eligible
54,Female,Married,Post Graduate,80227,Government,29,Medium,Family,8892,2,3,9524,17133,6742,8281,11573,Yes,7415,771,628435,305166,E-commerce Shopping,550933,54,3733.45,Not_Eligible
41,Female,Single,Professional,158907,Government,26,Medium,Rented,27780,4,1,14416,12606,6184,23205,17199,No,7218,759,548243,441997,Home Appliances,455549,49,17604.649999999998,Eligible
47,Male,Single,Professional,32533,Private,4,Large,Rented,21497,2,4,2744,1597,2088,15721,13285,No,7092,564,339274,378360,Education,677965,69,500.0,Not_Eligible
39,Male,Married,High School,116457,Government,11,Large,Rented,28721,4,1,2260,25161,1316,4827,8030,No,9737,568,576929,85580,Vehicle,1496401,13,12741.75,Not_Eligible
45,Male,Single,High School,122504,Private,6,Small,Own,19389,1,4,6120,6388,13010,7111,7257,No,18608,563,725590,55799,E-commerce Shopping,949689,52,15617.349999999999,Not_Eligible
38,Female,Married,High School,156295,Self-employed,2,Small,Rented,21174,5,2,3498,8735,7238,18318,11847,No,6268,765,275746,62292,Personal Loan,416042,25,27725.949999999997,Eligible
26,Female,Single,High School,139202,Private,6,Small,Family,12313,5,2,3413,5576,13746,11811,1478,Yes,24741,306,573818,446637,Vehicle,1382992,83,23143.399999999998,Not_Eligible
35,Male,Married,Professional,25273,Self-employed,11,Small,Own,28658,4,1,5478,18584,8970,3688,4484,No,22504,427,232436,421998,Home Appliances,316257,64,500.0,Not_Eligible
58,Male,Married,High School,48519,Private,14,Large,Rented,10,2,2,5798,19087,1394,13304,1331,Yes,11611,698,962602,335988,Education,239985,55,500.0,Not_Eligible
58,Female,Married,Professional,170232,Self-employed,18,Medium,Rented,13095,2,0,8097,8206,6315,15862,1280,Yes,24701,483,257940,195624,E-commerce Shopping,1274340,16,32436.6,Not_Eligible
42,Female,Single,Graduate,142024,Private,29,Large,Rented,5221,3,4,205,26042,10765,20203,2421,No,3440,383,952326,110449,Personal Loan,22864,49,25804.449999999997,Not_Eligible
54,Female,Single,Professional,139540,Private,5,Large,Family,26634,5,3,5380,27951,13145,9216,11815,No,17265,739,896637,447493,Vehicle,385982,20,9846.9,High_Risk
39,Male,Single,High School,195060,Self-employed,7,Large,Rented,15471,5,4,1809,24337,2062,21635,2239,No,5933,532,276159,184595,Vehicle,1150383,69,42550.899999999994,Not_Eligible
51,Female,Single,High School,156420,Government,28,Medium,Family,3677,2,1,9091,24820,11388,21685,17789,No,7414,828,332423,412739,Vehicle,870522,25,21194.6,Eligible
58,Male,Married,Graduate,98460,Government,30,Large,Own,11011,5,2,8939,18998,3423,14835,10079,Yes,4165,392,302412,481063,Education,808881,62,9453.5,Not_Eligible
57,Female,Married,Professional,119471,Government,5,Medium,Rented,15105,2,2,13164,25474,11605,5660,8084,Yes,6137,776,609330,237458,E-commerce Shopping,642324,61,11984.699999999999,Eligible
48,Female,Married,Graduate,119668,Government,25,Small,Family,25548,3,0,10821,1478,5551,25032,8742,Yes,522,660,658173,271850,Education,904499,52,14690.9,High_Risk
39,Male,Single,Professional,82519,Government,26,Large,Rented,7334,4,2,10634,9574,5371,13434,6127,No,9615,410,544856,359015,Personal Loan,702861,63,7150.5,Not_Eligible
54,Male,Single,High School,105426,Private,2,Small,Rented,11984,4,1,14036,24627,6674,13490,4074,Yes,10911,641,188033,143486,E-commerce Shopping,1206277,19,6870.5,High_Risk
41,Male,Single,Professional,29629,Government,27,Small,Own,27030,3,1,12624,10250,4581,8662,11558,Yes,9601,607,81114,179785,Home Appliances,402181,56,500.0,Not_Eligible
29,Female,Married,High School,64056,Private,4,Small,Own,5164,5,3,6942,21302,14549,3954,5653,Yes,14310,716,56027,435324,Home Appliances,1240088,11,500.0,Not_Eligible
53,Female,Single,High School,26273,Self-employed,8,Large,Family,9033,1,4,9953,2274,7548,9453,5933,Yes,3129,376,697282,258884,Education,1342332,34,500.0,Not_Eligible
28,Female,Single,Post Graduate,135484,Government,23,Small,Family,23244,5,4,13068,2161,5258,23325,13763,Yes,19929,567,469854,94465,Education,1247154,80,12157.599999999999,Not_Eligible
34,Male,Married,Post Graduate,112275,Government,15,Large,Family,24489,2,4,12566,19992,10834,17105,3895,Yes,23380,651,614547,436574,Education,420520,24,500.0,Not_Eligible
41,Female,Married,Professional,186488,Government,21,Small,Own,29030,6,3,2296,16987,5895,24132,4440,Yes,19365,345,752999,344875,Home Appliances,1449612,42,29520.05,Not_Eligible
34,Male,Single,High School,153966,Government,15,Large,Family,14889,1,3,4928,4043,7947,10412,2463,Yes,3150,625,996900,123188,Home Appliances,974876,80,37146.899999999994,High_Risk
41,Male,Married,Graduate,61073,Private,8,Large,Own,284,3,3,9923,7254,8784,15562,18528,No,22712,758,803212,53971,E-commerce Shopping,124748,54,500.0,Not_Eligible
44,Male,Single,High School,60693,Private,17,Large,Own,6543,4,0,5149,29264,8236,20631,8812,Yes,13388,681,429880,208120,E-commerce Shopping,466223,80,500.0,Not_Eligible
48,Female,Married,Graduate,197538,Private,12,Small,Rented,5570,4,3,3998,13561,6228,24870,6883,No,1094,514,601415,71173,Education,720557,30,47366.899999999994,Not_Eligible
29,Female,Married,Professional,39343,Self-employed,10,Large,Rented,22115,5,2,5934,21753,13467,15826,1777,No,17523,740,371122,470058,Vehicle,1046087,46,500.0,Not_Eligible
58,Male,Married,Professional,58095,Private,24,Small,Family,23995,4,0,11151,19876,2542,12465,3880,Yes,20410,640,424393,167676,E-commerce Shopping,430034,56,500.0,Not_Eligible
30,Female,Single,Graduate,177246,Government,9,Medium,Own,18819,5,2,938,27574,3899,9886,13670,Yes,27832,599,583693,165266,Home Appliances,152790,50,26119.8,Not_Eligible
26,Male,Single,Graduate,196873,Self-employed,28,Small,Own,7523,2,4,5250,11784,11226,3012,13166,Yes,6466,585,242780,243857,Personal Loan,122486,24,48456.1,Not_Eligible
37,Male,Single,High School,137388,Self-employed,9,Small,Own,11023,2,1,12811,9196,2478,26859,17516,No,8206,708,56298,433437,Vehicle,144966,37,17254.649999999998,Eligible
35,Female,Married,Professional,129441,Government,5,Large,Rented,12712,3,4,4555,6754,10203,7705,14858,Yes,15187,685,745622,295110,Home Appliances,212337,47,20113.449999999997,High_Risk
47,Male,Married,High School,115782,Government,15,Small,Own,1029,6,3,6538,13859,10623,21623,17338,Yes,6585,767,765465,425360,Vehicle,732567,30,13365.449999999999,Eligible
40,Male,Married,Graduate,188998,Government,24,Medium,Family,22968,2,1,7695,27704,14972,3697,14430,No,1538,793,849848,224884,Personal Loan,1254586,69,33597.9,Eligible
55,Female,Married,Post Graduate,87590,Government,11,Large,Family,24475,5,4,6556,19518,12448,5066,16515,Yes,5177,825,629814,198836,Education,153903,40,500.0,Not_Eligible
35,Male,Single,Post Graduate,184899,Private,3,Small,Rented,20835,4,0,2164,14673,9648,13578,604,Yes,6542,450,452364,466883,Vehicle,818295,55,40899.25,Not_Eligible
40,Male,Single,Post Graduate,123263,Self-employed,4,Small,Family,19350,2,3,5268,26387,6010,9914,4661,No,21179,477,34476,450751,Personal Loan,36948,8,10672.9,Not_Eligible
32,Male,Single,Graduate,190847,Government,1,Large,Own,7755,2,4,6252,29396,12256,7674,17784,No,13058,844,601456,479362,Personal Loan,603158,16,33835.2,Eligible
28,Male,Married,High School,187273,Private,18,Large,Own,553,5,1,14571,17198,5051,5073,11458,Yes,7579,308,128909,279294,Vehicle,1476313,38,44026.5,Not_Eligible
28,Male,Married,Professional,44373,Government,0,Small,Family,16651,2,2,6121,8723,4576,22596,12545,Yes,26286,650,979578,345496,Vehicle,379427,53,500.0,Not_Eligible
49,Male,Single,Graduate,42525,Private,3,Small,Rented,14203,4,4,2873,758,8835,6813,11085,Yes,10816,502,171441,253341,Vehicle,1290829,79,500.0,Not_Eligible
27,Male,Married,Post Graduate,142716,Government,11,Large,Own,23519,6,0,1450,16389,9095,4050,6447,No,9652,562,131970,164003,Vehicle,1467812,46,25239.899999999998,Not_Eligible
56,Female,Single,High School,119513,Government,1,Large,Own,1240,4,1,5105,8776,7653,5152,2548,No,5011,448,770234,43341,Education,98988,47,29409.8,Not_Eligible
27,Female,Married,Professional,144401,Government,11,Medium,Rented,4159,6,4,5636,29290,3292,10689,14915,No,13322,391,811354,318376,Home Appliances,1063125,75,22084.3,Not_Eligible
51,Male,Married,Professional,111643,Private,30,Medium,Own,18873,4,2,1203,3676,5879,14023,12075,Yes,1816,826,980375,291990,E-commerce Shopping,168245,43,18934.3,Eligible
53,Male,Single,Graduate,176558,Government,15,Medium,Family,24242,4,3,7052,17918,8205,18638,1885,No,26814,755,305747,428792,Education,1055929,8,25131.399999999998,Eligible
56,Female,Single,Graduate,164712,Private,1,Large,Family,10780,1,3,10064,13084,2138,29926,338,Yes,5635,759,849503,42673,Vehicle,948600,9,32461.449999999997,Eligible
43,Female,Married,Professional,112694,Private,16,Large,Rented,21778,4,3,4491,17868,3545,16323,5803,No,6994,752,654288,477297,Personal Loan,275602,49,12562.199999999999,Eligible
45,Female,Single,Professional,51136,Self-employed,25,Large,Rented,8661,1,1,3024,29027,10552,25171,6558,Yes,28213,499,981962,255503,Education,834484,35,500.0,Not_Eligible
29,Female,Single,Post Graduate,71539,Private,27,Small,Family,3287,4,2,6144,2266,4190,14340,910,No,6203,336,718296,265819,E-commerce Shopping,994736,24,11969.65,Not_Eligible
42,Female,Married,Professional,171014,Private,1,Large,Rented,28512,4,2,2055,2414,9247,6089,14402,Yes,4251,687,641445,418763,E-commerce Shopping,243993,69,36415.399999999994,High_Risk
52,Male,Married,Graduate,83363,Private,3,Small,Family,18403,5,4,2191,13176,5519,23025,13010,No,11401,732,527266,460743,Education,49460,79,500.0,Not_Eligible
46,Female,Married,High School,96526,Private,5,Large,Rented,10215,6,3,9870,16944,12383,3173,5500,Yes,13306,847,717279,164667,Personal Loan,1334448,15,8797.25,High_Risk
45,Female,Single,Post Graduate,50255,Private,28,Large,Family,9781,4,1,14610,20843,13337,12616,4614,No,6612,393,106801,301416,Personal Loan,933386,58,500.0,Not_Eligible
30,Female,Married,Post Graduate,133209,Self-employed,27,Small,Own,29549,2,3,7832,25989,12628,10254,896,Yes,9891,490,306631,420028,Personal Loan,1236011,79,12659.5,Not_Eligible
25,Male,Married,Professional,101437,Government,22,Large,Own,15951,4,3,12574,1318,11151,23287,8424,No,13903,775,332462,130801,Home Appliances,1496455,14,5190.15,High_Risk
29,Male,Married,High School,162349,Self-employed,6,Large,Family,5313,3,4,10729,2552,14673,10510,2758,No,19360,465,45326,244461,Personal Loan,1345661,7,33758.9,Not_Eligible
36,Male,Married,Post Graduate,147715,Self-employed,22,Large,Own,15047,5,4,9857,29983,11321,19832,9016,Yes,24890,339,946384,279301,E-commerce Shopping,1228617,79,9719.15,Not_Eligible
50,Male,Married,Graduate,130900,Government,14,Medium,Family,10252,5,4,4728,22704,5977,17389,11848,Yes,26284,363,59927,452902,Vehicle,1209791,57,11101.3,Not_Eligible
58,Male,Single,Professional,38729,Private,19,Large,Rented,4317,4,0,5690,5418,7704,29026,697,No,29874,751,428991,238084,Vehicle,869006,78,500.0,Not_Eligible
38,Male,Married,Graduate,36818,Government,11,Small,Own,22208,3,0,4824,13595,7191,8835,16154,No,13357,681,21650,212738,E-commerce Shopping,70913,76,500.0,Not_Eligible
50,Female,Married,Professional,80555,Private,4,Small,Own,9611,6,1,12318,19244,6765,20165,17445,Yes,11660,746,549136,479305,Personal Loan,892567,17,500.0,Not_Eligible
51,Male,Single,Post Graduate,113979,Government,13,Small,Own,25456,4,1,3011,6720,9429,22952,247,No,21247,574,44680,429085,Vehicle,751599,68,8720.949999999999,Not_Eligible
33,Male,Married,Professional,68629,Self-employed,15,Large,Family,838,2,4,7619,1077,4039,27747,10198,No,22659,377,729779,281866,E-commerce Shopping,629581,40,500.0,Not_Eligible
50,Female,Married,High School,130296,Private,10,Small,Own,25327,5,2,8435,27442,9580,14961,1919,Yes,20137,424,182698,498306,Personal Loan,1313396,82,7873.249999999999,Not_Eligible
46,Male,Single,Graduate,70438,Self-employed,11,Medium,Rented,8461,5,1,8331,26410,12598,29984,1611,No,2458,820,672219,405518,Home Appliances,292254,57,500.0,Not_Eligible
54,Female,Married,High School,24457,Private,18,Small,Own,27945,6,0,2448,21823,9876,21667,4192,Yes,16519,588,292922,380331,Vehicle,1055007,57,500.0,Not_Eligible
41,Female,Single,Graduate,48922,Government,16,Large,Rented,13922,3,0,724,2526,4983,19816,3663,Yes,29288,426,270991,9781,Personal Loan,178937,49,500.0,Not_Eligible
50,Male,Married,Graduate,155892,Government,29,Medium,Own,4827,1,3,9756,15901,1186,24519,11519,Yes,17197,515,793038,478848,Personal Loan,1300448,16,24845.449999999997,Not_Eligible
60,Female,Single,Professional,178822,Government,23,Small,Own,23371,6,4,12451,721,11935,7945,1377,No,11143,405,814508,336908,Vehicle,80809,17,38457.649999999994,Not_Eligible
25,Female,Single,Post Graduate,123122,Government,25,Medium,Rented,12903,3,2,103,9436,4428,25089,14313,No,18392,790,994284,121406,Personal Loan,695511,37,13460.3,Eligible
32,Female,Married,Post Graduate,117020,Government,26,Small,Own,19887,2,4,4047,5801,11602,4859,2863,No,18457,356,994828,173367,Education,897144,33,17326.399999999998,Not_Eligible
59,Female,Single,High School,183862,Self-employed,6,Large,Rented,28536,3,0,62,22437,8758,28926,9742,No,6656,579,553043,356262,Education,1046378,36,27560.75,Not_Eligible
39,Male,Single,Professional,103405,Self-employed,29,Medium,Rented,14400,6,2,2062,1345,12426,6919,14178,Yes,23520,471,837788,233317,Home Appliances,1401112,75,9994.25,Not_Eligible
46,Female,Married,Post Graduate,131130,Private,8,Small,Rented,24208,1,1,12061,29252,7754,13866,11631,Yes,25341,404,963931,273474,E-commerce Shopping,1249221,9,2455.95,Not_Eligible
38,Male,Married,Graduate,180493,Self-employed,13,Small,Own,2075,2,3,3565,745,4388,9390,2312,No,20178,305,723340,216989,Education,261402,40,48244.0,Not_Eligible
50,Female,Single,Graduate,83038,Private,25,Medium,Own,17696,2,0,10418,13326,6069,3548,8496,Yes,6076,333,187294,300651,Education,1062187,3,6093.15,Not_Eligible
52,Female,Married,Professional,77325,Private,19,Medium,Rented,16279,1,3,9738,8124,3934,24444,4879,No,12755,838,321088,203176,Home Appliances,750317,16,500.0,Not_Eligible
47,Female,Single,High School,40600,Self-employed,11,Medium,Own,14190,4,4,6584,5599,14270,22958,17695,No,2769,829,66766,44121,Education,1073997,27,500.0,Not_Eligible
38,Male,Single,Professional,175466,Self-employed,14,Medium,Family,18668,3,2,6668,877,5371,3166,11032,Yes,3673,816,503240,110986,Education,330438,10,44103.85,Eligible
48,Male,Married,High School,182243,Private,11,Small,Rented,24959,6,4,4822,24709,14112,22896,12125,No,29734,771,716576,230987,Vehicle,1291699,42,17110.1,Eligible
26,Male,Married,Professional,76526,Self-employed,20,Small,Rented,28756,2,3,14646,4813,7934,14952,7842,Yes,27528,554,349722,401359,Home Appliances,594306,8,500.0,Not_Eligible
50,Female,Single,Graduate,28149,Self-employed,20,Small,Family,15084,6,0,12264,25623,6987,21784,8327,Yes,28698,546,936585,416373,Personal Loan,15192,81,500.0,Not_Eligible
38,Female,Married,Professional,176466,Self-employed,28,Large,Family,12533,3,3,4833,10616,7859,6170,6631,No,8389,616,66323,366165,Personal Loan,1269618,22,41802.25,High_Risk
31,Female,Married,Post Graduate,160468,Government,22,Medium,Rented,14723,1,0,3646,7764,4969,12839,19696,Yes,15251,550,379697,176917,E-commerce Shopping,362958,83,28553.0,Not_Eligible
27,Female,Single,Post Graduate,169396,Government,12,Small,Family,15264,5,3,9982,7309,13186,22573,19235,Yes,9189,647,644512,29349,E-commerce Shopping,556098,61,25430.3,High_Risk
47,Male,Single,Professional,193270,Private,8,Medium,Rented,16246,1,4,14291,10891,13764,5621,19416,No,20416,374,269571,168459,Education,1489884,8,32418.749999999996,Not_Eligible
42,Female,Single,High School,127168,Self-employed,23,Medium,Own,14601,3,3,129,9654,12441,24542,18790,Yes,15077,539,463719,126371,Education,535577,41,11176.9,Not_Eligible
59,Male,Single,High School,124813,Private,6,Small,Family,19192,2,1,3015,17731,3751,6401,3065,No,15887,435,988035,68401,Personal Loan,1129609,12,19519.85,Not_Eligible
39,Female,Single,Graduate,106779,Self-employed,29,Medium,Rented,8995,3,4,14263,29817,9173,9466,14990,Yes,14275,526,265015,300263,Home Appliances,155945,11,2029.9999999999998,Not_Eligible
49,Male,Single,Graduate,177088,Government,0,Medium,Rented,14563,5,3,7669,1364,2575,18293,11359,Yes,17730,758,830322,83615,Vehicle,1324686,36,36237.25,Eligible
52,Male,Married,High School,149266,Self-employed,27,Medium,Rented,28911,2,3,13574,16348,7503,9172,7886,No,14357,385,767705,381100,E-commerce Shopping,1292801,79,18030.25,Not_Eligible
34,Female,Single,Professional,47398,Self-employed,9,Medium,Family,25672,5,2,5290,15538,2259,16026,13659,No,13384,759,228357,497572,Education,942788,57,500.0,Not_Eligible
41,Female,Married,Graduate,19789,Self-employed,28,Medium,Own,11934,4,4,926,25807,2056,3542,8322,Yes,1719,411,297510,221890,E-commerce Shopping,1149626,77,500.0,Not_Eligible
46,Male,Married,High School,79967,Government,5,Small,Own,12675,6,2,1980,14289,6660,12531,626,No,28535,368,132417,149272,Personal Loan,1041024,77,934.8499999999999,Not_Eligible
50,Female,Single,High School,113837,Government,25,Small,Family,6521,1,4,5525,4261,9736,27526,16671,Yes,25016,661,337604,203858,Home Appliances,748581,63,6503.349999999999,High_Risk
49,Female,Married,Professional,171049,Government,14,Medium,Rented,6355,4,0,9917,23592,7243,14776,5886,Yes,26549,585,89011,278372,Personal Loan,1397115,61,26855.85,Not_Eligible
41,Male,Single,Post Graduate,116967,Private,14,Medium,Rented,20103,3,4,1819,28281,7800,11759,19091,No,8583,742,725648,360049,Vehicle,632115,81,6835.849999999999,High_Risk
37,Male,Married,High School,146201,Self-employed,8,Medium,Rented,4771,4,4,5107,4082,1329,22922,2103,Yes,26246,450,212508,355429,Home Appliances,643287,13,27874.35,Not_Eligible
44,Male,Single,Graduate,74683,Government,12,Large,Family,2696,1,3,12736,17963,14376,26396,2381,Yes,9547,809,528957,407656,Vehicle,556592,15,500.0,Not_Eligible
49,Male,Single,Professional,60331,Private,22,Medium,Family,12458,2,1,10399,29770,3169,13937,1634,No,28672,783,178414,371504,Vehicle,537833,64,500.0,Not_Eligible
28,Female,Single,Professional,49626,Government,0,Large,Rented,13463,6,4,11480,21983,10770,21324,14183,No,21387,740,623694,42026,Home Appliances,463812,73,500.0,Not_Eligible
34,Male,Single,Professional,194575,Self-employed,8,Large,Rented,5796,5,2,4783,3419,4006,27501,15145,No,2255,475,498196,112914,Vehicle,371726,24,46084.5,Not_Eligible
27,Male,Married,Post Graduate,173621,Private,2,Large,Rented,808,2,1,2895,18401,6840,25726,15176,No,12301,328,518747,441167,E-commerce Shopping,1365100,40,32015.899999999998,Not_Eligible
42,Male,Married,Post Graduate,27342,Government,29,Small,Family,10343,6,4,1756,20401,8145,4760,11447,Yes,5341,674,718356,59161,Education,1417644,16,500.0,Not_Eligible
60,Female,Married,Graduate,51417,Government,8,Large,Family,3293,4,1,10729,3037,3523,13421,13096,Yes,2026,730,992443,340064,Home Appliances,1180341,8,802.1999999999999,Not_Eligible
46,Male,Married,Graduate,198321,Private,19,Medium,Own,9497,3,0,2327,14501,11981,17465,12291,Yes,4339,684,701091,454670,Personal Loan,215156,33,44072.0,High_Risk
58,Female,Married,Professional,67664,Private,30,Medium,Rented,3459,4,1,10320,17145,5222,8773,17995,Yes,20114,650,422124,265524,Personal Loan,722826,53,500.0,Not_Eligible
32,Male,Single,Graduate,23833,Private,24,Small,Rented,18803,1,0,3196,13397,3915,23329,10674,Yes,1298,519,802784,172260,Education,100425,5,500.0,Not_Eligible
43,Male,Single,High School,75658,Private,28,Small,Own,4224,1,1,10409,12164,14497,17466,13069,Yes,1612,793,315445,10771,Personal Loan,1060894,19,775.9499999999999,Not_Eligible
30,Female,Single,Post Graduate,175545,Private,14,Medium,Rented,7571,3,1,3653,29320,10964,22085,5513,No,107,446,229943,116356,Education,1211333,22,33716.2,Not_Eligible
50,Male,Single,Professional,146809,Government,23,Small,Own,22747,6,2,11353,15180,11330,20412,8032,No,1353,501,553204,420671,E-commerce Shopping,484866,9,19740.699999999997,Not_Eligible
58,Male,Single,Professional,109965,Private,6,Small,Family,25772,2,2,10619,12838,6674,9310,1401,Yes,1646,712,755041,205231,Personal Loan,1116559,19,14596.749999999998,Eligible
30,Female,Married,High School,192719,Private,3,Large,Own,20951,1,3,13147,16982,2956,7480,17937,Yes,4220,519,265331,213927,Personal Loan,570206,60,38166.1,Not_Eligible
57,Male,Single,High School,79054,Self-employed,24,Large,Own,14171,1,1,6254,26778,7189,23087,6744,Yes,17500,682,523368,133117,E-commerce Shopping,360265,29,500.0,Not_Eligible
46,Male,Single,High School,16299,Government,19,Small,Family,15323,3,0,4259,3743,3072,16866,11419,No,8603,849,271599,149271,Personal Loan,253120,15,500.0,Not_Eligible
45,Male,Married,High School,80875,Self-employed,16,Medium,Rented,19908,2,1,414,8608,11588,10259,3570,Yes,3020,550,720175,33605,Personal Loan,701705,7,8227.8,Not_Eligible
30,Male,Married,Professional,178992,Government,21,Large,Own,6751,4,4,12286,11625,14922,20125,13320,No,236,577,436094,492427,E-commerce Shopping,1214781,67,34904.45,Not_Eligible
30,Female,Single,Post Graduate,188453,Government,3,Medium,Own,9717,5,0,14975,19801,12007,29351,8851,Yes,2702,353,237501,234111,E-commerce Shopping,270850,19,31867.149999999998,Not_Eligible
28,Male,Single,Post Graduate,129286,Government,25,Small,Rented,15411,3,4,12442,15505,1872,21618,17348,No,8400,737,697890,268035,E-commerce Shopping,271685,39,12841.5,Eligible
54,Female,Married,High School,113730,Private,18,Medium,Own,6237,2,3,6337,14027,8497,20997,17371,Yes,13630,510,285910,467567,Personal Loan,295391,18,9321.9,Not_Eligible
35,Male,Single,Graduate,71298,Self-employed,27,Medium,Family,9791,5,4,8146,6210,7004,6536,8804,No,23574,817,493322,383658,Education,1144589,20,500.0,Not_Eligible
54,Female,Single,Professional,170581,Government,4,Medium,Own,9236,3,3,13787,18948,7437,19142,16295,No,23978,500,478692,356300,Education,1345380,5,21615.3,Not_Eligible
55,Male,Single,Post Graduate,136035,Government,15,Medium,Rented,10345,4,3,10027,24525,13533,19941,7366,No,12297,342,906434,450227,Home Appliances,1369496,20,13300.349999999999,Not_Eligible
48,Female,Married,High School,188167,Government,2,Small,Rented,14159,4,3,10260,1082,8333,16830,18514,Yes,22435,547,669039,406510,Home Appliances,883286,43,33793.9,Not_Eligible
33,Male,Single,Graduate,197596,Self-employed,10,Small,Own,5319,2,4,2870,29678,9448,16993,7221,Yes,15103,664,641278,243092,Personal Loan,546925,80,38837.399999999994,High_Risk
27,Female,Single,Graduate,124825,Government,24,Large,Rented,18251,2,3,9214,587,5917,10430,14165,No,21438,617,327423,157380,Personal Loan,66151,19,15688.05,High_Risk
55,Female,Married,High School,130637,Self-employed,27,Large,Rented,1375,4,3,6252,29443,5032,25446,15953,Yes,19632,794,804761,411020,Education,1317105,63,9626.4,High_Risk
60,Male,Married,Professional,87618,Self-employed,21,Large,Own,8130,4,2,398,10999,14077,12559,11406,No,16269,670,986655,319745,Vehicle,867991,49,4823.0,Not_Eligible
48,Female,Married,Post Graduate,40532,Private,14,Large,Own,21785,3,1,11169,23567,4260,20241,9468,No,19197,487,700100,401771,Home Appliances,1139152,74,500.0,Not_Eligible
55,Male,Single,Graduate,123197,Government,18,Medium,Rented,25187,6,3,11111,3658,8166,4810,4966,No,2337,570,349038,326789,Education,22769,70,22036.699999999997,Not_Eligible
30,Male,Married,Post Graduate,145860,Government,20,Large,Own,6992,6,0,3970,15845,9885,21740,19890,No,5726,557,294404,220252,Personal Loan,561507,26,21634.199999999997,Not_Eligible
26,Male,Single,Post Graduate,75285,Self-employed,23,Large,Family,13850,2,0,8320,10415,8442,17169,13764,Yes,10022,541,462589,294550,Home Appliances,623470,49,500.0,Not_Eligible
44,Male,Married,Graduate,33866,Self-employed,13,Medium,Own,19700,5,2,9724,12609,14026,17351,7719,Yes,18335,393,692032,160073,Home Appliances,244529,58,500.0,Not_Eligible
52,Male,Single,High School,153665,Private,15,Small,Rented,13235,4,4,14615,21964,5037,23449,8420,No,10319,807,46646,366035,Home Appliances,825684,77,19819.1,Eligible
35,Female,Married,Graduate,24495,Government,23,Large,Family,17982,5,4,6570,10375,8201,15349,17402,No,20185,594,875343,98648,Personal Loan,966149,78,500.0,Not_Eligible
28,Male,Single,Graduate,22837,Self-employed,5,Small,Rented,4949,2,4,1050,14763,14006,22890,9412,No,7888,779,781412,17059,Education,33765,16,500.0,Not_Eligible
39,Male,Single,Professional,164752,Government,4,Large,Rented,6572,2,3,2952,16148,1555,23771,2879,Yes,18837,319,302839,433673,Vehicle,1317638,73,32213.3,Not_Eligible
30,Male,Married,Post Graduate,45346,Government,30,Small,Family,26553,1,4,343,5913,13148,26714,14214,No,27747,703,678188,63898,Personal Loan,603580,69,500.0,Not_Eligible
54,Male,Married,High School,123621,Government,20,Large,Own,29733,4,4,9616,10213,6609,28322,6657,Yes,6562,718,967596,52614,Home Appliances,1210798,13,9068.15,High_Risk
26,Male,Single,Post Graduate,38412,Self-employed,16,Small,Rented,13730,6,1,603,21410,7642,26319,3357,No,26646,715,913616,334385,E-commerce Shopping,554565,4,500.0,Not_Eligible
39,Male,Married,Graduate,133833,Government,15,Small,Own,12589,6,3,13606,23438,14556,19624,14794,Yes,16152,828,211764,338708,Education,415653,19,6675.9,High_Risk
35,Female,Single,High School,176876,Self-employed,1,Large,Own,17022,2,3,9782,29351,10469,16636,16228,No,27332,435,790550,495701,Personal Loan,281599,44,17519.6,Not_Eligible
32,Female,Married,High School,80206,Private,30,Small,Family,4166,2,0,14531,28189,6228,18734,5734,No,25989,414,297583,186413,Home Appliances,901975,60,500.0,Not_Eligible
50,Male,Married,High School,25934,Private,27,Large,Rented,10114,4,0,7036,10561,13401,24404,11296,Yes,8438,805,401235,191441,Vehicle,182859,25,500.0,Not_Eligible
29,Female,Single,High School,45723,Self-employed,10,Large,Family,645,1,1,4828,25935,10139,10912,13064,Yes,22105,479,225531,423424,Home Appliances,139252,35,500.0,Not_Eligible
30,Male,Married,Professional,142968,Government,3,Medium,Family,5884,1,2,5932,17164,5580,20536,1546,No,29436,624,287492,387416,Home Appliances,1189931,47,19911.5,High_Risk
50,Male,Married,High School,166477,Private,5,Large,Rented,23052,1,3,4251,26112,5373,28528,13691,No,14267,489,186736,326070,Personal Loan,1328346,80,17921.05,Not_Eligible
28,Male,Single,Graduate,164820,Private,26,Large,Rented,12461,1,0,6583,170,14340,16960,1611,No,18917,490,373538,358452,Vehicle,480346,51,32822.299999999996,Not_Eligible
43,Male,Single,Professional,192485,Self-employed,6,Large,Family,26574,3,4,2148,5019,1397,23323,3977,No,24069,588,315574,433556,E-commerce Shopping,736486,22,37092.299999999996,Not_Eligible
44,Male,Married,Graduate,168426,Self-employed,16,Large,Family,16473,4,3,6044,20608,1221,5574,5107,No,13330,465,364982,349296,Personal Loan,1357817,55,35024.149999999994,Not_Eligible
57,Female,Single,Graduate,136988,Self-employed,7,Medium,Family,14703,4,3,747,19111,3365,22684,4612,Yes,28138,557,702343,58333,Education,1230940,19,15269.8,Not_Eligible
44,Female,Married,Post Graduate,163460,Self-employed,27,Medium,Rented,15136,4,3,8691,13729,2777,24221,10519,No,8978,535,531238,476575,Vehicle,1210170,10,27793.149999999998,Not_Eligible
36,Female,Married,High School,51523,Self-employed,0,Medium,Rented,11470,6,0,3356,29068,5060,27751,14325,Yes,21613,693,158804,445410,E-commerce Shopping,249002,9,500.0,Not_Eligible
25,Female,Single,High School,116150,Self-employed,24,Medium,Family,15421,1,1,5188,2108,4954,9947,555,Yes,15214,784,711830,323822,E-commerce Shopping,915970,39,21967.05,Eligible
50,Male,Single,Graduate,135950,Self-employed,14,Small,Rented,26942,1,0,5898,15476,12714,9901,14226,Yes,5726,759,707645,155661,Vehicle,298864,51,15773.449999999999,Eligible
38,Female,Single,High School,181804,Government,19,Large,Rented,25399,6,4,385,9850,6728,20460,9193,Yes,29668,784,924236,290598,Education,1202308,70,28042.35,Eligible
35,Male,Single,Professional,56646,Government,11,Medium,Rented,550,6,4,4233,9987,13630,3334,16501,No,23126,314,715441,44669,Home Appliances,258042,32,500.0,Not_Eligible
60,Female,Single,Post Graduate,167093,Government,14,Large,Own,24635,2,2,12535,6616,1774,16186,18911,No,10635,770,955902,17705,Personal Loan,1217715,54,26530.35,Eligible
37,Female,Single,High School,67776,Government,22,Medium,Own,5224,3,0,6246,2785,1339,16864,3851,No,21516,544,523717,89500,Education,761476,56,3482.85,Not_Eligible
27,Female,Married,High School,34116,Private,26,Large,Family,13550,6,0,13931,396,1006,25820,3761,Yes,341,550,179360,103164,E-commerce Shopping,1414687,54,500.0,Not_Eligible
57,Female,Married,Professional,127858,Government,29,Small,Own,5581,4,2,1735,25379,2296,15730,11092,No,28593,465,565139,190439,Education,1184442,44,13108.199999999999,Not_Eligible
30,Male,Single,Post Graduate,91620,Private,21,Medium,Family,28798,3,2,2557,8031,1287,4730,6371,Yes,21186,803,273272,136479,Home Appliances,1323019,29,6531.0,High_Risk
34,Female,Married,Professional,190843,Private,14,Small,Family,20562,6,3,13686,19388,1892,8255,13592,No,6731,505,868496,393226,Education,516223,5,37357.95,Not_Eligible
29,Female,Married,Graduate,174828,Private,28,Small,Rented,9435,4,3,4822,11961,7990,6853,5703,No,9374,420,85508,151707,Education,128824,18,41541.5,Not_Eligible
47,Male,Married,Graduate,97604,Self-employed,8,Large,Family,3479,1,4,1178,7764,9908,21108,9240,No,17430,787,69345,446916,E-commerce Shopping,93243,79,9623.949999999999,High_Risk
34,Male,Married,High School,109452,Private,15,Medium,Family,9137,1,1,14422,27865,5279,3802,3000,No,1020,578,437420,263935,Education,253635,73,15724.449999999999,Not_Eligible
26,Female,Single,Post Graduate,148991,Private,29,Small,Family,26216,4,4,879,8846,2853,3911,7422,Yes,14028,836,470032,172770,Personal Loan,555552,77,29692.6,Eligible
37,Male,Married,Graduate,38550,Private,1,Large,Family,26528,5,0,1505,7644,1569,18115,5515,Yes,16252,785,181324,20531,Vehicle,565315,44,500.0,Not_Eligible
26,Male,Married,Professional,182596,Self-employed,14,Large,Rented,6091,1,1,5328,10068,5718,22451,18609,No,27887,807,293438,417448,E-commerce Shopping,1000998,77,30255.399999999998,Eligible
44,Male,Single,Graduate,85227,Government,14,Large,Rented,2633,2,3,1006,24843,9834,10021,10379,No,23353,518,486069,218290,Vehicle,75816,58,1105.3,Not_Eligible
25,Female,Single,Graduate,38212,Government,26,Small,Family,6790,6,2,5297,14411,4672,11527,9297,Yes,2242,499,128334,42630,Education,488725,35,500.0,Not_Eligible
33,Male,Single,Professional,55118,Private,6,Large,Own,3501,1,2,3657,1092,13272,27571,12719,Yes,8902,382,996144,80800,Home Appliances,684249,31,500.0,Not_Eligible
41,Female,Single,High School,43602,Private,26,Large,Own,889,2,4,5109,9660,7991,17147,19377,Yes,27636,575,92134,140250,E-commerce Shopping,801015,64,500.0,Not_Eligible
33,Female,Married,Post Graduate,32540,Government,20,Large,Family,8765,3,0,10497,9513,7773,15706,4862,Yes,17545,521,860275,122478,Education,467525,68,500.0,Not_Eligible
35,Female,Single,High School,181901,Government,12,Small,Rented,25088,1,0,272,17881,12520,15072,10292,Yes,2557,840,986604,366648,Education,264797,10,34376.65,Eligible
39,Female,Married,Professional,86455,Government,22,Large,Family,23630,6,2,2895,7327,3551,7332,19824,Yes,21726,361,811918,122842,Home Appliances,403622,45,500.0,Not_Eligible
48,Male,Married,Graduate,37277,Government,16,Small,Family,14197,1,4,3095,4993,1109,17140,12954,No,29507,697,666892,453592,Education,1238727,49,500.0,Not_Eligible
59,Female,Single,Post Graduate,134133,Private,10,Large,Rented,4160,6,4,11064,3079,4650,21399,11842,Yes,5547,465,965435,154581,Personal Loan,1162948,14,25337.199999999997,Not_Eligible
54,Male,Single,High School,163748,Private,26,Small,Own,10156,3,3,1606,26330,4219,6659,1996,Yes,24389,430,159748,417802,Home Appliances,1014446,42,30937.55,Not_Eligible
55,Female,Single,Professional,188916,Private,9,Small,Family,4051,6,3,12882,9700,1731,15793,1074,Yes,14161,610,626776,390466,E-commerce Shopping,746358,7,45333.399999999994,High_Risk
29,Male,Single,Graduate,24752,Government,24,Medium,Rented,18614,2,3,2447,9013,13501,16268,14378,No,29665,505,135762,59421,E-commerce Shopping,150690,58,500.0,Not_Eligible
38,Female,Single,Graduate,186742,Self-employed,0,Medium,Rented,21569,5,1,6496,12167,12235,3398,10895,No,8918,704,706092,214491,Vehicle,1364858,59,38872.399999999994,Eligible
35,Male,Single,High School,177550,Government,13,Medium,Family,16227,6,4,11043,2135,6693,13850,866,No,29703,462,936643,406888,Personal Loan,660444,79,33961.549999999996,Not_Eligible
33,Female,Married,Professional,172511,Government,4,Small,Rented,23759,6,4,1324,17548,9759,14586,3782,No,14193,599,780459,414416,Personal Loan,85128,3,30645.999999999996,Not_Eligible
58,Female,Married,Graduate,180819,Self-employed,29,Large,Family,6197,2,3,10249,18956,12240,18290,10324,Yes,22743,471,604002,129046,E-commerce Shopping,1251185,35,28637.0,Not_Eligible
36,Male,Married,Graduate,140332,Self-employed,7,Large,Own,13532,4,2,3902,21305,6556,23481,14016,Yes,12571,468,382344,478002,Education,311625,62,15739.15,Not_Eligible
59,Female,Married,Post Graduate,175882,Government,0,Small,Family,2283,4,3,7210,21054,8104,18993,10269,Yes,9708,454,670081,307937,Personal Loan,1493088,75,34391.35,Not_Eligible
59,Female,Single,Graduate,33302,Self-employed,6,Large,Own,4984,4,1,3122,13654,12063,27453,9362,Yes,12726,391,774664,444756,Personal Loan,1303215,36,500.0,Not_Eligible
25,Female,Single,High School,81236,Self-employed,1,Small,Rented,16995,6,2,10958,686,10549,3015,4183,No,14078,455,513621,408068,Education,135104,74,7270.2,Not_Eligible
46,Male,Married,Professional,79467,Self-employed,6,Large,Family,25013,3,4,10346,9166,14740,7374,7469,No,6466,304,429436,348977,Home Appliances,440689,35,500.0,Not_Eligible
53,Female,Married,Professional,117350,Government,6,Small,Rented,13414,2,1,4866,27863,14134,24854,13115,Yes,22220,490,748867,172287,Education,1477104,58,500.0,Not_Eligible
32,Female,Married,Post Graduate,180913,Government,8,Medium,Family,26035,6,1,1729,8697,8263,9513,16974,No,22438,850,361827,396459,Vehicle,1009674,78,30542.399999999998,Eligible
35,Male,Single,Professional,190785,Self-employed,21,Medium,Rented,6837,1,2,5354,18154,2071,20960,16098,No,24224,309,671408,343927,Vehicle,1138348,23,33980.45,Not_Eligible
38,Male,Single,High School,195618,Private,3,Large,Own,23490,6,3,4585,15958,8973,16250,7191,Yes,28273,383,942408,8718,E-commerce Shopping,58629,70,31814.3,Not_Eligible
54,Male,Single,Graduate,18048,Self-employed,22,Large,Family,13732,4,3,2722,16457,8445,27953,2224,No,29428,776,325391,482817,Home Appliances,1080436,6,500.0,Not_Eligible
59,Male,Married,Post Graduate,179362,Self-employed,6,Large,Rented,7275,2,0,12762,21285,6071,8174,5333,Yes,6858,328,145268,252823,Personal Loan,1388519,51,39061.399999999994,Not_Eligible
45,Male,Married,Professional,73906,Government,19,Large,Family,8715,1,2,4676,16964,8370,17467,15023,No,6556,711,922544,413365,E-commerce Shopping,291007,13,500.0,Not_Eligible
29,Female,Single,Post Graduate,91637,Private,17,Medium,Family,3577,2,3,2894,27716,3246,24869,6133,Yes,26840,694,62262,63241,E-commerce Shopping,382559,7,500.0,Not_Eligible
43,Female,Single,Post Graduate,44778,Self-employed,12,Medium,Own,14739,3,1,11555,24798,11747,12571,11460,Yes,23696,512,593154,448290,Personal Loan,783836,62,500.0,Not_Eligible
38,Female,Married,Professional,173497,Private,10,Small,Rented,22870,4,3,10032,12199,11568,25299,4904,Yes,27556,770,584434,145448,Personal Loan,1183555,32,20674.149999999998,Eligible
50,Male,Married,Post Graduate,135918,Government,8,Large,Family,29471,5,3,7648,17280,2920,14505,4898,Yes,16005,520,74465,356654,Education,580015,68,15116.849999999999,Not_Eligible
28,Female,Single,Professional,105036,Private,13,Medium,Family,11590,6,1,14795,2433,7012,28329,18879,Yes,23725,451,617259,326781,Vehicle,638584,18,500.0,Not_Eligible
49,Male,Married,High School,158746,Government,7,Small,Family,18645,4,2,1961,3952,9315,4307,2483,No,19725,334,658404,127733,Personal Loan,729562,84,34425.299999999996,Not_Eligible
49,Male,Single,Professional,179125,Self-employed,20,Small,Family,1023,4,0,6568,7452,7343,12850,19985,Yes,28626,360,335855,328020,Education,48815,78,33347.299999999996,Not_Eligible
42,Female,Single,Graduate,26957,Government,13,Small,Family,26155,3,3,12616,2169,1074,7532,12052,Yes,4772,575,52468,325533,Vehicle,617059,14,500.0,Not_Eligible
32,Male,Married,Professional,87644,Private,20,Medium,Rented,24897,1,3,4862,14086,2988,10106,3327,No,19313,521,43128,157436,Home Appliances,979912,28,2822.75,Not_Eligible
38,Male,Married,Graduate,199688,Private,16,Small,Family,15437,4,3,12793,25308,9348,8913,10048,No,18026,722,434315,420316,Home Appliances,286718,70,34935.25,Eligible
56,Female,Married,Post Graduate,128294,Private,26,Large,Family,11318,1,2,2675,17848,14445,7774,2000,No,26359,703,462897,106105,Home Appliances,612737,29,16056.249999999998,Eligible
57,Male,Single,Professional,32829,Self-employed,24,Small,Family,11023,1,1,1939,822,8287,15812,4572,No,1874,747,970881,301922,Personal Loan,544204,55,500.0,Not_Eligible
47,Male,Married,Graduate,20837,Private,26,Small,Rented,15430,3,1,12765,25032,4083,9214,6896,Yes,17236,463,440165,207781,Vehicle,502605,50,500.0,Not_Eligible
39,Female,Married,Professional,161104,Private,13,Medium,Family,7235,4,1,13,26787,4818,3053,5233,Yes,3100,440,502454,173593,Vehicle,266725,39,38802.75,Not_Eligible
57,Male,Single,Professional,114770,Private,25,Small,Family,28851,6,1,13014,11526,13230,29636,12644,No,21723,556,362267,28179,Home Appliances,1436390,47,500.0,Not_Eligible
49,Male,Single,Professional,41352,Government,26,Medium,Own,10619,3,1,11250,2139,4691,24879,2364,No,9936,802,287653,188707,E-commerce Shopping,776940,77,500.0,Not_Eligible
41,Female,Married,High School,45215,Private,23,Medium,Own,27556,3,1,745,28425,13171,6642,5828,No,7216,669,554969,330559,Vehicle,1175643,5,500.0,Not_Eligible
57,Female,Single,Graduate,56247,Government,4,Large,Family,20141,5,3,8162,10575,14856,19463,1210,Yes,18424,568,961701,377386,Vehicle,786038,8,500.0,Not_Eligible
26,Female,Single,High School,144692,Private,9,Small,Family,8068,6,3,14515,21065,6239,25348,15625,Yes,5121,462,649973,428711,Education,131244,80,17048.85,Not_Eligible
38,Female,Single,High School,189120,Government,5,Large,Own,25025,3,1,10202,15270,9274,24993,6846,No,8901,829,578794,244241,Home Appliances,538670,8,31013.149999999998,Eligible
30,Male,Married,Graduate,81714,Government,27,Large,Rented,1284,5,1,10805,8505,13980,18049,11205,No,10840,351,839816,9109,E-commerce Shopping,309531,79,2466.1,Not_Eligible
30,Male,Married,Professional,50319,Self-employed,9,Small,Rented,28094,1,2,14640,2649,14539,26587,18182,Yes,69,625,964801,155852,Education,1263154,31,500.0,Not_Eligible
27,Female,Single,High School,134058,Self-employed,10,Small,Own,18044,6,2,4570,10081,4065,26807,546,Yes,4800,357,924362,450638,E-commerce Shopping,1411833,35,22800.75,Not_Eligible
31,Male,Single,High School,31025,Government,25,Medium,Family,14466,6,4,7709,21473,8954,19669,13146,No,24621,582,849310,328207,E-commerce Shopping,840454,19,500.0,Not_Eligible
32,Male,Single,High School,24780,Government,23,Small,Own,5353,1,3,2946,20263,3233,12768,8233,Yes,19518,356,147330,285144,E-commerce Shopping,1060936,59,500.0,Not_Eligible
39,Female,Married,Professional,37706,Self-employed,5,Medium,Rented,903,2,1,12811,7053,10976,28519,1748,No,18038,679,378676,151298,Personal Loan,1156536,13,500.0,Not_Eligible
53,Female,Single,High School,188988,Government,9,Large,Own,9369,6,3,3182,1489,3090,27347,13399,No,23265,308,757871,125764,Vehicle,853802,68,37746.45,Not_Eligible
57,Male,Single,Post Graduate,90503,Self-employed,13,Large,Rented,8521,2,4,3486,1664,6628,10966,11418,No,24404,804,788765,254874,Vehicle,415390,36,8195.6,High_Risk
54,Female,Married,Graduate,176928,Self-employed,19,Medium,Family,25212,1,2,6564,15760,5168,19611,6913,Yes,17300,577,543928,359526,Education,347373,18,28140.0,Not_Eligible
51,Female,Single,Post Graduate,118166,Private,2,Small,Family,10081,4,4,4506,10800,5012,21360,1560,Yes,10736,733,912638,464992,E-commerce Shopping,1184342,43,18938.85,Eligible
60,Female,Married,Professional,24179,Private,6,Small,Family,16365,2,0,4078,2532,2877,21602,3777,Yes,1050,706,251012,362407,E-commerce Shopping,1150077,39,500.0,Not_Eligible
53,Male,Married,High School,184695,Self-employed,28,Medium,Rented,22394,3,2,1907,17039,8186,12712,18950,No,17598,383,195383,56933,Vehicle,1147047,24,30068.149999999998,Not_Eligible
57,Female,Married,Graduate,163659,Self-employed,1,Large,Own,15971,6,3,3991,3718,7308,22700,7856,No,1814,735,493239,204291,E-commerce Shopping,366759,48,35105.35,Eligible
51,Male,Single,High School,169805,Government,6,Medium,Family,10059,2,2,1647,20366,3314,4984,12483,No,3299,672,716723,163498,E-commerce Shopping,404315,37,39778.549999999996,High_Risk
57,Male,Single,Professional,114423,Self-employed,16,Small,Rented,10707,6,4,4776,19058,10655,22848,7019,No,21347,444,278970,66149,E-commerce Shopping,1451435,9,6304.549999999999,Not_Eligible
28,Male,Married,Graduate,138076,Self-employed,12,Small,Family,412,1,1,2663,7444,6247,12942,18151,No,20703,450,995397,227313,Home Appliances,1423194,52,24329.899999999998,Not_Eligible
46,Female,Single,Post Graduate,150047,Private,25,Medium,Own,6639,4,4,8127,6209,4992,6723,1320,No,27942,848,32375,109363,Home Appliances,1472530,17,30833.249999999996,Eligible
26,Female,Married,Graduate,90138,Self-employed,20,Small,Family,3833,1,4,14858,7866,3914,5345,9947,No,1081,500,422486,114935,Home Appliances,530548,6,15152.9,Not_Eligible
34,Female,Single,High School,191535,Government,30,Large,Rented,18799,4,1,1882,4015,12716,9600,15197,No,9004,753,804612,272179,Education,290066,15,42112.7,Eligible
29,Female,Married,Graduate,188226,Self-employed,8,Medium,Rented,18970,6,3,328,22360,12564,4460,12055,Yes,4816,808,781744,23156,E-commerce Shopping,704556,31,39435.549999999996,Eligible
34,Female,Married,Professional,101706,Private,12,Large,Family,21955,2,3,4367,16584,10533,10513,13135,No,6797,661,684375,44353,Home Appliances,128175,52,6237.7,High_Risk
57,Male,Single,Professional,131905,Private,14,Large,Family,26140,3,2,14349,6611,4934,23957,12768,No,6672,491,509474,400829,Home Appliances,1477813,18,12765.9,Not_Eligible
37,Male,Single,Graduate,43830,Private,12,Medium,Rented,12802,3,4,12462,29105,3701,4208,4692,No,9116,829,804199,298578,Personal Loan,120007,3,500.0,Not_Eligible
55,Male,Single,Professional,125076,Private,16,Medium,Family,25056,1,2,10397,8329,5044,6795,3810,Yes,20975,462,581097,113726,Education,563792,36,15634.499999999998,Not_Eligible
60,Female,Single,Professional,192817,Self-employed,7,Small,Family,6557,6,1,4717,11255,1033,5508,826,Yes,6895,578,854976,61618,Home Appliances,293364,82,50000.0,Not_Eligible
48,Male,Married,Professional,45609,Government,8,Small,Family,10467,4,0,9879,1075,3145,4667,8481,No,21541,650,327729,165055,Home Appliances,1195428,35,500.0,Not_Eligible
39,Male,Married,Post Graduate,32401,Government,8,Medium,Own,22664,2,3,12521,18132,14521,17962,7676,Yes,24409,511,157331,47825,Home Appliances,1000957,17,500.0,Not_Eligible
53,Female,Single,High School,173801,Government,7,Medium,Own,12032,4,1,12428,1475,7459,12688,8845,No,16158,434,96601,439931,Personal Loan,1101112,83,35950.6,Not_Eligible
32,Female,Single,Professional,118480,Self-employed,15,Small,Own,27887,4,3,5600,29853,8487,16580,3130,Yes,19553,807,419267,93111,Personal Loan,122885,60,2586.5,Not_Eligible
29,Male,Married,Graduate,133278,Self-employed,19,Small,Family,15126,4,2,2166,6945,13997,27123,1080,Yes,18489,784,249287,218122,Education,226635,83,16923.2,Eligible
53,Male,Single,Professional,191239,Self-employed,29,Small,Rented,2882,6,0,381,4957,10471,15908,3108,No,17754,826,603787,50338,E-commerce Shopping,681434,37,47522.299999999996,Eligible
28,Female,Single,Post Graduate,72391,Government,29,Medium,Family,11935,2,4,11784,29901,6673,25923,8658,Yes,528,685,649577,307082,E-commerce Shopping,363210,55,500.0,Not_Eligible
36,Female,Single,Graduate,141543,Self-employed,6,Medium,Family,2519,6,3,9625,11605,1404,29007,14036,No,8823,758,131374,266656,Education,637145,31,22583.399999999998,Eligible
26,Female,Single,High School,143886,Self-employed,16,Small,Own,12805,4,4,4144,20288,5711,26387,3534,No,25110,396,127258,60993,E-commerce Shopping,477126,78,16067.449999999999,Not_Eligible
51,Female,Married,Graduate,109583,Private,6,Large,Rented,4400,6,2,3881,13627,2924,13112,15696,Yes,20961,313,785138,148471,Vehicle,667666,60,12243.699999999999,Not_Eligible
55,Male,Married,Graduate,152719,Private,5,Large,Own,8846,3,3,8108,28807,11049,28505,2027,Yes,19153,454,987717,218496,E-commerce Shopping,1066379,79,16178.4,Not_Eligible
60,Male,Single,Graduate,167178,Government,4,Small,Rented,26553,1,2,11633,11338,8621,15674,11607,No,8404,429,421684,65568,Personal Loan,1029887,23,25671.8,Not_Eligible
60,Female,Married,Graduate,21015,Private,16,Medium,Family,16564,5,4,11596,448,1881,9677,10159,No,2195,303,985028,86092,Personal Loan,721541,41,500.0,Not_Eligible
50,Male,Single,Professional,36506,Private,7,Medium,Family,20509,4,2,12436,68,14500,22796,2660,No,17503,451,654630,274074,Home Appliances,788860,3,500.0,Not_Eligible
51,Male,Single,High School,39067,Private,25,Large,Family,3019,3,2,10396,23480,7023,27090,14651,No,29131,489,258104,21952,Personal Loan,536686,51,500.0,Not_Eligible
29,Female,Single,Professional,145819,Self-employed,0,Small,Rented,764,6,2,6747,4908,12073,13132,15735,Yes,22787,427,392742,344937,Vehicle,1248754,79,24385.55,Not_Eligible
44,Male,Married,Post Graduate,17056,Private,15,Large,Own,20519,3,1,2199,28208,3902,7309,14299,Yes,20552,755,925105,198876,Vehicle,588747,45,500.0,Not_Eligible
35,Male,Married,Post Graduate,44328,Private,16,Large,Own,10558,1,1,3532,7369,10789,25924,18636,No,20810,377,823095,169132,Vehicle,504069,79,500.0,Not_Eligible
34,Male,Married,Graduate,92712,Private,29,Small,Own,16175,1,3,12663,13302,11131,28167,18410,No,4144,733,810907,124775,Home Appliances,703424,7,500.0,Not_Eligible
30,Female,Married,Professional,67832,Self-employed,30,Large,Rented,27874,5,2,2729,24125,2245,3365,17638,No,19677,424,342007,235605,E-commerce Shopping,976024,57,500.0,Not_Eligible
32,Female,Married,Professional,57771,Government,2,Medium,Rented,27355,5,2,8787,17574,9631,8911,6767,No,23916,511,972379,474982,Home Appliances,230597,80,500.0,Not_Eligible
47,Male,Single,High School,112421,Self-employed,12,Large,Family,29563,5,2,8038,1740,13819,5221,12327,No,17177,492,228839,211539,Personal Loan,551509,82,8587.6,Not_Eligible
50,Female,Single,High School,192587,Self-employed,7,Small,Own,26947,2,1,3910,28308,14591,19656,15551,No,4600,526,508315,5927,Vehicle,1415949,72,27658.399999999998,Not_Eligible
36,Female,Married,High School,79538,Private,15,Medium,Rented,14214,2,4,3496,26595,12016,17084,355,No,27163,639,923543,305708,Home Appliances,1254508,4,500.0,Not_Eligible
50,Female,Married,Professional,55151,Government,23,Medium,Own,21422,3,2,11311,19576,6367,6621,2739,Yes,2866,439,318850,349825,Home Appliances,960067,70,500.0,Not_Eligible
37,Male,Married,High School,147701,Private,29,Large,Own,29738,6,0,7502,3892,1115,6642,9807,Yes,679,712,622528,62120,Vehicle,219982,65,30914.1,Eligible
42,Male,Single,High School,98463,Private,30,Medium,Rented,6799,1,3,3800,14252,5500,23969,19532,No,22564,485,8346,319923,Education,273924,82,716.4499999999999,Not_Eligible
49,Female,Married,High School,111853,Government,6,Small,Rented,19774,4,1,8162,24672,10470,18541,14390,Yes,10985,622,28262,367632,Vehicle,183589,83,1700.6499999999999,Not_Eligible
57,Male,Single,Graduate,104432,Government,20,Large,Family,14509,1,4,2636,12664,1296,19985,3930,No,15342,514,278420,483326,Education,597062,69,11924.5,Not_Eligible
36,Male,Single,Post Graduate,43155,Self-employed,14,Medium,Family,9974,2,0,11262,26090,8692,11803,4766,Yes,17586,808,864894,116785,Vehicle,885120,72,500.0,Not_Eligible
60,Male,Married,Post Graduate,164360,Government,23,Small,Family,29356,3,2,2823,6043,3948,26862,5258,No,8248,374,893339,109047,E-commerce Shopping,1480721,5,28637.699999999997,Not_Eligible
28,Male,Single,Professional,65588,Self-employed,1,Large,Own,17448,4,1,1492,17460,9127,3326,12517,No,24296,708,482546,156527,Education,384458,41,500.0,Not_Eligible
29,Male,Single,Professional,182157,Self-employed,23,Small,Own,18840,5,2,13886,16392,3605,29282,12354,No,24911,639,221395,276136,Education,743723,13,22010.449999999997,High_Risk
32,Female,Married,Graduate,26251,Private,27,Medium,Family,5681,5,3,3316,27628,7477,23645,6257,Yes,10735,618,221496,188292,Home Appliances,1052679,32,500.0,Not_Eligible
52,Male,Single,Post Graduate,117420,Private,26,Large,Own,17730,2,1,6775,250,8921,5927,6103,Yes,583,538,399478,189363,Education,601300,52,24895.85,Not_Eligible
55,Male,Married,High School,171646,Private,1,Large,Own,26803,3,0,3902,24935,2094,16527,9874,Yes,26818,809,715041,350639,Personal Loan,1319704,69,21242.55,Eligible
33,Male,Single,High School,24623,Government,9,Medium,Own,6997,6,4,10501,2396,14253,21492,7188,No,20482,753,212394,323417,Home Appliances,640461,50,500.0,Not_Eligible
53,Female,Married,Professional,69715,Government,4,Small,Own,9374,1,4,4937,123,14003,4964,9711,Yes,26825,786,67632,467724,Home Appliances,33839,42,500.0,Not_Eligible
38,Female,Married,Post Graduate,21123,Self-employed,26,Medium,Rented,4132,2,3,7417,12921,6101,28785,4310,No,3262,357,209169,249782,E-commerce Shopping,1198938,18,500.0,Not_Eligible
46,Female,Single,Professional,18061,Self-employed,28,Large,Rented,2453,6,4,13363,28870,2074,7459,2537,No,10123,564,746707,287905,Home Appliances,993550,34,500.0,Not_Eligible
35,Male,Married,Professional,121393,Self-employed,3,Large,Family,538,6,4,4584,9020,1015,28599,8531,No,20686,541,698237,70454,Home Appliances,1130546,64,16947.0,Not_Eligible
47,Female,Single,High School,117035,Government,14,Medium,Family,10615,1,3,12052,26010,2527,24685,8303,Yes,5230,375,127056,190813,Personal Loan,546110,78,9664.55,Not_Eligible
25,Female,Single,High School,54095,Self-employed,12,Small,Own,2303,4,0,11405,15739,9242,21138,4181,Yes,15706,647,46975,112555,Home Appliances,509346,42,500.0,Not_Eligible
45,Female,Married,Post Graduate,174523,Self-employed,16,Medium,Own,22805,1,1,13683,29589,4199,5081,483,Yes,24057,830,665292,142027,Education,1347466,80,26119.1,Eligible
50,Female,Single,Professional,96897,Government,20,Small,Rented,16632,4,1,6394,7672,12433,15692,12761,Yes,2610,441,192550,64695,E-commerce Shopping,1128637,73,7946.049999999999,Not_Eligible
60,Male,Married,Graduate,96443,Private,22,Small,Own,29364,6,3,8172,13406,10795,9281,15435,Yes,10989,807,137533,58197,Personal Loan,826443,68,500.0,Not_Eligible
47,Female,Single,Post Graduate,133005,Government,0,Large,Own,25616,3,2,6457,2077,8800,27249,19486,Yes,9098,412,680129,156517,Vehicle,240520,13,11977.699999999999,Not_Eligible
25,Female,Single,Professional,49814,Self-employed,17,Small,Family,17775,2,3,3296,25691,12228,29461,7527,No,3205,792,924649,406284,Vehicle,1474551,76,500.0,Not_Eligible
39,Male,Married,Post Graduate,100141,Private,27,Large,Own,18556,1,3,5784,16979,14491,5075,13635,No,10123,649,27331,321967,Vehicle,885542,8,5424.299999999999,High_Risk
45,Male,Single,Post Graduate,183904,Government,14,Small,Rented,1335,3,3,7223,3086,11977,7028,16551,Yes,2001,318,772560,80243,Personal Loan,960137,11,47146.049999999996,Not_Eligible
33,Female,Single,Post Graduate,155517,Private,13,Small,Own,2259,3,3,11784,27278,2992,7201,7450,No,1304,516,470109,369496,Vehicle,664962,21,33337.15,Not_Eligible
33,Male,Single,Graduate,179562,Private,8,Large,Own,6615,1,4,9715,23348,3953,19155,3291,No,5345,799,60335,479143,Education,1124573,27,37849.0,Eligible
34,Female,Single,Graduate,44767,Self-employed,11,Small,Own,21918,5,4,8164,27083,7471,17492,13583,No,22041,724,900406,202171,Vehicle,267690,7,500.0,Not_Eligible
50,Male,Single,High School,61057,Government,4,Medium,Own,8691,6,0,11747,1744,6822,29398,1735,Yes,26839,710,753507,207342,Vehicle,1376966,7,500.0,Not_Eligible
59,Male,Single,High School,187115,Self-employed,29,Small,Own,810,5,3,12451,22,1931,14370,12654,Yes,8121,810,120132,473124,E-commerce Shopping,302131,56,47864.6,Eligible
49,Female,Single,Professional,101755,Government,28,Large,Rented,21368,4,1,5560,24901,3015,4256,7280,Yes,2639,407,629335,76308,Vehicle,1128935,69,11457.599999999999,Not_Eligible
50,Male,Single,Post Graduate,42946,Government,22,Large,Family,23732,3,2,974,4972,7444,27771,9740,No,11555,404,690641,446737,Vehicle,114584,70,500.0,Not_Eligible
35,Female,Married,Professional,182659,Government,1,Medium,Own,23940,2,4,6276,16015,8418,25354,6093,Yes,27555,588,496553,179700,Home Appliances,1102977,14,24152.8,Not_Eligible
26,Male,Single,High School,18364,Private,22,Small,Family,3713,2,1,6224,24538,13805,7297,17230,No,3092,726,21445,122834,Education,231204,8,500.0,Not_Eligible
31,Female,Single,Graduate,92015,Private,22,Medium,Family,3704,3,4,6493,15020,7405,21540,16059,Yes,26160,589,882646,169804,Personal Loan,509871,76,500.0,Not_Eligible
42,Male,Married,High School,153470,Self-employed,6,Small,Rented,1210,5,0,1670,262,3138,15830,11144,No,21843,633,491353,390326,E-commerce Shopping,61521,40,34430.549999999996,High_Risk
51,Male,Married,Professional,148524,Government,20,Medium,Family,14211,6,2,12421,11692,5289,25241,15284,Yes,28021,319,157748,156248,Personal Loan,124987,32,12727.75,Not_Eligible
58,Male,Married,High School,102208,Government,8,Large,Own,16098,3,4,7118,15142,4400,3040,887,No,1595,617,880102,353487,Vehicle,168400,39,18874.8,High_Risk
51,Male,Single,Professional,138208,Private,17,Large,Own,3745,4,2,8184,1585,10279,16375,9503,No,4969,762,336268,230508,Home Appliances,1011930,27,29248.8,Eligible
41,Male,Married,Professional,179265,Government,3,Medium,Own,10178,3,2,5171,16816,14605,16177,3126,No,8945,301,642234,215801,Vehicle,183391,46,36486.45,Not_Eligible
48,Female,Married,Professional,40345,Self-employed,1,Small,Own,24175,1,1,6637,8751,13228,28257,11506,Yes,8637,515,529640,385598,Vehicle,137630,62,500.0,Not_Eligible
49,Male,Single,Professional,100895,Government,23,Small,Rented,17875,5,4,14537,27131,9417,5859,4264,Yes,14714,552,612289,187100,E-commerce Shopping,94634,16,2484.2999999999997,Not_Eligible
31,Female,Single,High School,169125,Government,27,Large,Family,15816,1,2,4805,12336,9636,5462,1817,No,24082,522,777218,462523,E-commerce Shopping,544543,69,33309.85,Not_Eligible
30,Female,Married,Professional,144022,Private,26,Small,Rented,23685,1,3,6761,22695,11573,5037,3180,Yes,4490,507,154084,377517,Personal Loan,1182960,70,23310.35,Not_Eligible
48,Female,Married,Professional,151087,Government,0,Medium,Family,28846,3,2,12086,26278,13233,13611,19327,Yes,3661,367,795530,381967,Vehicle,756854,38,11915.75,Not_Eligible
57,Male,Single,Post Graduate,154729,Self-employed,24,Medium,Rented,15620,6,2,2803,18872,12326,4674,6179,Yes,5475,525,937886,18645,Personal Loan,847650,27,31072.999999999996,Not_Eligible
53,Female,Single,Professional,66116,Self-employed,11,Small,Rented,22844,3,4,9723,12881,2902,19747,3936,Yes,26575,638,903313,410283,Vehicle,1216873,10,500.0,Not_Eligible
46,Male,Single,High School,168023,Self-employed,12,Large,Rented,19432,6,3,3816,22078,13784,16547,13651,No,642,667,603830,103051,E-commerce Shopping,1101108,27,27325.55,High_Risk
50,Female,Single,Professional,112599,Self-employed,13,Large,Own,21303,2,2,5133,12515,12846,19159,15490,No,27064,791,918183,420586,Home Appliances,1237060,38,500.0,Not_Eligible
52,Female,Single,Graduate,41521,Private,4,Large,Own,13218,6,4,13696,22455,4603,5518,6202,No,20693,846,156416,152895,Personal Loan,1333138,32,500.0,Not_Eligible
45,Female,Married,Graduate,69431,Government,26,Large,Rented,19318,1,4,14048,16597,10674,17183,9954,No,20607,658,638903,338393,Personal Loan,1060711,81,500.0,Not_Eligible
31,Female,Single,Professional,25731,Private,27,Large,Family,6110,3,2,10404,9857,6452,11691,19241,No,25087,596,260898,24219,Education,22629,62,500.0,Not_Eligible
41,Female,Single,Graduate,164816,Self-employed,2,Medium,Family,28940,2,0,12848,23407,9436,6053,3896,No,18026,712,775300,376758,Education,1285965,47,21773.5,Eligible
44,Male,Single,Graduate,78094,Government,27,Small,Own,1817,1,0,4079,15513,11303,21854,10797,No,13764,698,696747,51995,Home Appliances,1040272,49,500.0,Not_Eligible
44,Female,Single,High School,33423,Private,26,Medium,Rented,6613,2,1,8075,7921,5048,19962,5487,Yes,28340,843,280543,97366,Education,1301030,52,500.0,Not_Eligible
46,Female,Single,Post Graduate,129612,Government,3,Large,Own,4319,5,0,8773,27231,1804,16499,8535,No,12993,690,238781,6758,Home Appliances,334656,71,17310.3,High_Risk
52,Male,Married,Graduate,163640,Self-employed,16,Large,Own,17659,4,0,6262,3478,9043,27411,6065,No,11581,827,791963,474717,Vehicle,631180,84,28749.35,Eligible
31,Male,Single,Graduate,193483,Self-employed,18,Small,Own,7231,1,4,7818,16248,10123,18899,1237,No,17452,565,211466,480099,Education,1450482,44,40066.25,Not_Eligible
25,Male,Married,Post Graduate,18934,Government,10,Small,Rented,11214,3,4,3557,28391,2760,17738,19613,Yes,10296,548,54348,135077,Education,29760,52,500.0,Not_Eligible
56,Female,Single,Post Graduate,91945,Government,7,Small,Rented,2877,6,2,7350,2797,14577,17829,15409,Yes,4481,483,223498,256950,Personal Loan,288879,9,9318.75,Not_Eligible
37,Female,Married,Graduate,145443,Self-employed,11,Medium,Own,20398,5,2,11721,25617,7305,25226,2177,No,20324,493,735023,405901,Home Appliances,606801,6,11436.25,Not_Eligible
54,Female,Married,Professional,111946,Private,17,Small,Rented,4087,2,4,2382,12754,12308,4257,19307,No,21686,798,417922,141049,Personal Loan,436967,56,12307.75,Eligible
47,Female,Single,Graduate,111344,Self-employed,17,Medium,Family,1147,4,2,5681,2391,8998,9635,13647,Yes,5906,352,623299,170654,Education,652882,47,22378.649999999998,Not_Eligible
43,Female,Single,Professional,154244,Government,8,Large,Family,15941,6,4,14004,26947,9216,5972,17712,Yes,13628,381,277325,256062,Vehicle,427526,33,17788.399999999998,Not_Eligible
56,Female,Single,Professional,42358,Private,4,Medium,Own,16621,1,0,10876,21749,5395,8041,9428,No,26007,845,800086,102475,E-commerce Shopping,108342,82,500.0,Not_Eligible
54,Male,Single,Professional,144774,Self-employed,20,Small,Family,18506,4,2,230,9275,6344,26058,1433,No,2564,384,162050,294766,Home Appliances,660153,63,28127.399999999998,Not_Eligible
53,Male,Single,Post Graduate,34763,Government,16,Medium,Own,7609,5,0,6454,5761,9265,23369,10193,No,16025,684,694861,42442,Home Appliances,1468688,47,500.0,Not_Eligible
53,Female,Married,Graduate,194745,Government,12,Medium,Own,20979,4,1,1883,13149,14427,5988,1856,No,28123,324,62366,266627,Vehicle,767421,5,37919.0,Not_Eligible
54,Female,Single,Graduate,100997,Government,5,Medium,Own,9737,1,2,12290,7216,13439,17448,17916,No,18338,842,974403,391640,Vehicle,670131,49,1614.55,Not_Eligible
40,Female,Single,High School,82975,Private,23,Small,Rented,3983,5,4,10103,27301,8881,4524,6861,No,3090,302,916133,352106,Home Appliances,1082090,51,6381.2,Not_Eligible
43,Female,Married,Post Graduate,153876,Private,21,Medium,Rented,12555,2,4,6031,1950,13262,9487,13029,No,9246,493,843822,270680,Home Appliances,1154699,5,30910.6,Not_Eligible
42,Female,Single,High School,193666,Private,13,Small,Rented,8134,1,1,8876,23207,8982,15645,10062,Yes,28626,676,983087,464235,Vehicle,508347,5,31546.899999999998,High_Risk
25,Male,Married,High School,102189,Private,14,Medium,Rented,5606,4,4,4176,13564,12354,15413,4963,No,1514,844,47543,398611,Vehicle,429358,6,15609.65,Eligible
38,Male,Single,Professional,102507,Government,22,Medium,Own,25562,1,0,10147,847,14873,8839,17879,Yes,13227,390,735324,251335,Vehicle,695152,61,3896.5499999999997,Not_Eligible
26,Female,Married,Post Graduate,82525,Government,13,Medium,Rented,18007,5,4,9490,21886,8456,27827,11067,Yes,16018,784,513716,359447,Education,162249,37,500.0,Not_Eligible
52,Male,Single,High School,114248,Private,3,Small,Family,27697,4,1,4483,23860,5187,8672,18312,Yes,27091,850,476076,207697,Home Appliances,1055471,55,500.0,Not_Eligible
54,Female,Married,Graduate,39604,Private,17,Small,Family,11918,2,3,4922,4671,12111,3381,11428,No,7017,328,472349,171301,Home Appliances,1053843,18,500.0,Not_Eligible
28,Female,Married,High School,131585,Government,0,Small,Rented,23610,6,3,1368,8736,11986,4804,18251,Yes,18256,404,303035,465224,Vehicle,1387332,53,15600.9,Not_Eligible
25,Female,Single,Post Graduate,168207,Self-employed,11,Large,Family,15813,3,0,2266,4153,2410,21371,15834,Yes,27019,324,313993,255383,Personal Loan,200054,28,27769.35,Not_Eligible
32,Male,Single,Graduate,183990,Self-employed,21,Small,Family,12093,2,3,651,28465,12678,8218,8134,No,8610,793,227221,39920,E-commerce Shopping,1171052,40,36799.35,Eligible
53,Male,Single,Graduate,144716,Government,8,Medium,Rented,17106,1,4,2110,18495,4612,13691,12187,No,16217,574,554393,244143,Home Appliances,776136,70,21104.3,Not_Eligible
27,Female,Married,Graduate,196921,Private,9,Large,Own,1095,3,1,14775,29570,8339,5642,15027,No,27577,748,225273,19500,Education,260056,36,33213.6,Eligible
56,Male,Married,Professional,176919,Private,20,Small,Own,20211,6,0,3098,18556,5780,19407,13259,No,5492,398,505913,146836,E-commerce Shopping,1072989,23,31890.6,Not_Eligible
34,Male,Married,Graduate,189846,Government,27,Small,Own,20669,6,3,2755,26684,5467,18776,12905,No,19068,827,902806,352072,Personal Loan,1241095,43,29232.699999999997,Eligible
34,Female,Single,Professional,25680,Self-employed,17,Large,Rented,17379,5,4,7548,8571,14809,3352,13971,No,15687,498,372396,67265,Education,1150145,61,500.0,Not_Eligible
43,Male,Single,Professional,128508,Government,16,Large,Own,22065,6,4,11927,13265,6355,25600,5080,No,7015,762,705801,363956,Vehicle,623124,5,13020.349999999999,Eligible
58,Male,Married,High School,110619,Government,18,Small,Own,16076,4,2,4048,9353,10257,15982,16852,No,14872,472,111614,296815,Personal Loan,617120,58,8112.65,Not_Eligible
57,Female,Single,High School,70037,Government,3,Large,Family,4661,4,2,14075,65,14460,23472,8628,No,21656,735,678642,101824,Vehicle,401199,64,500.0,Not_Eligible
47,Female,Married,Graduate,114969,Private,15,Medium,Own,16181,5,1,13559,21682,4995,3770,8165,No,15084,561,508635,382215,Education,882069,20,11036.55,Not_Eligible
52,Male,Single,Post Graduate,126115,Private,6,Medium,Rented,17376,6,0,1177,14301,7868,24137,1685,Yes,19157,743,682193,26071,Education,69844,17,14144.9,Eligible
56,Female,Single,Graduate,73914,Private,8,Medium,Own,19167,1,3,10449,17181,12950,24953,16668,No,5772,592,590284,85025,Vehicle,509292,68,500.0,Not_Eligible
31,Male,Married,High School,172381,Self-employed,7,Small,Family,24731,2,3,7749,10008,9802,16768,4932,Yes,1321,810,998311,136329,E-commerce Shopping,199945,32,33974.5,Eligible
53,Female,Single,Graduate,122255,Government,24,Medium,Family,10087,3,4,9234,5290,8645,14073,18868,Yes,19598,303,656201,213376,Home Appliances,85611,78,12761.0,Not_Eligible
32,Female,Single,High School,25349,Government,6,Large,Family,5682,5,3,2556,631,5215,21131,1162,No,11798,766,992883,161954,Home Appliances,799436,41,500.0,Not_Eligible
25,Female,Single,Graduate,180625,Self-employed,9,Medium,Family,26352,6,1,11876,25943,2838,28626,15001,No,16155,474,118392,145768,Education,861337,66,18841.899999999998,Not_Eligible
27,Female,Single,Post Graduate,43525,Private,7,Large,Own,5961,1,2,6794,28351,6648,24859,9629,No,27759,640,772288,400886,Personal Loan,166528,59,500.0,Not_Eligible
48,Male,Single,Graduate,20948,Government,23,Medium,Family,21152,1,4,11127,3258,7684,20005,1571,No,24844,765,515197,136758,Vehicle,1164228,65,500.0,Not_Eligible
47,Female,Married,Post Graduate,29498,Self-employed,16,Large,Family,22144,3,0,9815,7101,11287,3018,13064,Yes,27743,469,715972,375321,Personal Loan,752034,9,500.0,Not_Eligible
32,Female,Single,Post Graduate,165063,Private,11,Medium,Family,5204,5,4,7596,24802,14697,13767,14865,No,18762,745,425612,177731,Vehicle,742077,74,22879.5,Eligible
27,Female,Married,Graduate,74790,Private,13,Medium,Own,26692,2,3,2084,7433,7944,28369,14472,Yes,5291,826,108252,118110,Personal Loan,1496675,25,500.0,Not_Eligible
57,Male,Single,Post Graduate,153732,Government,30,Medium,Rented,7552,2,1,10646,8383,8295,6341,389,Yes,9677,597,479769,145028,Vehicle,1203261,78,35857.149999999994,Not_Eligible
52,Male,Single,Post Graduate,41245,Private,11,Large,Family,26996,5,0,2471,2799,4573,27110,10437,No,23475,809,706231,223830,Education,661837,8,500.0,Not_Eligible
32,Female,Married,High School,146310,Self-employed,30,Large,Family,24630,4,4,4778,22109,8614,16457,556,No,4386,458,30439,290273,E-commerce Shopping,213611,60,22673.0,Not_Eligible
58,Female,Married,High School,165992,Private,24,Medium,Family,16468,6,3,14083,1149,6699,14931,6549,Yes,25390,716,455615,237646,Home Appliances,775237,16,28253.05,Eligible
59,Female,Single,Post Graduate,61659,Government,1,Large,Own,22360,2,4,2385,19387,9185,4902,2000,No,4330,659,107275,53698,Personal Loan,1072908,30,500.0,Not_Eligible
56,Female,Single,Professional,140983,Self-employed,11,Large,Own,24531,4,0,8157,3545,8152,24021,18888,No,13730,645,519704,66322,Home Appliances,271987,7,13985.65,High_Risk
48,Female,Married,Graduate,89874,Private,26,Small,Family,7084,5,3,9486,28770,7182,21324,3525,No,12593,713,125883,134442,Personal Loan,106982,70,500.0,Not_Eligible
38,Female,Married,Post Graduate,57517,Private,13,Medium,Rented,11080,6,2,12260,12631,1472,18919,9302,No,4182,425,302596,331302,Education,1099089,58,500.0,Not_Eligible
56,Male,Married,Graduate,141618,Private,6,Large,Family,12879,1,0,918,19,10348,4206,6142,No,27431,409,790854,377062,Education,96545,27,27886.25,Not_Eligible
40,Female,Married,High School,90885,Self-employed,28,Large,Rented,19163,5,2,4747,28276,12382,27221,5328,No,5452,748,438065,496026,Personal Loan,527727,29,500.0,Not_Eligible
28,Female,Single,Graduate,61350,Private,25,Large,Rented,6055,1,2,13891,26982,5419,7080,12511,No,709,441,194856,217493,Personal Loan,605885,62,500.0,Not_Eligible
45,Female,Single,Post Graduate,92179,Government,25,Large,Own,2669,5,3,9795,8624,9243,19548,1276,Yes,17116,309,313181,21296,Personal Loan,100671,6,8367.8,Not_Eligible
38,Female,Single,Post Graduate,174346,Self-employed,12,Small,Own,12028,4,4,11187,999,8091,9952,7327,No,29993,316,301721,431417,Education,634861,31,33169.15,Not_Eligible
55,Female,Single,Post Graduate,60013,Self-employed,20,Large,Own,1008,6,4,5736,19042,14220,14949,19650,Yes,11406,789,559394,120014,E-commerce Shopping,470442,9,500.0,Not_Eligible
42,Female,Single,Post Graduate,54913,Private,3,Large,Rented,18748,4,1,5581,2534,11375,14357,9592,Yes,15419,826,33799,52775,E-commerce Shopping,685389,34,500.0,Not_Eligible
31,Male,Married,Professional,60819,Self-employed,0,Small,Rented,15523,6,0,11578,28538,10619,16525,6287,No,27449,302,290646,73321,Personal Loan,567413,22,500.0,Not_Eligible
34,Male,Married,Professional,97168,Government,16,Medium,Rented,20070,5,0,1081,4425,6878,20595,4225,No,18208,541,878916,136974,Vehicle,797789,66,7590.099999999999,Not_Eligible
31,Male,Married,Professional,107680,Self-employed,2,Medium,Own,23152,1,3,8567,18074,11408,6159,18419,No,10151,486,330656,236831,E-commerce Shopping,1387088,45,4112.5,Not_Eligible
57,Male,Single,Post Graduate,109792,Government,29,Small,Own,12539,5,3,7866,7474,11015,29057,13762,Yes,23553,534,889796,64569,Education,427075,32,1584.1,Not_Eligible
47,Male,Married,Professional,169557,Private,30,Medium,Own,2199,1,1,7623,6328,7660,4495,5810,Yes,4512,477,937745,216414,Education,715095,62,45825.5,Not_Eligible
45,Male,Single,Graduate,148932,Self-employed,16,Medium,Family,9551,4,1,6550,8526,5455,29368,15792,No,11416,616,303319,357875,Education,1263520,30,21795.899999999998,High_Risk
43,Female,Single,Post Graduate,64875,Government,7,Small,Rented,17293,3,2,9600,2553,6779,19119,9648,No,13565,552,259339,409655,Home Appliances,270685,42,500.0,Not_Eligible
43,Female,Single,High School,160991,Private,2,Large,Rented,3439,2,1,2103,18894,8404,5419,17736,No,20026,610,429575,142438,Home Appliances,819450,69,29739.499999999996,High_Risk
60,Female,Married,Post Graduate,88947,Government,26,Small,Family,5882,4,4,14810,6052,1067,27354,9123,No,13239,491,845350,219088,Education,688379,39,3996.9999999999995,Not_Eligible
53,Female,Single,Graduate,24586,Self-employed,9,Small,Rented,19297,5,2,5635,7138,13006,14919,10076,Yes,22266,302,199298,458102,E-commerce Shopping,109229,61,500.0,Not_Eligible
42,Female,Single,Professional,66986,Self-employed,1,Small,Rented,4695,5,1,5916,10242,10365,10684,2947,Yes,26991,457,988036,431155,Home Appliances,132572,22,500.0,Not_Eligible
26,Female,Married,Post Graduate,104848,Government,21,Small,Family,1006,1,4,8208,10908,5576,27940,4964,Yes,3096,485,272039,144372,Vehicle,703058,65,15102.499999999998,Not_Eligible
25,Male,Single,Professional,38055,Private,3,Small,Rented,7114,2,4,432,14275,14726,26588,6145,Yes,19698,440,890399,347084,Personal Loan,513286,75,500.0,Not_Eligible
29,Female,Married,Post Graduate,180962,Private,28,Large,Own,11244,6,2,4050,26798,7056,23598,12494,Yes,23978,350,552130,183524,Home Appliances,1320229,37,25110.399999999998,Not_Eligible
44,Male,Single,Graduate,43807,Private,28,Medium,Family,29795,4,2,236,18255,13508,3408,8603,No,13927,724,267033,494287,Home Appliances,30258,60,500.0,Not_Eligible
35,Male,Married,Post Graduate,62177,Private,13,Small,Rented,17527,2,4,306,17988,9452,19746,14936,Yes,8643,674,414567,368923,E-commerce Shopping,495757,12,500.0,Not_Eligible
26,Female,Single,Professional,83625,Government,10,Large,Own,7552,2,3,5881,9748,11505,6440,16504,No,17485,419,707324,472033,E-commerce Shopping,1063581,61,2978.5,Not_Eligible
27,Female,Single,Professional,160314,Self-employed,13,Small,Rented,28974,4,2,12720,7143,12722,16245,17864,Yes,19152,669,932323,291935,Vehicle,283639,23,15922.9,High_Risk
47,Female,Married,Graduate,71317,Government,12,Large,Family,14027,1,0,23,10537,2649,24656,13853,Yes,2152,716,120914,349943,Vehicle,1035580,45,1197.0,Not_Eligible
36,Female,Single,Post Graduate,186050,Self-employed,26,Medium,Own,27796,6,3,14323,10357,1676,23802,8200,No,27226,506,777295,263575,Vehicle,1001520,45,25434.5,Not_Eligible
44,Female,Married,High School,31433,Self-employed,28,Large,Rented,1224,1,0,5419,25364,8223,20141,7808,Yes,10915,842,941640,319869,Vehicle,51879,3,500.0,Not_Eligible
29,Female,Single,Post Graduate,48282,Government,3,Large,Family,28454,1,1,13939,17025,7551,14557,16883,No,15739,463,195325,177828,Home Appliances,797384,48,500.0,Not_Eligible
54,Female,Married,Graduate,91519,Government,1,Medium,Rented,29698,3,2,11501,28877,4939,14743,6029,No,28513,433,777993,338621,Vehicle,137880,33,500.0,Not_Eligible
33,Male,Single,High School,58578,Private,1,Medium,Rented,4495,2,2,9205,16068,5338,10891,10889,No,18825,600,35612,453636,Vehicle,1444462,65,500.0,Not_Eligible
58,Female,Single,Graduate,145843,Self-employed,10,Large,Own,24643,3,4,680,23686,11127,27029,4240,No,17522,389,193400,69291,Education,1480172,48,12920.599999999999,Not_Eligible
59,Female,Single,Post Graduate,123333,Private,21,Small,Rented,12441,1,2,10040,7370,7657,28023,4496,Yes,26261,371,744963,186326,Home Appliances,1319173,25,9465.75,Not_Eligible
46,Male,Married,High School,170205,Private,4,Small,Family,25590,6,0,1515,19490,10870,22135,2974,Yes,15080,658,109563,434481,Home Appliances,576109,20,25392.85,High_Risk
48,Female,Married,Graduate,65317,Government,8,Medium,Family,181,4,3,951,26027,10384,4791,754,No,8789,848,494129,433108,Home Appliances,1208229,64,4704.0,Not_Eligible
41,Female,Married,Professional,142878,Private,19,Small,Own,12812,2,1,5407,19373,11814,26506,10339,No,13851,400,520037,640,Personal Loan,1329528,29,14971.599999999999,Not_Eligible
34,Male,Married,High School,123745,Private,20,Medium,Own,22716,4,3,414,21302,14744,16971,15084,Yes,4143,329,727420,60863,Vehicle,1437851,46,9929.849999999999,Not_Eligible
54,Female,Married,High School,144230,Private,30,Large,Rented,28691,5,0,4848,10496,1665,5389,13073,Yes,28859,849,647686,421324,Vehicle,1189334,48,17923.149999999998,Eligible
47,Female,Single,Graduate,80950,Government,16,Large,Family,21330,2,1,9615,15740,5862,24770,6090,No,15344,465,611055,457971,Vehicle,1333224,63,500.0,Not_Eligible
56,Female,Single,Professional,74612,Private,11,Small,Own,7450,4,4,4511,10421,10793,11054,18698,No,5694,691,285984,431851,E-commerce Shopping,939671,14,2096.85,Not_Eligible
41,Female,Single,High School,79873,Private,27,Medium,Rented,2945,1,2,4971,4303,2909,26889,7880,No,27137,820,751036,122311,E-commerce Shopping,720159,18,993.65,Not_Eligible
41,Female,Single,Graduate,130792,Government,17,Small,Rented,26633,3,2,4985,9070,8452,15762,12793,No,25366,576,604432,320768,E-commerce Shopping,1107895,23,9705.849999999999,Not_Eligible
38,Female,Single,High School,198580,Government,2,Small,Family,10939,4,4,7969,11904,7597,10582,12248,Yes,27698,468,590897,376974,Personal Loan,228284,66,38375.049999999996,Not_Eligible
33,Male,Married,High School,184451,Government,4,Large,Family,10072,6,0,7650,7742,1187,3290,18681,No,2273,574,631459,233673,Vehicle,119119,15,46744.6,Not_Eligible
26,Female,Single,High School,139814,Self-employed,27,Small,Rented,11794,5,4,5370,15798,9896,27747,4534,Yes,11631,548,25388,56320,Home Appliances,1027534,52,18565.399999999998,Not_Eligible
49,Female,Married,Professional,30231,Government,20,Large,Family,8846,1,0,12964,18773,12559,16750,3679,No,19535,811,493508,183245,Home Appliances,968130,10,500.0,Not_Eligible
33,Male,Single,Post Graduate,102385,Self-employed,19,Medium,Rented,3686,5,1,10639,1612,8690,19684,16770,No,25499,411,184258,284140,Education,1175548,58,5531.75,Not_Eligible
46,Male,Married,Post Graduate,56163,Government,13,Small,Rented,29998,6,3,10380,29049,13979,27499,17869,Yes,9421,317,977703,50995,E-commerce Shopping,707353,58,500.0,Not_Eligible
28,Female,Married,Professional,136880,Government,15,Large,Family,18672,6,3,6521,29082,12645,17995,18927,Yes,4723,759,343856,238313,Personal Loan,155483,10,9910.25,High_Risk
50,Male,Married,Professional,177748,Government,25,Small,Own,26775,3,4,11383,12670,10558,10432,6115,Yes,11008,379,489856,390655,Education,261093,82,31082.449999999997,Not_Eligible
53,Female,Single,Graduate,102592,Self-employed,18,Medium,Rented,19215,5,2,5457,24016,11841,22550,8328,Yes,11262,498,988409,490852,Personal Loan,103304,47,500.0,Not_Eligible
58,Female,Single,High School,121564,Private,8,Small,Family,27984,6,4,449,3464,8390,13496,12460,No,25576,415,196700,295464,Home Appliances,291542,26,10410.75,Not_Eligible
47,Male,Single,Professional,70535,Government,16,Small,Rented,10427,4,2,11127,23364,1334,4746,2049,No,7566,843,449541,153406,Vehicle,218044,23,3472.7,Not_Eligible
35,Female,Single,Graduate,125952,Self-employed,21,Large,Rented,27087,6,4,7328,25146,7600,28090,5238,No,9432,522,358431,99245,Home Appliances,1353463,15,5610.849999999999,Not_Eligible
30,Female,Married,Post Graduate,192182,Government,6,Medium,Rented,25297,6,4,11368,9366,8615,11870,856,No,15402,761,606664,196884,Home Appliances,1482055,52,38292.799999999996,Eligible
42,Male,Married,Post Graduate,193050,Private,9,Medium,Family,19632,4,3,13137,22123,14025,15171,17527,Yes,8647,387,791127,32704,E-commerce Shopping,1014501,53,28975.8,Not_Eligible
45,Male,Married,Post Graduate,150824,Self-employed,3,Medium,Family,9392,1,2,8283,21610,11576,8007,2837,No,29653,731,244731,121582,Home Appliances,980451,6,20813.1,Eligible
60,Male,Married,Post Graduate,39507,Government,9,Small,Family,29552,3,3,6628,21642,1355,13444,6985,Yes,28262,627,355807,80090,Personal Loan,485148,62,500.0,Not_Eligible
58,Male,Single,Graduate,139225,Government,2,Large,Own,10654,3,2,7586,16663,2922,3343,2266,No,15228,402,49553,418162,Vehicle,243074,70,28197.05,Not_Eligible
41,Female,Married,High School,125282,Government,23,Small,Rented,29249,2,1,12708,6215,5327,18898,8761,No,15653,597,813415,403507,E-commerce Shopping,1366503,23,9964.849999999999,Not_Eligible
49,Male,Single,Graduate,187567,Private,8,Small,Own,24885,2,1,10791,2670,4338,19412,16581,Yes,28222,488,542435,384926,Education,1167789,36,28233.8,Not_Eligible
36,Male,Married,High School,85559,Self-employed,12,Small,Rented,17409,4,1,2951,27128,1795,14639,3445,No,20478,670,85433,113862,Home Appliances,1448696,75,500.0,Not_Eligible
47,Male,Married,Post Graduate,15982,Government,0,Medium,Family,4412,6,0,3125,22241,1189,13344,10697,No,1766,549,313832,479697,E-commerce Shopping,1271363,27,500.0,Not_Eligible
46,Male,Married,Professional,144128,Government,14,Large,Rented,22286,5,3,6744,15285,13335,17669,10948,Yes,26098,525,822915,406307,E-commerce Shopping,185729,6,11117.05,Not_Eligible
45,Male,Single,Professional,162218,Self-employed,30,Medium,Rented,26108,6,3,11910,18537,8451,26620,13540,Yes,10477,423,48582,130839,E-commerce Shopping,633157,66,16301.249999999998,Not_Eligible
51,Female,Single,Professional,91737,Private,14,Small,Rented,13307,6,1,1537,7668,10005,19490,8903,Yes,8106,604,611181,46580,Personal Loan,1290824,82,7952.349999999999,High_Risk
55,Male,Married,High School,97446,Private,30,Small,Own,20027,5,4,3168,6302,11294,25195,9118,No,9522,697,907741,125861,Education,965928,27,4487.0,Not_Eligible
30,Female,Married,Post Graduate,103567,Private,10,Large,Family,8559,1,3,5687,5269,12602,8783,16330,Yes,2809,577,615496,287330,E-commerce Shopping,375236,42,15234.8,Not_Eligible
51,Male,Married,Graduate,38636,Private,27,Medium,Family,4650,3,2,1895,20493,3166,22744,13914,Yes,13901,457,316650,229443,Personal Loan,1417763,9,500.0,Not_Eligible
58,Male,Single,Professional,97850,Private,9,Small,Rented,10844,4,3,7803,2052,11442,17472,5503,No,14489,302,275393,216312,Education,955674,47,9885.75,Not_Eligible
36,Male,Single,High School,173404,Government,24,Small,Family,17633,5,3,8376,3066,10871,3489,2352,Yes,27365,630,363892,132865,Vehicle,1172919,7,35088.2,High_Risk
31,Male,Single,Professional,197506,Government,6,Large,Own,2983,2,2,1456,11902,3058,23144,19159,No,25696,309,256083,445282,Personal Loan,235761,42,38537.799999999996,Not_Eligible
34,Male,Married,Graduate,98866,Government,0,Small,Own,4575,4,1,1494,29968,13546,15354,9183,Yes,8843,496,995711,213329,E-commerce Shopping,945513,23,5566.049999999999,Not_Eligible
41,Male,Single,Post Graduate,77726,Self-employed,6,Medium,Family,27604,1,1,5060,9049,7070,14414,3426,No,5212,741,41141,26049,Home Appliances,257894,36,2061.85,Not_Eligible
50,Male,Married,Graduate,95901,Private,4,Medium,Own,27710,4,2,9340,11992,5393,11148,8316,Yes,21131,314,454880,121946,Personal Loan,1459456,50,500.0,Not_Eligible
45,Male,Single,Post Graduate,156180,Self-employed,25,Small,Own,23831,5,3,11597,12753,10412,27853,12718,Yes,9244,421,647331,236344,Vehicle,1300926,24,16720.2,Not_Eligible
52,Female,Married,Post Graduate,83896,Private,28,Small,Family,28671,1,3,9479,23630,10819,23460,17244,Yes,9064,305,558079,261950,Education,995888,63,500.0,Not_Eligible
26,Male,Married,Post Graduate,188625,Private,28,Small,Family,25515,6,1,13139,7772,14726,25343,8899,Yes,25660,815,813400,382567,Vehicle,92529,76,23649.85,Eligible
25,Female,Single,Professional,55880,Self-employed,22,Large,Rented,4109,2,0,10430,14061,3380,12565,1314,No,10280,578,547927,21318,Education,631337,81,500.0,Not_Eligible
60,Male,Married,Graduate,67077,Government,15,Large,Rented,14363,2,1,10065,29417,10591,28203,4554,Yes,28141,355,127591,295677,Personal Loan,1373814,5,500.0,Not_Eligible
50,Female,Married,Professional,18625,Self-employed,27,Medium,Own,12429,5,2,1750,14512,9325,5695,1057,No,23187,314,505538,256296,Education,765012,79,500.0,Not_Eligible
53,Male,Married,Graduate,53237,Government,24,Medium,Family,20407,1,0,9436,5886,6051,28746,6886,No,20449,687,602484,228702,E-commerce Shopping,197932,58,500.0,Not_Eligible
45,Male,Single,High School,16223,Private,7,Small,Own,28267,2,0,10438,26432,11355,3677,8121,No,5933,390,865931,258807,Personal Loan,40173,67,500.0,Not_Eligible
35,Male,Married,High School,80197,Government,21,Small,Family,24353,1,2,6487,12419,3709,18587,16205,Yes,2806,793,535043,74344,Home Appliances,897099,75,500.0,Not_Eligible
35,Female,Single,Graduate,89693,Private,1,Small,Own,16973,4,4,173,8968,2279,8811,15529,Yes,9885,538,235056,416993,Vehicle,732906,41,9476.25,Not_Eligible
60,Female,Single,Graduate,126555,Private,7,Large,Own,1782,3,1,4312,15651,1552,14553,9361,Yes,28636,820,217080,403718,Vehicle,1471156,28,17747.8,Eligible
59,Female,Married,Graduate,52760,Government,27,Large,Own,20952,3,3,3277,28338,13980,6401,7885,Yes,26918,516,234947,326316,Personal Loan,806148,20,500.0,Not_Eligible
58,Female,Single,Graduate,125174,Private,13,Small,Rented,9399,3,1,2021,23929,7331,18198,1573,No,12270,484,989381,280701,Home Appliances,245160,74,17658.55,Not_Eligible
48,Male,Married,Post Graduate,142192,Government,3,Small,Family,4412,2,2,5698,27039,11278,21826,8511,No,13607,494,164242,43100,Personal Loan,1336025,17,17437.35,Not_Eligible
46,Male,Single,Professional,44024,Self-employed,23,Medium,Own,29116,5,3,1396,12631,13086,3554,8562,No,5298,338,23963,339064,E-commerce Shopping,209073,48,500.0,Not_Eligible
29,Male,Married,Post Graduate,38202,Private,14,Large,Rented,26919,3,4,173,19832,13767,11994,7177,Yes,26881,339,36961,324832,E-commerce Shopping,532360,24,500.0,Not_Eligible
57,Female,Single,Professional,134414,Private,6,Small,Own,14739,6,2,6221,7313,12165,20546,18192,No,27353,315,386062,28162,Home Appliances,851739,40,9759.75,Not_Eligible
60,Male,Married,Professional,66524,Self-employed,19,Large,Own,15087,5,1,11586,24206,7872,19807,10655,No,17856,380,890086,116839,Personal Loan,1468524,48,500.0,Not_Eligible
44,Female,Married,Professional,189980,Private,7,Small,Family,14598,3,0,10815,1555,2153,12468,7100,No,20123,364,329157,68255,Home Appliances,495010,6,42408.799999999996,Not_Eligible
43,Female,Married,Post Graduate,182139,Self-employed,26,Small,Own,25422,4,2,7551,22073,7919,11607,1616,No,3378,414,774926,214738,Home Appliances,169425,23,35900.549999999996,Not_Eligible
59,Female,Married,Graduate,155432,Self-employed,10,Medium,Family,10616,3,2,11080,19751,5158,14184,4678,No,21499,584,715262,39235,E-commerce Shopping,1480956,82,23963.1,Not_Eligible
41,Female,Single,Post Graduate,113228,Private,27,Medium,Rented,4680,5,1,14772,16961,1954,16818,4978,Yes,25863,445,248519,63881,E-commerce Shopping,1495679,48,9520.699999999999,Not_Eligible
58,Female,Single,Post Graduate,119755,Self-employed,26,Medium,Rented,25374,2,4,2246,29016,14723,17681,3900,No,10526,715,692801,407313,Home Appliances,961026,25,5701.15,High_Risk
33,Male,Married,Professional,159013,Self-employed,1,Small,Own,470,6,1,6745,5516,11769,21389,870,No,26150,678,531979,117074,Home Appliances,330737,19,30136.399999999998,High_Risk
50,Female,Single,High School,30993,Self-employed,8,Medium,Rented,12101,4,1,3078,18906,6565,15864,16683,No,9403,769,582735,99508,Education,935405,68,500.0,Not_Eligible
26,Female,Married,High School,29620,Private,5,Small,Family,4827,5,4,13574,29196,12980,5863,2269,No,10481,566,44154,16971,E-commerce Shopping,1332315,3,500.0,Not_Eligible
33,Male,Married,Post Graduate,138271,Self-employed,22,Large,Family,5067,1,4,3051,5693,7868,5012,9125,No,1618,712,280597,492426,Home Appliances,337187,75,35292.95,Eligible
33,Female,Single,Professional,35193,Government,25,Large,Rented,10286,3,2,4729,14235,14920,13022,4328,Yes,26828,698,90240,44703,Education,415432,51,500.0,Not_Eligible
41,Female,Single,Post Graduate,66559,Government,0,Small,Family,2994,4,0,1699,45,12260,7309,18609,No,8847,590,81629,86533,Home Appliances,1419014,37,5178.599999999999,Not_Eligible
25,Male,Married,Post Graduate,36248,Self-employed,2,Medium,Family,19513,2,1,14963,10126,1235,25965,16457,Yes,10518,379,881182,149157,Education,596907,62,500.0,Not_Eligible
49,Male,Single,Graduate,191924,Government,29,Medium,Own,22551,1,0,6668,5724,12943,10647,7455,Yes,394,671,187104,315190,Home Appliances,1261873,8,43939.7,High_Risk
49,Male,Married,Professional,151099,Private,9,Large,Own,17697,3,4,9154,980,12835,26399,17753,Yes,471,776,797355,190363,Personal Loan,1173540,43,23033.5,Eligible
59,Female,Single,High School,78410,Self-employed,4,Small,Family,11070,4,4,3091,21931,2108,16228,17839,Yes,9909,461,227196,312089,E-commerce Shopping,1182818,75,500.0,Not_Eligible
27,Male,Single,High School,19260,Private,30,Small,Rented,28091,6,1,3784,3294,2796,15132,11008,Yes,13257,447,125304,194759,Home Appliances,1137117,51,500.0,Not_Eligible
54,Male,Single,High School,52596,Government,11,Small,Family,22930,5,2,1844,26646,4473,6871,18649,No,28658,804,719841,437237,Vehicle,684128,28,500.0,Not_Eligible
58,Male,Single,Post Graduate,24012,Government,22,Large,Own,25623,3,1,6397,22372,6285,16434,7709,No,29688,504,719519,471625,Vehicle,1289364,36,500.0,Not_Eligible
36,Female,Single,Professional,40823,Government,0,Large,Rented,25663,4,2,12885,18498,8395,9749,19232,Yes,13636,349,544217,275669,Education,1201252,76,500.0,Not_Eligible
43,Male,Married,Graduate,88851,Government,8,Medium,Family,7934,3,3,3251,25201,10582,25395,17097,Yes,23563,713,59292,91361,E-commerce Shopping,496165,6,500.0,Not_Eligible
41,Female,Single,High School,62027,Private,20,Small,Rented,13971,6,2,7520,19938,6529,19250,7465,Yes,19747,420,591030,451692,Education,528842,11,500.0,Not_Eligible
34,Female,Single,Professional,98794,Self-employed,12,Small,Rented,13939,4,1,14908,28225,12323,21001,5436,Yes,4152,757,713932,238706,E-commerce Shopping,246455,71,500.0,Not_Eligible
36,Male,Married,High School,40099,Private,27,Small,Rented,28257,5,1,9942,7729,3211,4643,7927,No,15963,498,181910,209151,Vehicle,998243,11,500.0,Not_Eligible
40,Female,Married,Graduate,116427,Self-employed,18,Small,Family,21742,3,2,892,11916,14541,25082,815,No,25039,525,310054,337493,Vehicle,1271868,27,5740.0,Not_Eligible
48,Female,Married,Professional,51992,Government,6,Large,Own,282,4,0,8406,16641,14169,12995,18159,Yes,25537,559,367201,12693,Education,879714,42,500.0,Not_Eligible
43,Male,Single,Post Graduate,134942,Government,25,Medium,Rented,7609,1,2,3429,4043,3641,3953,10419,No,16985,577,85131,282117,Personal Loan,1280491,69,29702.05,Not_Eligible
32,Female,Single,Post Graduate,132886,Government,15,Large,Rented,14428,2,3,13171,10202,4228,24809,9370,Yes,4611,303,651014,137694,Vehicle,307430,27,18223.449999999997,Not_Eligible
55,Male,Married,High School,157049,Government,7,Medium,Family,11840,6,3,6745,10785,1926,28758,5276,No,2780,492,983563,310563,E-commerce Shopping,1436464,53,31128.649999999998,Not_Eligible
45,Female,Married,High School,193448,Private,25,Small,Own,17782,4,0,13919,6951,6822,23631,19298,Yes,23183,603,219187,409214,Home Appliances,653537,20,28651.699999999997,High_Risk
41,Female,Married,Professional,180050,Self-employed,25,Small,Own,2733,4,3,3644,16636,3921,26421,7790,No,16405,450,562681,35594,Home Appliances,413746,61,35875.0,Not_Eligible
47,Male,Married,Graduate,24218,Self-employed,18,Small,Family,4067,4,1,10807,22084,12148,20292,14309,No,29375,305,324932,92497,Home Appliances,759869,77,500.0,Not_Eligible
40,Male,Single,High School,36788,Government,6,Small,Rented,18741,3,0,5339,9404,4827,25523,10690,Yes,23658,752,847942,22391,Vehicle,770446,61,500.0,Not_Eligible
30,Female,Single,Professional,35501,Private,22,Small,Family,11127,6,0,605,6296,12637,25983,6505,Yes,28997,514,242650,195105,Personal Loan,538868,36,500.0,Not_Eligible
32,Female,Single,Graduate,118733,Government,3,Large,Own,12010,2,0,8743,14026,14553,7429,4572,No,29578,626,939041,368898,Vehicle,1497721,55,9737.699999999999,High_Risk
49,Male,Single,High School,30210,Self-employed,9,Medium,Rented,3238,6,2,14672,18508,13230,28038,1167,Yes,18857,384,374073,217840,E-commerce Shopping,485811,49,500.0,Not_Eligible
42,Female,Single,High School,143476,Self-employed,24,Large,Rented,9964,3,2,4414,23230,8335,29068,8448,Yes,7406,717,419112,450152,Vehicle,1459689,26,18413.85,Eligible
49,Female,Married,Professional,89225,Private,0,Small,Own,28653,4,0,2513,25300,9312,8966,13941,No,29401,453,94987,233074,Vehicle,506483,63,500.0,Not_Eligible
36,Female,Single,High School,191561,Self-employed,16,Medium,Rented,28678,6,3,13016,26992,1965,28625,2435,Yes,8230,831,344640,452017,Vehicle,1421434,59,28567.0,Eligible
39,Female,Married,Post Graduate,78721,Private,20,Medium,Family,24373,4,1,7043,21047,11241,14629,18132,Yes,20212,569,864374,53605,Vehicle,199062,68,500.0,Not_Eligible
50,Male,Married,Graduate,188725,Government,12,Small,Own,7210,2,1,1177,27247,5213,7534,2674,No,13230,545,273093,124151,E-commerce Shopping,202132,79,43554.0,Not_Eligible
50,Male,Married,Graduate,187022,Government,18,Medium,Own,787,1,2,12638,22258,4719,25624,2451,Yes,24213,672,248813,408355,Vehicle,663684,22,33016.2,High_Risk
56,Male,Single,Post Graduate,154988,Private,25,Large,Rented,15699,3,4,5181,25753,4913,23873,12754,No,8221,370,391903,272080,Personal Loan,90598,73,20507.899999999998,Not_Eligible
34,Male,Married,Professional,46449,Government,12,Large,Own,27800,1,0,1483,18586,13926,6538,10355,No,23965,501,52070,13917,Education,1199859,75,500.0,Not_Eligible
40,Male,Single,Post Graduate,104333,Private,8,Large,Family,24618,6,4,13237,19225,13016,27842,9004,Yes,2208,650,74793,190902,E-commerce Shopping,559968,36,500.0,Not_Eligible
31,Male,Married,Post Graduate,35782,Government,4,Large,Own,15060,4,1,3311,270,13661,9018,15416,Yes,615,357,659973,70173,Personal Loan,1300579,56,500.0,Not_Eligible
41,Female,Single,Graduate,35243,Government,22,Medium,Rented,12488,4,2,4285,25137,4179,12750,14611,Yes,5789,520,627369,162365,Home Appliances,101064,67,500.0,Not_Eligible
47,Male,Married,Professional,44379,Self-employed,0,Large,Own,27518,5,2,7313,21893,4370,8317,8689,No,26932,458,341513,158450,Home Appliances,503263,74,500.0,Not_Eligible
50,Female,Single,High School,52780,Self-employed,1,Medium,Rented,15002,5,2,9737,19523,12696,26592,18936,Yes,22425,507,959666,322740,E-commerce Shopping,165247,53,500.0,Not_Eligible
45,Female,Married,Post Graduate,176812,Private,30,Small,Rented,22168,1,2,13953,10371,13233,29744,8343,No,2181,537,679119,29802,Education,761081,43,26886.649999999998,Not_Eligible
46,Female,Married,Post Graduate,129944,Government,10,Large,Family,4643,5,2,9688,18077,7818,25952,19667,Yes,18997,487,309560,157233,Vehicle,1270666,3,8785.699999999999,Not_Eligible
31,Male,Married,Professional,34984,Government,27,Small,Own,20705,6,0,12974,9036,6906,29460,17509,No,20407,693,406940,139486,E-commerce Shopping,1302733,27,500.0,Not_Eligible
38,Female,Married,Post Graduate,15050,Government,3,Large,Family,28481,2,4,8264,28329,11115,10422,6526,Yes,12323,553,717331,313503,Vehicle,619148,54,500.0,Not_Eligible
39,Male,Single,Professional,152662,Self-employed,30,Small,Family,21112,6,1,5358,28429,6138,18358,1397,No,13118,648,888235,463991,Vehicle,997469,83,20563.199999999997,High_Risk
31,Female,Single,High School,55205,Private,8,Small,Own,5640,1,1,6559,12507,13008,6539,19196,Yes,26242,621,732930,406383,Home Appliances,1404761,73,500.0,Not_Eligible
33,Female,Single,Professional,30162,Private,4,Small,Family,3410,6,2,12228,3623,4091,5866,280,Yes,7992,479,815752,400383,Education,181457,18,500.0,Not_Eligible
32,Male,Married,High School,64746,Private,4,Small,Family,1358,5,2,10418,21378,10968,7278,12752,No,79,662,844163,443730,Vehicle,428528,23,500.0,Not_Eligible
47,Female,Married,Professional,159177,Government,24,Small,Rented,25780,5,2,1090,23464,9963,21930,7760,No,29455,603,675121,368496,E-commerce Shopping,621137,4,13907.25,High_Risk
53,Female,Married,Post Graduate,183571,Private,7,Medium,Family,11796,2,3,9808,9294,5656,21501,9668,No,12199,681,641262,373007,Home Appliances,1399318,71,36277.149999999994,High_Risk
42,Female,Married,High School,182713,Self-employed,1,Medium,Own,11185,6,1,12364,750,4577,17916,16656,No,29108,425,495639,298405,Vehicle,1110275,7,31554.949999999997,Not_Eligible
55,Female,Married,Post Graduate,26628,Self-employed,6,Large,Rented,15631,2,2,14583,24123,7297,21183,7624,No,7130,673,25016,494994,Home Appliances,36536,75,500.0,Not_Eligible
54,Male,Married,High School,188104,Private,16,Medium,Family,10433,1,4,4802,10559,2538,27698,7506,No,21623,479,315789,339805,Home Appliances,634762,55,36030.75,Not_Eligible
59,Female,Single,Professional,53516,Government,25,Small,Family,16921,3,3,9179,20797,3867,3391,520,Yes,17541,387,424963,451363,E-commerce Shopping,1186190,20,500.0,Not_Eligible
42,Female,Single,Professional,102157,Self-employed,26,Medium,Own,28587,6,0,10307,8014,4549,6298,1726,No,12692,825,13928,185098,E-commerce Shopping,50364,21,10494.4,Eligible
41,Male,Single,Professional,147548,Self-employed,10,Medium,Family,20252,6,3,1591,9964,7527,16202,5228,Yes,26316,542,318322,135667,Personal Loan,644795,65,21163.8,Not_Eligible
38,Female,Single,Graduate,134558,Government,14,Small,Own,4576,2,3,5901,29259,9995,29991,7287,No,28936,829,478868,498254,Vehicle,1062838,8,6514.549999999999,High_Risk
55,Female,Single,Graduate,55800,Government,24,Medium,Family,20909,5,3,8079,14129,5776,7553,9667,No,12520,527,814132,331735,Home Appliances,961954,65,500.0,Not_Eligible
48,Female,Single,High School,50788,Private,2,Small,Family,19967,1,4,8779,18470,12461,17518,4997,No,446,376,253328,29928,Personal Loan,186558,29,500.0,Not_Eligible
59,Female,Single,Graduate,135754,Self-employed,12,Medium,Own,7898,3,1,9034,11462,1178,18586,5386,No,13255,589,181866,188606,E-commerce Shopping,239776,56,24134.25,Not_Eligible
58,Male,Single,Professional,41240,Self-employed,17,Small,Rented,17734,6,2,3649,15278,9806,15232,18366,No,25627,418,877091,331348,Education,1219956,33,500.0,Not_Eligible
27,Female,Married,Graduate,156994,Private,19,Large,Own,9136,1,4,11808,12392,2754,6143,3921,Yes,5420,476,856647,106107,Home Appliances,154329,66,36897.0,Not_Eligible
50,Male,Married,Graduate,79198,Private,19,Medium,Rented,20240,5,4,1565,22085,8695,21943,15320,Yes,9785,517,547113,36425,Education,477534,23,500.0,Not_Eligible
47,Female,Married,Post Graduate,73739,Self-employed,2,Large,Rented,14216,3,2,3609,20249,9238,18367,15730,No,978,311,613415,212969,Education,1258196,16,500.0,Not_Eligible
39,Female,Married,High School,27089,Self-employed,1,Small,Own,26399,3,3,2929,8698,9015,9072,8852,Yes,28,412,587774,147954,Home Appliances,594433,82,500.0,Not_Eligible
28,Female,Married,High School,47600,Government,4,Small,Own,19009,2,0,721,29241,7701,20479,18429,Yes,26462,619,841544,309464,Personal Loan,647029,4,500.0,Not_Eligible
53,Male,Married,High School,192248,Government,19,Large,Family,28474,4,3,1804,328,12875,8894,17053,No,18808,325,505582,320863,Personal Loan,1355002,20,36404.2,Not_Eligible
46,Female,Married,Graduate,23167,Self-employed,4,Small,Family,28063,5,3,12611,26290,7326,23525,6123,No,18357,690,922592,109856,Home Appliances,921010,20,500.0,Not_Eligible
49,Female,Single,Professional,93352,Self-employed,12,Small,Rented,12398,4,1,11386,29655,7497,7688,15533,No,27960,354,550459,386096,Vehicle,1123984,37,500.0,Not_Eligible
37,Male,Single,Post Graduate,167236,Government,27,Small,Family,20691,5,3,654,14643,3534,11964,12019,Yes,16416,507,377041,184498,Education,101757,80,30560.249999999996,Not_Eligible
42,Male,Married,High School,100965,Private,27,Small,Own,13994,1,0,8336,24797,9407,7577,10044,No,24005,739,441673,118295,Personal Loan,1178825,84,981.7499999999999,Not_Eligible
57,Male,Single,Graduate,140540,Private,7,Small,Rented,9042,4,4,7684,10895,3939,24912,1645,Yes,5055,450,605195,396564,Home Appliances,1084581,27,27078.8,Not_Eligible
40,Male,Single,Professional,46415,Self-employed,26,Small,Family,19309,6,3,9888,20271,14734,20582,9621,Yes,25195,762,315808,235929,E-commerce Shopping,1416340,9,500.0,Not_Eligible
26,Female,Single,Post Graduate,86895,Self-employed,15,Small,Family,29658,6,4,6453,15386,6765,29026,3441,No,2947,627,342487,174672,E-commerce Shopping,414667,5,500.0,Not_Eligible
59,Female,Single,Post Graduate,94900,Government,30,Small,Own,9187,6,1,4239,23200,3899,24134,919,Yes,7668,497,711622,437394,Home Appliances,254461,59,7578.9,Not_Eligible
58,Female,Single,High School,109330,Self-employed,17,Large,Own,6714,3,0,13229,28822,3876,27255,7382,Yes,9487,803,473775,104130,Vehicle,489112,78,4397.75,Not_Eligible
54,Female,Married,High School,73650,Private,24,Medium,Family,23581,2,2,10903,6316,14296,8790,5426,No,18932,519,726003,318924,E-commerce Shopping,368611,56,500.0,Not_Eligible
37,Male,Single,Professional,15615,Government,25,Small,Rented,14287,5,2,892,10962,10428,13476,18496,No,9090,603,506431,148033,Vehicle,472189,18,500.0,Not_Eligible
37,Female,Married,Graduate,191684,Government,15,Large,Rented,22390,2,1,10756,12131,2007,22422,13710,No,27480,810,665866,360360,Home Appliances,387144,22,28275.8,Eligible
42,Female,Married,Professional,92937,Private,0,Small,Own,12953,5,0,4290,25554,5829,26214,411,Yes,4798,832,598279,180287,Home Appliances,1026681,7,4510.799999999999,Not_Eligible
56,Female,Married,High School,56936,Private,7,Medium,Own,8541,6,4,11746,3093,7464,12355,7419,No,20048,703,322760,467308,Education,443101,63,500.0,Not_Eligible
56,Female,Single,Professional,175444,Government,27,Small,Own,17921,3,1,1660,6953,11330,27639,19683,No,18325,662,989045,255455,Home Appliances,1450339,33,25176.55,High_Risk
59,Male,Married,Graduate,122812,Self-employed,20,Large,Family,11169,3,3,11738,27500,9057,29902,2858,Yes,11345,370,969477,6560,Vehicle,313193,26,6735.049999999999,Not_Eligible
53,Female,Married,Post Graduate,82875,Private,1,Large,Family,19112,3,4,13899,13856,13602,19433,9412,Yes,10847,393,873658,380447,Personal Loan,429459,65,500.0,Not_Eligible
53,Female,Married,Post Graduate,96782,Government,23,Medium,Own,7381,3,3,4913,17004,3159,15502,10482,No,3217,774,462463,406121,E-commerce Shopping,700482,47,12293.4,Eligible
40,Female,Married,Post Graduate,76700,Self-employed,4,Small,Rented,20730,3,3,7336,19849,4184,16948,2750,Yes,23096,527,148640,357876,E-commerce Shopping,818870,46,500.0,Not_Eligible
34,Male,Single,Post Graduate,23109,Self-employed,25,Large,Own,2366,6,4,10968,6190,9565,9179,6314,No,29401,646,783447,48792,Education,1304931,82,500.0,Not_Eligible
54,Male,Married,High School,38758,Government,14,Medium,Own,13494,2,3,7350,9823,2286,21058,17137,Yes,28401,474,820912,52667,Personal Loan,18297,41,500.0,Not_Eligible
49,Female,Married,High School,123592,Private,13,Medium,Rented,7028,1,2,3920,21628,9559,28080,17870,Yes,12184,516,390763,204162,Vehicle,67011,30,8163.049999999999,Not_Eligible
44,Female,Married,Graduate,28317,Self-employed,25,Small,Rented,10428,4,4,9328,11598,5473,4591,12545,Yes,6427,847,20551,24425,Vehicle,1273818,7,500.0,Not_Eligible
29,Female,Married,Graduate,197495,Private,28,Large,Rented,23252,2,1,1299,21798,14116,7344,12438,No,16379,696,723469,13106,Education,818246,79,35304.149999999994,High_Risk
25,Male,Single,Graduate,40622,Government,29,Small,Rented,20259,6,2,2523,10029,5920,20117,13195,Yes,27303,573,758453,223238,Home Appliances,64302,17,500.0,Not_Eligible
54,Female,Married,Graduate,21800,Private,2,Small,Family,29991,4,1,11441,4935,4925,8956,13741,Yes,21398,414,816926,298608,Personal Loan,1308481,51,500.0,Not_Eligible
27,Female,Married,Professional,50539,Self-employed,6,Small,Family,11286,1,0,1660,9752,5769,22236,9632,Yes,6279,502,720373,394428,E-commerce Shopping,316055,6,500.0,Not_Eligible
38,Female,Married,Graduate,148672,Government,3,Large,Own,6041,5,1,9506,16270,14907,19851,3371,No,29324,817,295981,176920,Personal Loan,351646,16,17290.699999999997,Eligible
54,Male,Married,Post Graduate,100163,Self-employed,10,Medium,Family,19985,1,4,8625,6713,4116,22192,14572,Yes,3243,424,335628,292694,Education,713552,12,7250.95,Not_Eligible
28,Female,Married,Post Graduate,175441,Self-employed,26,Small,Own,4174,1,1,7630,22458,2294,28085,7458,No,4984,607,329668,465149,Home Appliances,259768,46,34425.299999999996,High_Risk
42,Female,Married,Post Graduate,31689,Government,25,Small,Own,29217,6,0,4512,23065,4976,26945,14754,No,9774,497,105993,61019,Personal Loan,282983,79,500.0,Not_Eligible
49,Male,Single,Professional,96459,Government,11,Large,Rented,923,5,3,1858,21800,7865,8559,13763,No,23561,814,318346,128715,Home Appliances,422847,38,6345.5,High_Risk
25,Male,Married,Graduate,53469,Private,14,Small,Rented,17002,4,4,8902,8235,7390,5773,15097,No,2344,777,723824,443911,Personal Loan,878821,61,500.0,Not_Eligible
39,Female,Single,Post Graduate,147030,Government,5,Medium,Family,20784,3,2,8329,12884,1173,5857,18590,No,19138,365,716001,237297,E-commerce Shopping,277209,34,21096.25,Not_Eligible
33,Male,Single,Post Graduate,75012,Private,25,Small,Family,22726,5,2,11752,28693,13323,22613,16283,Yes,20478,507,858451,103934,Vehicle,1232294,67,500.0,Not_Eligible
39,Female,Married,Post Graduate,75021,Government,23,Medium,Family,27838,5,1,1753,16237,13589,6165,10122,Yes,329,577,957753,281314,Personal Loan,1048287,66,500.0,Not_Eligible
48,Male,Single,Post Graduate,196854,Self-employed,0,Small,Family,3303,1,2,11048,28897,8325,25293,14367,No,28080,438,988995,314365,Vehicle,741936,6,27139.35,Not_Eligible
28,Male,Married,High School,39642,Private,17,Small,Rented,13885,5,0,7335,29220,8818,4509,18753,No,22975,608,54132,101144,Vehicle,180019,3,500.0,Not_Eligible
36,Female,Single,Graduate,94003,Government,13,Small,Rented,27177,2,2,6277,20853,5981,15261,7165,Yes,24590,631,386888,95678,Vehicle,395944,84,500.0,Not_Eligible
30,Female,Married,Graduate,138714,Private,28,Medium,Family,9239,3,1,1184,23140,11272,22894,7346,Yes,2263,467,497224,356579,Education,749559,79,21481.6,Not_Eligible
48,Female,Single,Professional,15205,Private,23,Small,Own,9890,1,2,6927,1027,4834,19549,3770,No,26300,846,281832,219039,E-commerce Shopping,920009,23,500.0,Not_Eligible
35,Male,Single,High School,107945,Private,30,Small,Rented,21964,4,3,14071,26561,3429,16367,10444,No,5372,342,281541,293428,Vehicle,243049,81,3407.95,Not_Eligible
37,Female,Married,Professional,27442,Self-employed,6,Small,Rented,26806,4,3,733,26302,7567,6526,10354,No,20809,570,376956,222488,E-commerce Shopping,1387601,43,500.0,Not_Eligible
58,Female,Single,Post Graduate,106826,Government,9,Medium,Rented,7600,4,2,1851,9024,9005,14633,15101,No,2611,599,233326,448025,Personal Loan,365553,43,16450.35,Not_Eligible
49,Female,Single,Professional,151763,Government,8,Small,Rented,26444,4,4,6520,11585,14994,28977,1091,Yes,5549,341,619907,416775,E-commerce Shopping,1295918,12,19811.05,Not_Eligible
31,Female,Single,Post Graduate,53909,Private,1,Large,Family,27230,4,2,9545,14092,8789,7003,13534,No,1082,815,433084,155844,Home Appliances,488123,6,500.0,Not_Eligible
28,Female,Single,Post Graduate,34504,Government,7,Medium,Family,8122,1,3,8586,27162,14990,24898,13290,No,6319,626,747920,151530,Vehicle,273340,71,500.0,Not_Eligible
32,Male,Single,Graduate,110698,Self-employed,21,Large,Own,16466,2,3,5291,12659,11965,4414,13621,No,13685,584,739848,16257,Personal Loan,255330,46,11408.949999999999,Not_Eligible
44,Female,Married,Graduate,184870,Private,30,Small,Rented,16476,2,0,2517,7800,8462,12567,843,Yes,12261,561,484630,162962,Vehicle,1122036,61,43380.399999999994,Not_Eligible
53,Female,Single,Graduate,195402,Self-employed,0,Medium,Family,23144,4,1,7589,17772,9884,22537,17261,No,12582,554,84704,104386,Vehicle,564616,40,29621.55,Not_Eligible
34,Male,Single,Graduate,102087,Self-employed,19,Medium,Family,27732,2,0,3327,17296,13882,14251,6100,No,13949,493,976883,112331,Personal Loan,1435873,26,1942.4999999999998,Not_Eligible
58,Female,Married,Graduate,56716,Government,29,Small,Rented,7375,3,4,12246,25668,12221,9689,6512,Yes,13865,380,247467,239078,Personal Loan,1211841,26,500.0,Not_Eligible
50,Female,Married,High School,193054,Government,30,Large,Family,7837,2,1,6124,24023,1873,11254,1561,No,14642,710,64785,7903,Education,1363538,21,44009.0,Eligible
27,Female,Married,Graduate,173516,Private,1,Medium,Family,23108,5,2,13431,7672,13606,5749,9303,No,20273,438,33022,498885,Education,184934,45,28130.899999999998,Not_Eligible
30,Female,Single,Professional,170806,Self-employed,6,Medium,Family,19432,4,2,2066,5432,4096,23358,18538,Yes,3419,800,371129,378102,Education,696820,77,33062.75,Eligible
29,Female,Single,Post Graduate,187817,Government,24,Medium,Own,17851,5,4,13095,21575,9949,15842,13623,No,4456,402,577830,103175,E-commerce Shopping,151440,81,31999.1,Not_Eligible
29,Male,Single,Graduate,49571,Private,15,Medium,Family,26600,5,3,246,9461,4624,6857,16587,No,1789,843,888186,68794,Home Appliances,1123841,15,500.0,Not_Eligible
47,Male,Single,High School,161461,Private,21,Medium,Rented,29445,4,2,5324,17141,6553,13387,10831,Yes,7233,669,978523,467076,Home Appliances,1010439,34,25041.449999999997,High_Risk
33,Male,Married,Professional,108280,Government,3,Small,Rented,15188,6,0,7587,26364,11298,12734,863,No,22440,350,417123,37708,E-commerce Shopping,1423461,12,4132.099999999999,Not_Eligible
59,Female,Married,Professional,60038,Self-employed,20,Medium,Rented,12009,1,3,3138,8043,13464,7403,13980,No,19001,537,410601,80030,Education,319186,61,500.0,Not_Eligible
44,Male,Single,Post Graduate,87795,Private,26,Large,Family,5489,6,2,341,5192,2565,10672,15328,No,8830,339,104942,220556,Home Appliances,1405794,48,13782.3,Not_Eligible
59,Female,Single,Professional,60168,Government,16,Medium,Own,19082,2,3,14680,19217,4116,21212,12824,No,2563,522,750487,68725,Education,347032,34,500.0,Not_Eligible
42,Female,Single,Professional,82690,Private,28,Small,Family,8983,6,1,14227,7695,12715,27673,13255,Yes,10474,817,59350,291200,Personal Loan,25970,51,500.0,Not_Eligible
41,Female,Single,Professional,129053,Government,3,Small,Rented,475,3,2,11163,28338,9500,12517,8725,No,18864,680,750192,429613,E-commerce Shopping,910597,41,13814.849999999999,High_Risk
48,Male,Married,Professional,26230,Private,28,Large,Own,8695,6,2,11960,3061,9345,11038,8931,Yes,12674,571,178798,216195,Education,681906,53,500.0,Not_Eligible
27,Male,Married,High School,98301,Self-employed,25,Medium,Own,230,6,3,2434,18471,10158,6455,15563,No,21535,698,975025,373109,E-commerce Shopping,47042,18,8209.25,High_Risk
56,Male,Single,Post Graduate,151974,Private,2,Large,Family,7021,1,1,341,19494,2163,14367,14201,No,27641,705,552225,47507,Vehicle,906859,41,23361.1,Eligible
59,Female,Married,Graduate,81758,Government,8,Large,Rented,9778,3,0,107,7028,3816,17070,18696,No,22190,445,626825,62812,E-commerce Shopping,509255,62,1075.55,Not_Eligible
37,Male,Single,Professional,42050,Government,21,Large,Family,26350,6,1,6820,27368,9576,26887,15413,No,1597,733,490314,205855,E-commerce Shopping,83510,7,500.0,Not_Eligible
49,Female,Single,High School,114805,Government,14,Large,Rented,11282,4,0,4728,12853,12911,22021,8565,No,2273,528,333914,75872,Education,902546,83,14060.199999999999,Not_Eligible
33,Male,Married,Post Graduate,84110,Self-employed,19,Medium,Own,23217,2,4,5093,19627,3795,5024,12140,Yes,22671,753,431167,421759,E-commerce Shopping,696644,66,500.0,Not_Eligible
28,Male,Single,Graduate,117033,Government,2,Small,Family,18640,6,1,5521,12589,13911,24535,19042,No,26051,662,56095,284237,Vehicle,1184432,50,500.0,Not_Eligible
38,Female,Married,Post Graduate,91693,Government,11,Small,Own,20354,1,0,12883,16287,2056,5981,17884,No,22545,550,576586,426866,Personal Loan,941944,28,500.0,Not_Eligible
58,Female,Single,High School,137428,Self-employed,14,Medium,Rented,28802,4,3,13613,7657,10923,28254,16903,Yes,2779,693,54191,207234,Home Appliances,448238,53,9973.949999999999,High_Risk
35,Male,Married,High School,34575,Government,28,Large,Own,21222,1,0,9988,23983,12634,4305,16746,Yes,6889,594,980550,496435,Personal Loan,1024659,70,500.0,Not_Eligible
27,Male,Single,High School,55244,Government,19,Medium,Own,16767,5,4,5226,1724,8345,6101,1476,No,21893,600,77132,339722,E-commerce Shopping,469975,28,500.0,Not_Eligible
52,Male,Married,Professional,29962,Self-employed,7,Large,Own,11355,6,0,7802,9125,10861,29365,12911,Yes,746,327,964802,224008,Vehicle,1142858,22,500.0,Not_Eligible
53,Female,Single,High School,115695,Private,11,Large,Family,10601,2,1,12872,554,5076,10014,2012,No,18793,372,499559,460984,Vehicle,1318560,79,19520.55,Not_Eligible
33,Female,Single,Graduate,105388,Government,20,Medium,Rented,17144,2,0,10716,24579,13219,18391,3324,No,12608,612,997947,101309,Personal Loan,1264053,73,1892.4499999999998,Not_Eligible
27,Male,Married,Professional,92332,Private,12,Medium,Own,5243,4,1,2384,1284,4774,26223,10144,No,27215,379,602835,17591,Education,803303,26,5272.75,Not_Eligible
49,Male,Single,Post Graduate,170522,Self-employed,14,Large,Own,20336,4,4,11723,12260,2459,8684,5855,Yes,27940,328,197234,296829,Home Appliances,1232942,69,28442.75,Not_Eligible
58,Female,Married,Graduate,199566,Government,10,Large,Own,17326,4,0,10552,21360,9133,6974,13961,No,14408,610,318379,161842,E-commerce Shopping,553600,69,37048.2,High_Risk
36,Male,Married,Professional,142386,Government,16,Large,Own,19079,2,0,13465,15929,1005,10115,13161,Yes,22462,356,849318,133851,E-commerce Shopping,170984,52,16509.5,Not_Eligible
33,Female,Single,High School,60037,Self-employed,20,Large,Rented,17680,6,4,5920,11812,5786,5966,530,Yes,4944,709,815720,403457,Personal Loan,1186101,18,2589.6499999999996,Not_Eligible
39,Female,Single,Post Graduate,127666,Government,23,Medium,Rented,10594,5,0,8800,29081,7938,14088,13516,Yes,22627,794,518146,406604,Vehicle,831215,35,7357.7,High_Risk
49,Female,Single,High School,142048,Private,26,Small,Family,18531,2,1,5923,14058,10833,24427,19086,No,13793,432,105614,396258,Vehicle,1469964,80,12388.949999999999,Not_Eligible
29,Female,Single,Graduate,98040,Private,30,Small,Rented,23258,4,2,5468,6158,9168,6220,1631,No,4351,446,752642,69086,Education,1096563,52,14625.099999999999,Not_Eligible
35,Female,Married,Graduate,126264,Self-employed,11,Large,Rented,26215,3,2,14077,24663,9109,20483,846,No,5434,528,826465,266638,Home Appliances,370858,4,8902.949999999999,Not_Eligible
58,Female,Single,Professional,176113,Government,19,Small,Own,4396,6,1,10833,22487,4829,8077,13909,Yes,25438,631,207073,241476,E-commerce Shopping,956710,61,30150.399999999998,High_Risk
48,Male,Single,Graduate,25715,Government,29,Small,Family,16992,5,0,7696,12386,8034,23036,18003,Yes,10401,748,390299,1062,Personal Loan,614442,43,500.0,Not_Eligible
39,Female,Single,Post Graduate,167875,Self-employed,17,Small,Family,881,2,1,10539,21487,6350,18076,16176,No,10532,743,184297,365089,Education,1357572,79,29341.899999999998,Eligible
32,Female,Married,Professional,76726,Private,28,Small,Own,10442,3,4,2739,26216,6520,7644,18254,Yes,16545,741,763688,74469,Home Appliances,657760,65,500.0,Not_Eligible
29,Male,Single,Post Graduate,147980,Private,30,Small,Family,27668,6,1,4823,216,7870,12862,2246,Yes,4012,710,835930,253610,E-commerce Shopping,337783,84,30899.05,Eligible
50,Female,Married,High School,133208,Self-employed,15,Small,Rented,29893,5,2,13845,6553,5880,9204,9654,Yes,15204,512,706328,121082,Home Appliances,410922,64,15041.249999999998,Not_Eligible
42,Male,Single,Post Graduate,183147,Government,2,Large,Family,26735,2,3,12523,8382,9808,6202,2197,Yes,22144,408,873330,211009,E-commerce Shopping,1021692,4,33304.6,Not_Eligible
30,Female,Married,Post Graduate,68648,Private,29,Large,Own,23700,6,4,5060,29910,10077,11704,17747,Yes,24316,801,125292,411052,Home Appliances,124939,9,500.0,Not_Eligible
37,Male,Single,Graduate,36134,Government,26,Large,Family,10620,6,0,7040,18117,3070,28659,12923,No,3214,844,97165,410976,Home Appliances,1277419,79,500.0,Not_Eligible
52,Male,Single,High School,71143,Private,8,Medium,Family,13042,4,1,8402,4712,7950,24381,3602,No,22750,401,388098,278910,Personal Loan,225723,10,500.0,Not_Eligible
29,Female,Married,Graduate,84123,Government,29,Small,Family,27577,2,4,8477,7194,1160,25907,9050,No,22834,780,621165,422938,Education,102184,5,500.0,Not_Eligible
37,Female,Single,High School,191225,Private,6,Small,Own,13494,6,2,10662,1205,10409,4862,8969,No,12301,720,971134,131138,Vehicle,396236,16,45263.049999999996,Eligible
41,Female,Single,High School,148485,Government,18,Medium,Rented,21275,5,0,5838,2642,5178,25874,8241,No,16235,752,409560,252605,Home Appliances,896267,74,22120.699999999997,Eligible
56,Female,Single,Post Graduate,168627,Self-employed,4,Small,Family,6480,4,1,8685,11422,1167,26993,13224,Yes,9825,711,962331,20287,Personal Loan,974659,35,31790.85,Eligible
53,Male,Married,Graduate,157024,Private,18,Large,Rented,23889,6,1,1017,22757,4912,29375,14734,Yes,16954,393,431345,340467,Vehicle,1316105,29,15185.099999999999,Not_Eligible
27,Male,Single,Post Graduate,136657,Self-employed,9,Large,Rented,1994,1,0,3490,27882,3702,23342,375,No,15539,783,569649,86770,Education,663280,13,21116.55,Eligible
58,Male,Married,Post Graduate,81686,Private,19,Medium,Rented,16173,3,3,2884,27423,3602,17734,16406,No,28160,343,441926,394651,Education,678115,13,500.0,Not_Eligible
51,Female,Married,Post Graduate,127841,Private,11,Large,Family,17707,6,3,2814,28033,5439,15294,2672,No,28898,615,111238,362101,Home Appliances,1305093,20,9444.4,High_Risk
37,Male,Married,High School,47264,Private,7,Medium,Rented,7768,4,4,10181,12817,5107,16216,12570,No,13770,357,141921,79837,E-commerce Shopping,1201329,76,500.0,Not_Eligible
57,Female,Single,Graduate,193625,Government,29,Large,Family,12509,4,1,14680,3355,4605,23392,1029,Yes,22672,441,174307,39592,Education,768550,44,38984.049999999996,Not_Eligible
30,Female,Married,Graduate,124885,Private,2,Small,Family,1011,5,4,8714,28742,10745,4976,4375,No,3895,689,123897,21873,Personal Loan,204556,5,21849.449999999997,High_Risk
48,Male,Married,Post Graduate,155880,Self-employed,18,Large,Family,23287,6,0,4914,15863,1449,28734,16776,Yes,13956,745,305908,189014,Home Appliances,174754,34,17815.35,Eligible
43,Female,Single,High School,67330,Government,26,Medium,Rented,28614,6,4,10558,13526,5669,18290,14281,No,23184,304,666703,140896,Education,1032071,38,500.0,Not_Eligible
40,Male,Married,Graduate,129672,Government,10,Small,Family,17072,5,1,13653,2164,5027,16331,3517,Yes,8977,732,480114,452019,Home Appliances,534003,12,22025.85,Eligible
52,Female,Married,Professional,53345,Private,7,Medium,Own,4068,3,3,11642,99,7734,25854,16194,No,12120,734,280590,91917,E-commerce Shopping,179976,57,500.0,Not_Eligible
57,Male,Single,Graduate,54222,Government,25,Small,Own,28789,5,3,9848,16983,3537,29033,7501,Yes,822,422,707662,204860,Education,554235,73,500.0,Not_Eligible
37,Female,Single,Post Graduate,72755,Private,12,Small,Own,28845,4,0,7915,25435,14478,20037,8675,No,6626,317,554020,470989,Home Appliances,366608,27,500.0,Not_Eligible
49,Male,Married,Professional,23933,Self-employed,25,Large,Family,25818,3,2,3064,22168,3709,24877,11049,Yes,26158,784,698570,38961,Personal Loan,954260,64,500.0,Not_Eligible
60,Male,Single,High School,83207,Government,22,Large,Own,3447,3,4,10934,6438,13752,9286,4923,No,28367,810,256791,134668,Education,346056,36,2121.0,Not_Eligible
51,Female,Single,Professional,189811,Government,22,Small,Family,24281,2,0,589,15536,3957,6793,16311,No,25008,522,398036,70851,E-commerce Shopping,486309,27,34067.6,Not_Eligible
31,Female,Single,Professional,193810,Self-employed,9,Large,Family,15948,4,3,8826,15491,3664,25921,86,Yes,26865,543,512185,318833,Vehicle,1031354,75,33953.15,Not_Eligible
29,Male,Married,Post Graduate,119691,Self-employed,17,Large,Family,23639,4,1,12232,29676,2789,11674,1643,Yes,7062,308,775897,369938,Vehicle,348667,10,10841.599999999999,Not_Eligible
55,Female,Married,Graduate,120137,Private,11,Medium,Rented,10236,5,1,14099,12083,5102,26514,8910,No,27239,645,312243,18647,Home Appliances,1387670,55,5583.9,High_Risk
47,Female,Single,High School,167955,Government,6,Large,Own,24459,4,2,8399,27257,4234,21044,2229,No,20756,421,232020,87331,Education,960548,12,20851.949999999997,Not_Eligible
34,Female,Married,Professional,113818,Self-employed,25,Small,Family,25016,6,2,2233,5842,14506,13730,2469,Yes,20124,779,803494,93509,Education,762966,80,10464.3,Eligible
56,Male,Single,Post Graduate,113510,Government,10,Large,Own,25800,5,3,9168,15939,1318,14584,14994,Yes,29883,597,584906,458507,E-commerce Shopping,480586,3,638.4,Not_Eligible
54,Male,Single,Graduate,114251,Self-employed,9,Small,Own,2462,4,2,10256,26680,3177,20334,6596,Yes,2733,664,455781,241480,Vehicle,1218072,60,14704.55,High_Risk
55,Female,Single,Professional,189473,Government,2,Small,Rented,5123,6,2,1313,23564,11348,11603,2248,No,22627,625,867466,403980,Personal Loan,38791,21,39076.45,High_Risk
42,Female,Single,Post Graduate,161452,Self-employed,29,Medium,Own,29621,2,1,8169,10432,11745,19737,16966,Yes,12809,408,194017,350743,Vehicle,106167,80,18190.55,Not_Eligible
60,Male,Single,Post Graduate,33212,Government,6,Small,Family,4178,4,4,12541,7742,1428,5479,4119,No,11347,842,921929,442541,Education,612696,22,500.0,Not_Eligible
26,Female,Married,Post Graduate,43174,Private,28,Small,Family,13276,2,1,970,25569,13531,7098,872,Yes,5172,421,476654,184078,Personal Loan,1025922,50,500.0,Not_Eligible
38,Male,Married,High School,152933,Government,3,Medium,Own,14828,4,1,4706,3910,11677,26483,2383,Yes,25222,574,767849,116141,Personal Loan,1444544,74,22303.399999999998,Not_Eligible
37,Female,Married,Graduate,152166,Private,28,Small,Own,6149,4,3,6589,11773,13594,7080,3721,No,9501,370,217325,404337,E-commerce Shopping,318619,60,32815.65,Not_Eligible
53,Female,Married,Professional,119649,Private,7,Medium,Rented,27328,1,3,9671,9368,1900,23610,14222,No,18268,474,753236,207453,Home Appliances,1203451,40,5348.7,Not_Eligible
36,Female,Single,Graduate,66319,Private,7,Small,Family,18136,6,4,9362,13334,10812,20482,13887,Yes,12342,592,872146,66143,Home Appliances,1334643,44,500.0,Not_Eligible
26,Male,Single,Graduate,192800,Government,5,Large,Own,29018,4,0,13171,28701,8422,20731,12428,No,10995,774,216812,145375,E-commerce Shopping,709976,9,24266.899999999998,Eligible
56,Male,Married,Professional,170435,Government,12,Medium,Own,21013,2,2,3185,11632,12590,4973,14323,No,21056,318,80014,466913,Education,1097625,71,28582.05,Not_Eligible
37,Male,Married,Graduate,102846,Private,11,Medium,Family,11194,3,2,7264,22204,1748,20407,6897,No,5140,392,664482,487458,Education,1445408,80,9797.199999999999,Not_Eligible
51,Male,Single,High School,185372,Self-employed,2,Small,Own,5916,2,1,9591,28038,7144,23639,11510,Yes,15110,708,735118,482193,Home Appliances,1286645,75,29548.399999999998,Eligible
41,Female,Single,Professional,69808,Government,5,Medium,Rented,4546,6,1,7126,14645,5872,25544,1094,No,7467,352,444559,188370,Vehicle,1181715,22,1229.8999999999999,Not_Eligible
55,Female,Single,Professional,152015,Government,21,Small,Own,27792,4,4,12793,13932,5289,28994,4487,No,13123,784,646379,190193,E-commerce Shopping,1327439,54,15961.749999999998,Eligible
58,Male,Married,Post Graduate,57616,Government,18,Medium,Own,15361,5,2,11585,15760,8531,23835,14314,Yes,6502,714,93617,351950,Vehicle,1160607,28,500.0,Not_Eligible
48,Female,Single,Graduate,89329,Government,10,Medium,Rented,3359,1,1,2375,1376,11603,4055,18679,Yes,24311,847,870500,251541,E-commerce Shopping,826432,58,8249.85,High_Risk
59,Female,Single,Professional,171359,Private,3,Large,Rented,21397,5,1,4444,25147,2027,21914,9320,No,8334,431,25308,379672,E-commerce Shopping,699647,72,27571.6,Not_Eligible
30,Male,Married,Professional,142957,Self-employed,14,Small,Rented,12134,1,3,6450,12353,13436,29485,15269,Yes,4705,542,157729,215831,Home Appliances,1366387,73,17193.75,Not_Eligible
43,Female,Married,High School,180043,Self-employed,1,Large,Family,11488,1,0,198,26789,12324,21031,18689,No,7169,390,888260,465797,Home Appliances,857002,64,28824.249999999996,Not_Eligible
54,Female,Married,Post Graduate,71152,Self-employed,14,Medium,Own,29625,5,4,3248,26091,12033,17945,1654,No,12644,645,357531,175267,Vehicle,1304951,64,500.0,Not_Eligible
31,Male,Single,Professional,57351,Self-employed,16,Small,Own,7604,6,0,1147,11916,2140,22204,11267,Yes,17026,663,210020,279945,Education,219721,38,500.0,Not_Eligible
34,Female,Single,High School,137377,Private,1,Large,Rented,12501,4,0,5276,21043,9100,28432,12626,Yes,7855,421,887254,322827,Personal Loan,262447,22,14190.4,Not_Eligible
56,Female,Married,Professional,75616,Government,6,Medium,Family,4014,2,4,6750,8371,9429,10825,11961,No,18883,658,274398,130372,Vehicle,673501,20,1884.05,Not_Eligible
58,Female,Single,Professional,169969,Government,25,Large,Rented,899,5,2,4706,725,14449,10682,6769,No,4142,413,111062,471443,E-commerce Shopping,1379388,74,44658.95,Not_Eligible
52,Male,Single,Professional,38010,Private,15,Medium,Own,1189,3,1,13208,29448,5825,24275,7873,Yes,27376,718,291770,429092,Personal Loan,1125867,29,500.0,Not_Eligible
39,Male,Single,High School,186226,Government,4,Medium,Family,652,1,4,14190,17424,5553,22393,2102,Yes,25002,822,784081,456175,Personal Loan,1297317,7,34618.5,Eligible
54,Female,Married,Graduate,136822,Private,15,Small,Family,24380,2,1,4035,6269,11724,20185,3852,Yes,867,486,553737,385553,Personal Loan,1400288,48,22928.5,Not_Eligible
53,Female,Married,Professional,166186,Self-employed,24,Small,Own,982,3,3,10474,16465,2754,3341,19288,No,17946,377,836727,244846,Personal Loan,47503,43,33227.6,Not_Eligible
46,Female,Single,Professional,34050,Private,18,Small,Family,575,2,0,9917,27687,7992,23885,1453,Yes,2947,786,737531,172519,Personal Loan,388384,54,500.0,Not_Eligible
28,Male,Single,Graduate,36125,Government,1,Medium,Family,8524,4,3,9509,22119,14001,12588,18818,No,11090,304,259079,162016,Vehicle,114304,5,500.0,Not_Eligible
44,Male,Single,Professional,196468,Government,14,Large,Rented,4307,3,0,13072,11210,2610,20693,9372,No,27489,602,711788,181544,Home Appliances,1032076,60,37700.25,High_Risk
56,Male,Single,Post Graduate,190918,Government,3,Small,Family,24864,6,2,3968,17589,12310,9703,786,Yes,27471,389,88290,360203,Home Appliances,1000261,83,32979.45,Not_Eligible
60,Female,Married,Professional,166468,Self-employed,1,Small,Rented,6753,6,4,11281,28543,5439,19960,12564,Yes,2739,654,287512,114528,E-commerce Shopping,1379678,27,27716.149999999998,High_Risk
28,Female,Married,Post Graduate,107661,Private,26,Small,Family,10405,5,2,5054,14773,14650,23700,3219,No,5036,501,879690,217416,Education,484926,70,10788.4,Not_Eligible
51,Female,Single,Graduate,103116,Private,22,Small,Rented,10365,2,0,13485,13255,10679,7028,15195,Yes,23015,394,279375,229472,Vehicle,305071,43,3532.8999999999996,Not_Eligible
41,Female,Single,High School,134233,Government,9,Medium,Rented,12025,6,3,1426,6673,5758,21578,7258,No,9778,467,111596,409023,Personal Loan,1428395,77,24407.949999999997,Not_Eligible
36,Female,Married,Graduate,185045,Private,21,Large,Family,7740,6,0,10620,22156,7519,7050,6699,Yes,21151,729,503992,423069,Home Appliances,354458,64,35738.5,Eligible
46,Male,Single,Professional,169646,Government,23,Medium,Rented,17439,5,2,1841,29856,12386,28779,1773,No,16912,657,475019,321005,E-commerce Shopping,656566,43,21231.0,High_Risk
41,Female,Married,Post Graduate,105155,Private,28,Medium,Own,6026,5,2,7287,14222,1245,25013,18426,No,3350,413,525151,234512,Personal Loan,1371778,84,10355.099999999999,Not_Eligible
34,Female,Single,High School,144843,Self-employed,4,Medium,Own,20753,6,3,4863,28373,10469,19381,11764,No,14507,831,790180,136738,E-commerce Shopping,1339522,35,12156.55,Eligible
25,Female,Married,Professional,28869,Self-employed,17,Small,Family,1324,2,3,14431,6142,7842,8416,14506,No,27949,804,337487,448847,Personal Loan,957366,40,500.0,Not_Eligible
46,Male,Single,High School,77167,Private,28,Large,Family,15380,2,2,12085,2981,8058,16660,15959,Yes,9611,625,713769,401831,Personal Loan,151043,20,500.0,Not_Eligible
50,Female,Single,High School,158194,Self-employed,3,Medium,Family,3595,1,0,6174,27357,11520,11682,1625,No,4661,596,569463,14738,Home Appliances,1246680,56,32052.999999999996,Not_Eligible
42,Male,Married,Professional,189899,Self-employed,0,Medium,Own,20211,1,0,2144,28421,2556,25880,1471,No,8716,667,140560,149307,Home Appliances,659880,51,35175.0,High_Risk
38,Male,Married,Graduate,159407,Self-employed,17,Medium,Family,27238,3,4,9685,12844,2557,8106,17730,Yes,11977,694,256065,264061,Personal Loan,1099305,63,24244.5,High_Risk
53,Male,Single,Professional,78576,Government,19,Small,Family,18707,3,2,704,21690,3222,29704,9306,No,9155,329,268248,308097,Home Appliances,1460307,18,500.0,Not_Eligible
36,Male,Single,Professional,36677,Private,5,Small,Rented,13318,3,4,9960,3446,14502,24349,13,Yes,13638,686,299473,232133,Vehicle,368589,46,500.0,Not_Eligible
60,Male,Married,Graduate,174295,Private,19,Medium,Family,1882,1,2,1069,26066,3332,21865,1826,No,6901,353,131871,486313,Personal Loan,118178,33,38973.899999999994,Not_Eligible
59,Female,Married,Post Graduate,175886,Government,19,Small,Own,27639,5,4,12066,2288,9496,17120,4152,Yes,25025,309,797247,391796,Home Appliances,820508,29,27335.0,Not_Eligible
36,Female,Single,Professional,140662,Government,13,Large,Own,13766,6,1,10475,22240,12114,14552,2561,Yes,25358,564,411252,19948,E-commerce Shopping,653583,43,13858.599999999999,Not_Eligible
31,Male,Single,High School,189257,Self-employed,26,Small,Family,1153,4,0,7728,18765,9984,20123,11841,No,1763,434,932445,382702,E-commerce Shopping,47148,5,41265.0,Not_Eligible
53,Male,Married,Professional,91794,Private,25,Medium,Own,19754,4,0,6480,8239,9598,18829,10584,No,26685,825,457688,446474,E-commerce Shopping,1158725,36,500.0,Not_Eligible
35,Male,Married,Professional,90675,Government,9,Large,Rented,24672,6,1,6817,15470,13619,3509,1902,Yes,25800,557,885350,156488,Education,1105918,12,500.0,Not_Eligible
57,Female,Married,High School,57325,Self-employed,17,Small,Rented,16660,2,3,6428,4008,11544,3593,11350,Yes,23191,705,282355,152090,E-commerce Shopping,176472,59,500.0,Not_Eligible
30,Female,Married,Graduate,55503,Private,8,Medium,Family,5404,1,1,6277,15954,11229,18248,8596,No,13381,743,84548,277773,E-commerce Shopping,842169,31,500.0,Not_Eligible
39,Male,Married,Post Graduate,34514,Self-employed,11,Large,Family,27423,2,0,8960,7271,3966,13719,7916,No,16880,600,627792,345698,Vehicle,1085645,40,500.0,Not_Eligible
56,Female,Single,Post Graduate,71196,Private,9,Large,Rented,5292,4,2,14874,25038,11908,14859,17242,No,19270,325,394070,125,Vehicle,968183,79,500.0,Not_Eligible
35,Female,Single,High School,166989,Self-employed,23,Large,Rented,24907,2,4,11915,5193,12012,28330,14387,No,8399,742,489030,229075,Education,1268694,8,21646.1,Eligible
47,Male,Married,Graduate,109633,Private,23,Small,Family,10444,1,0,8451,7734,13838,29038,10189,Yes,5584,338,919089,62394,Vehicle,949206,16,8524.25,Not_Eligible
50,Male,Single,Professional,196191,Private,20,Large,Own,20582,1,1,6646,18748,12234,15251,16592,Yes,17885,545,415482,88185,Home Appliances,96036,6,30888.55,Not_Eligible
58,Female,Single,Professional,98324,Private,18,Small,Family,11243,1,2,6735,14337,5002,24677,14197,Yes,27079,507,773221,328031,E-commerce Shopping,1297983,47,500.0,Not_Eligible
58,Female,Married,Professional,171133,Private,5,Medium,Family,20080,4,0,13491,24305,2360,22386,18574,Yes,13442,500,633752,172399,Home Appliances,357332,41,19773.25,Not_Eligible
53,Female,Single,Professional,156019,Self-employed,13,Small,Family,13242,1,1,2943,26995,10245,11006,8109,No,29144,480,508494,188807,Education,995927,76,19017.25,Not_Eligible
28,Male,Single,Professional,100550,Government,24,Small,Family,10599,3,0,9779,18177,1439,19488,1822,Yes,27292,680,107637,393665,Home Appliances,1251358,56,4183.9,Not_Eligible
41,Male,Single,High School,95331,Private,7,Medium,Family,19586,3,1,8275,3540,5353,12784,7741,No,15636,473,61044,7172,Home Appliances,846172,28,7845.599999999999,Not_Eligible
59,Male,Married,Professional,178704,Private,22,Small,Family,18470,6,1,4505,9225,1782,7883,545,No,6197,618,847073,68604,Home Appliances,599483,31,45533.95,High_Risk
37,Female,Married,Professional,165424,Private,13,Small,Family,16690,1,0,5275,25163,3610,6822,1127,No,1779,414,802121,275613,Vehicle,355006,64,36735.299999999996,Not_Eligible
39,Female,Single,Graduate,38653,Private,10,Medium,Own,17267,3,2,3561,29094,11006,10754,13355,No,25989,602,276663,245995,E-commerce Shopping,357171,10,500.0,Not_Eligible
53,Male,Single,Professional,112294,Self-employed,30,Large,Family,6663,1,0,6471,7425,1233,8413,16630,No,9080,441,610916,105960,Home Appliances,536000,41,19732.649999999998,Not_Eligible
53,Female,Single,Post Graduate,58755,Government,23,Medium,Rented,15213,4,0,14273,5752,11265,22226,6444,Yes,6358,827,215032,186570,Personal Loan,320708,20,500.0,Not_Eligible
35,Male,Single,High School,119296,Government,15,Large,Family,6189,3,2,9831,23360,7666,19776,619,Yes,10225,447,864589,400079,E-commerce Shopping,977062,75,14570.499999999998,Not_Eligible
56,Female,Single,High School,113354,Government,19,Small,Own,20673,4,0,2393,27585,11623,13224,1958,Yes,28682,800,236840,417560,E-commerce Shopping,259761,24,2525.6,Not_Eligible
26,Male,Single,High School,86988,Self-employed,5,Medium,Rented,3589,3,4,11162,2774,5488,9565,6681,No,2501,686,502445,414057,Personal Loan,361377,20,15829.8,High_Risk
38,Female,Married,Post Graduate,52921,Government,14,Large,Family,16239,5,4,6240,475,9653,24360,9421,Yes,20890,328,230536,99096,Education,690790,39,500.0,Not_Eligible
44,Female,Single,Professional,61668,Self-employed,14,Small,Family,3641,5,4,2684,20724,2751,23697,8548,No,27354,559,973758,330058,Education,689293,35,500.0,Not_Eligible
46,Male,Single,High School,70175,Self-employed,13,Small,Rented,7336,6,1,2230,23888,1838,5200,2378,Yes,26316,413,347454,318013,E-commerce Shopping,332795,50,500.0,Not_Eligible
35,Male,Married,Post Graduate,193810,Private,20,Small,Family,15481,6,3,11590,10931,4209,17372,19735,Yes,20348,307,751633,305472,Vehicle,1394862,50,32950.4,Not_Eligible
51,Male,Single,Graduate,68452,Self-employed,11,Large,Own,28920,6,0,11829,20967,3784,11881,884,No,20411,603,496318,5856,Education,1261759,4,500.0,Not_Eligible
27,Male,Single,Professional,61149,Government,1,Large,Family,21492,4,3,9005,27476,13397,16659,9950,No,11976,554,408038,233728,Education,341844,28,500.0,Not_Eligible
41,Male,Single,Post Graduate,30839,Government,7,Large,Own,14542,3,4,3747,10017,6594,18529,13031,Yes,4204,383,974852,51575,Home Appliances,578464,19,500.0,Not_Eligible
52,Female,Single,Professional,17155,Government,18,Small,Family,2162,5,2,895,29768,2351,9090,9649,No,16410,315,177055,252531,Home Appliances,985914,6,500.0,Not_Eligible
53,Male,Married,Graduate,153091,Private,13,Large,Rented,14574,1,4,8852,24272,1205,17645,6343,No,17823,602,364879,406702,Education,705441,11,21831.949999999997,High_Risk
45,Male,Single,Post Graduate,69512,Private,4,Medium,Own,23093,2,0,5040,29424,2094,21044,16934,No,17389,395,691875,493896,Vehicle,904718,12,500.0,Not_Eligible
40,Male,Married,Professional,101150,Private,23,Large,Family,27723,5,3,11041,26473,13497,14938,8391,Yes,9504,421,594915,234778,Home Appliances,518097,71,500.0,Not_Eligible
44,Male,Single,Post Graduate,141041,Self-employed,26,Large,Family,29864,5,3,10617,11948,1184,6962,17827,Yes,11749,525,292215,10533,Vehicle,588622,40,17811.5,Not_Eligible
30,Male,Single,High School,41190,Government,30,Small,Rented,5167,1,1,1110,5023,7745,10521,15071,Yes,11528,328,400826,289170,E-commerce Shopping,619986,51,500.0,Not_Eligible
43,Female,Married,Professional,25928,Self-employed,8,Medium,Rented,10975,5,2,3745,29700,7902,25777,8468,No,17395,623,519941,37584,Vehicle,264344,42,500.0,Not_Eligible
29,Male,Single,Post Graduate,63425,Self-employed,12,Medium,Own,19525,5,4,6823,5581,6502,12594,14102,No,26252,418,983861,48779,Home Appliances,60784,51,500.0,Not_Eligible
27,Male,Married,High School,89134,Government,30,Medium,Own,22515,5,2,9350,5485,11984,24421,16437,No,10464,470,196175,98881,Personal Loan,676587,21,500.0,Not_Eligible
25,Male,Married,Graduate,124875,Private,8,Large,Own,20987,6,0,2137,3566,14178,9883,163,No,22877,333,266276,5319,Vehicle,13831,39,17879.399999999998,Not_Eligible
39,Female,Married,Professional,139264,Government,13,Small,Family,16538,6,1,14823,22744,13686,10312,6798,No,6005,604,631322,109600,Education,1322657,51,16925.3,High_Risk
58,Female,Single,Professional,195046,Self-employed,4,Large,Family,3630,3,4,13107,13525,7688,11025,13697,Yes,13400,487,740324,108027,Vehicle,200922,8,41640.899999999994,Not_Eligible
59,Male,Single,Graduate,125191,Self-employed,1,Small,Own,8652,6,0,1840,13246,6778,18848,19173,Yes,23173,350,132354,445580,Vehicle,879336,66,11718.349999999999,Not_Eligible
49,Male,Single,High School,193868,Private,6,Medium,Family,17780,5,2,1910,17732,3729,15379,16197,Yes,13414,820,65110,315434,Vehicle,111124,25,37704.45,Eligible
48,Female,Single,Graduate,194815,Self-employed,15,Large,Rented,25366,2,1,11856,2357,14265,6252,4517,No,8521,432,388454,380564,Education,1239608,80,42588.35,Not_Eligible
36,Female,Married,Professional,118716,Self-employed,10,Small,Family,13513,6,4,11102,10277,8893,18487,9445,Yes,6051,665,722828,35538,Vehicle,828906,33,14331.8,High_Risk
42,Female,Single,Post Graduate,183749,Government,10,Large,Own,6797,3,2,742,5000,1313,16992,9521,Yes,13436,491,615736,88481,Personal Loan,1364827,55,45481.799999999996,Not_Eligible
39,Male,Single,High School,71321,Private,22,Small,Family,6594,3,4,3160,29756,9419,22714,9177,Yes,4017,827,718819,283421,Education,125913,35,500.0,Not_Eligible
40,Male,Married,High School,128782,Government,30,Medium,Rented,20093,4,1,1316,5214,7801,9627,11380,No,19388,486,136382,472339,Personal Loan,945112,19,18887.05,Not_Eligible
51,Female,Married,High School,124398,Government,11,Large,Own,1867,5,1,4541,22292,14457,9977,5359,No,27951,483,498613,363601,Personal Loan,239119,67,13283.9,Not_Eligible
32,Male,Single,Graduate,73973,Government,12,Medium,Own,26264,2,2,7566,13859,4093,29925,16214,Yes,22610,492,77846,128212,Personal Loan,1403012,78,500.0,Not_Eligible
49,Female,Married,Graduate,67414,Self-employed,7,Large,Own,576,2,4,7681,20992,13149,10379,5652,Yes,20746,383,166223,235127,Education,881745,69,500.0,Not_Eligible
41,Female,Married,Post Graduate,171674,Self-employed,23,Large,Own,7263,4,3,13706,11734,5095,15775,17464,Yes,19841,693,926571,385955,Home Appliances,618584,47,28278.6,High_Risk
53,Female,Married,Post Graduate,44692,Private,15,Small,Family,14231,2,0,7007,18830,3739,6825,5148,Yes,12038,802,220263,365318,Education,1013127,80,500.0,Not_Eligible
32,Male,Married,High School,120958,Self-employed,20,Small,Rented,3764,3,1,3805,9792,1926,15935,14769,No,5176,361,142382,326852,Vehicle,617410,39,23026.85,Not_Eligible
39,Female,Married,Post Graduate,63750,Private,30,Small,Family,27119,1,4,9232,19461,4336,28126,2265,Yes,6942,332,354158,43784,Personal Loan,1007502,29,500.0,Not_Eligible
51,Female,Single,Graduate,167832,Government,0,Medium,Family,24937,3,2,14295,22439,4121,21328,848,No,11640,792,394525,457726,Vehicle,1132496,22,23878.399999999998,Eligible
31,Male,Single,Post Graduate,83456,Government,12,Medium,Own,456,6,2,8108,8098,7885,17798,8657,Yes,2234,442,228549,346156,Personal Loan,588004,81,10577.0,Not_Eligible
27,Female,Single,Graduate,39085,Self-employed,10,Large,Rented,27825,1,1,1731,10428,8542,24853,4661,No,10718,640,211020,193838,Personal Loan,535553,44,500.0,Not_Eligible
53,Male,Single,Post Graduate,37925,Self-employed,28,Small,Family,28800,2,1,9847,9878,11300,27878,7711,No,10925,661,342737,139889,Vehicle,516936,27,500.0,Not_Eligible
48,Female,Single,Professional,20615,Private,3,Medium,Rented,19945,5,3,7409,21139,3355,27993,4599,No,7504,422,970278,372224,E-commerce Shopping,392630,72,500.0,Not_Eligible
27,Male,Single,Graduate,52083,Self-employed,3,Large,Rented,3110,1,2,14268,12315,9728,21499,5661,Yes,18254,797,624428,108515,Personal Loan,1358016,53,500.0,Not_Eligible
44,Female,Single,Professional,125764,Self-employed,14,Medium,Rented,19913,3,4,1567,15012,8374,5104,13636,No,28294,414,292382,112364,E-commerce Shopping,1199934,80,11852.4,Not_Eligible
39,Female,Married,Graduate,24605,Self-employed,26,Large,Rented,4907,3,0,1810,2001,5170,8589,6111,No,11357,656,346727,18253,Education,1481911,41,500.0,Not_Eligible
49,Female,Single,Post Graduate,126093,Government,2,Small,Family,4968,6,0,7874,8326,6772,5646,5515,Yes,5606,693,813663,163143,Personal Loan,1146013,32,28485.1,High_Risk
54,Female,Single,Professional,59608,Self-employed,23,Large,Rented,24925,3,3,5123,1789,10633,3829,8610,Yes,10637,803,293643,472884,Personal Loan,913463,49,500.0,Not_Eligible
38,Female,Single,Post Graduate,143788,Self-employed,18,Large,Family,27268,6,4,10520,28976,4399,6110,14570,No,13150,435,51068,145444,Education,1304639,49,13578.25,Not_Eligible
31,Male,Married,Graduate,34192,Government,28,Small,Rented,14202,3,0,11208,10734,12544,8367,17843,No,29192,664,164018,371731,Vehicle,1318907,52,500.0,Not_Eligible
41,Male,Single,Professional,149403,Government,20,Small,Rented,20931,4,0,14868,13011,14914,4137,6029,Yes,9736,563,251821,175454,Vehicle,340143,30,23021.949999999997,Not_Eligible
44,Female,Single,High School,66330,Government,1,Large,Family,4083,2,4,9686,11543,12338,29315,18597,Yes,22640,440,651798,362438,E-commerce Shopping,1094375,33,500.0,Not_Eligible
60,Female,Married,Post Graduate,64949,Government,5,Medium,Own,16492,5,4,8796,23631,6695,19077,16981,No,28793,387,755602,151737,Education,667190,75,500.0,Not_Eligible
33,Female,Single,Graduate,83382,Self-employed,30,Small,Family,24135,6,1,8669,24332,7737,29758,9381,Yes,6132,759,983200,100983,Personal Loan,1402228,50,500.0,Not_Eligible
46,Male,Single,Professional,114233,Self-employed,21,Large,Rented,1231,4,0,14424,19291,8929,16061,13706,Yes,29057,536,948513,275496,E-commerce Shopping,1299888,68,4036.8999999999996,Not_Eligible
26,Male,Married,Post Graduate,183658,Self-employed,23,Small,Family,576,2,0,7280,22918,1608,8045,12098,No,19797,809,272765,277413,Vehicle,1151149,55,38967.6,Eligible
48,Female,Single,Professional,67243,Private,7,Small,Rented,240,6,3,5852,15374,1611,8242,15924,Yes,29455,474,17838,8491,Personal Loan,436538,62,500.0,Not_Eligible
32,Male,Married,Post Graduate,115566,Government,16,Medium,Family,10830,1,1,4705,23126,2020,22026,12237,No,7937,468,998335,344298,Vehicle,831803,49,11439.75,Not_Eligible
35,Female,Single,Post Graduate,73618,Self-employed,4,Small,Family,15447,4,1,141,7062,14072,25740,5528,Yes,7630,351,262970,139150,E-commerce Shopping,1147995,47,500.0,Not_Eligible
37,Female,Single,Post Graduate,153621,Self-employed,1,Large,Family,23950,6,0,14997,29563,1240,3786,46,Yes,20165,527,81644,162686,Vehicle,1429371,3,20955.899999999998,Not_Eligible
41,Female,Single,Professional,133168,Self-employed,25,Large,Own,5809,4,2,4655,18654,3052,5549,12120,Yes,17302,547,938219,474530,Vehicle,1468562,68,23109.449999999997,Not_Eligible
32,Male,Married,Professional,67494,Government,11,Small,Family,26617,4,2,2098,11866,6334,22630,1286,Yes,27005,631,322344,115792,Education,786198,25,500.0,Not_Eligible
45,Female,Married,Post Graduate,38958,Government,4,Small,Family,13573,4,4,14543,10219,2602,24778,19085,Yes,20085,737,74743,75802,E-commerce Shopping,442980,22,500.0,Not_Eligible
42,Female,Married,High School,122960,Government,9,Medium,Own,23105,1,1,10762,9019,11596,24739,10140,Yes,8347,335,114931,242708,Personal Loan,1097033,35,8838.199999999999,Not_Eligible
54,Female,Single,High School,117478,Self-employed,27,Medium,Own,16754,3,0,13819,7986,5489,8665,942,No,27775,632,197659,432423,Vehicle,837913,50,12616.8,High_Risk
42,Male,Single,High School,183610,Government,8,Medium,Rented,22438,4,0,12218,9535,10606,8772,10893,Yes,27690,398,241017,99061,Vehicle,660467,18,28510.3,Not_Eligible
55,Male,Married,Graduate,20833,Self-employed,19,Large,Rented,26728,2,0,5389,23657,1368,13659,14002,No,17982,368,80059,405035,Home Appliances,1285601,41,500.0,Not_Eligible
56,Male,Married,High School,169458,Private,7,Medium,Family,16481,3,3,1286,6396,3076,22992,18674,Yes,10620,440,974249,27481,E-commerce Shopping,692137,9,31476.55,Not_Eligible
35,Female,Single,Professional,114341,Government,0,Large,Rented,21990,1,2,12996,20678,10638,24600,13142,Yes,9872,793,331243,298155,E-commerce Shopping,391755,64,500.0,Not_Eligible
49,Male,Single,High School,109240,Government,23,Medium,Family,28767,5,3,9401,19511,8109,18159,17287,Yes,26531,566,773771,451332,Personal Loan,576401,46,500.0,Not_Eligible
57,Female,Single,Professional,122955,Self-employed,5,Large,Own,10140,1,0,807,23455,9200,21452,5452,Yes,27922,307,173716,235360,Education,279000,83,8584.449999999999,Not_Eligible
32,Male,Single,Graduate,170904,Government,23,Small,Own,8156,5,0,7388,24982,4516,5337,19043,Yes,10628,714,160706,424880,Personal Loan,200453,51,31798.899999999998,Eligible
35,Female,Married,Professional,185002,Government,21,Large,Family,26071,2,1,10320,17845,5429,4816,17515,Yes,1046,439,174396,483012,E-commerce Shopping,1005884,6,35686.0,Not_Eligible
46,Male,Single,Professional,178479,Self-employed,10,Small,Rented,10285,5,1,3805,18158,6045,24585,2368,No,20331,700,417152,242395,Vehicle,83732,15,32515.699999999997,Eligible
48,Female,Single,Professional,19073,Self-employed,2,Large,Rented,27513,6,2,4504,5576,11469,13346,19928,No,21266,710,723224,224404,Education,540457,28,500.0,Not_Eligible
41,Male,Single,High School,32667,Self-employed,30,Large,Rented,10270,4,4,973,13788,9584,4802,8658,Yes,11647,409,288078,47623,Education,1065464,15,500.0,Not_Eligible
36,Male,Single,Post Graduate,162107,Private,27,Small,Family,18839,3,0,2938,9562,2851,4810,15763,No,15488,471,644353,397121,E-commerce Shopping,289886,45,32149.6,Not_Eligible
56,Male,Single,Professional,21732,Self-employed,14,Large,Rented,19830,6,1,85,8677,6427,14184,4057,Yes,3482,713,304564,140150,E-commerce Shopping,226472,14,500.0,Not_Eligible
39,Female,Single,High School,70097,Government,10,Large,Own,9597,3,2,7723,23380,9970,25433,14559,No,10026,307,470198,48292,Personal Loan,962089,80,500.0,Not_Eligible
40,Male,Single,High School,18487,Private,23,Medium,Own,16270,4,3,9988,362,4431,21305,17519,No,27928,662,30805,469901,Home Appliances,92646,35,500.0,Not_Eligible
46,Male,Married,High School,72702,Self-employed,4,Small,Own,4811,3,0,14439,8133,10890,9429,9670,Yes,27829,675,994023,436641,E-commerce Shopping,535908,69,500.0,Not_Eligible
52,Male,Married,Post Graduate,109961,Private,27,Small,Own,7827,1,4,9499,3801,12446,24100,4383,No,7941,626,347639,412020,E-commerce Shopping,582949,9,13987.4,High_Risk
44,Male,Married,Post Graduate,100107,Private,25,Medium,Own,19075,4,2,8651,211,5482,16861,5572,Yes,227,577,169592,138347,Personal Loan,195746,81,15409.8,Not_Eligible
57,Female,Single,Post Graduate,175147,Government,15,Medium,Own,10937,4,4,14011,4796,7252,14022,14493,Yes,22266,490,497953,197624,E-commerce Shopping,81153,9,30579.499999999996,Not_Eligible
34,Male,Married,Post Graduate,122721,Private,20,Small,Own,17356,3,0,2508,8014,7482,3727,659,No,19536,803,945958,1339,Personal Loan,1177006,45,22203.649999999998,Eligible
56,Female,Single,Graduate,86031,Self-employed,30,Small,Own,27324,6,2,1144,23404,4271,15626,185,Yes,19019,378,231159,52653,E-commerce Shopping,1170546,50,500.0,Not_Eligible
57,Female,Single,Post Graduate,99217,Private,27,Small,Own,26088,5,1,7828,2661,12444,27796,18460,No,3352,848,335875,10724,Vehicle,624899,28,500.0,Not_Eligible
26,Female,Single,Post Graduate,29781,Private,6,Medium,Family,7806,2,4,12080,25491,12803,7877,17815,Yes,13001,394,668198,108180,E-commerce Shopping,1222128,78,500.0,Not_Eligible
57,Female,Single,Post Graduate,54865,Government,5,Medium,Family,2923,5,3,14775,26036,11804,11049,13184,No,6774,752,772439,401626,Home Appliances,644069,61,500.0,Not_Eligible
57,Male,Married,Professional,23469,Government,8,Large,Own,5001,1,3,4664,12430,11037,14088,17130,No,2811,613,648387,271857,Education,1326202,58,500.0,Not_Eligible
37,Female,Single,Professional,60167,Self-employed,6,Medium,Own,17192,4,4,14164,11548,4508,15039,3834,No,14969,503,334216,383224,Personal Loan,15539,42,500.0,Not_Eligible
54,Female,Single,Post Graduate,34928,Government,2,Large,Own,7476,4,0,11452,17477,7976,7172,8724,Yes,24749,521,798773,223505,Home Appliances,629295,68,500.0,Not_Eligible
57,Female,Married,Graduate,54599,Self-employed,10,Large,Rented,12886,1,0,4645,14159,4892,10894,7259,No,23910,500,742057,31087,Personal Loan,920402,17,500.0,Not_Eligible
37,Female,Married,Professional,162847,Self-employed,26,Medium,Family,29638,2,0,5832,7744,4111,5652,19359,No,15930,521,485473,131900,Home Appliances,1072775,46,26103.35,Not_Eligible
50,Male,Married,High School,81504,Government,11,Medium,Own,5963,4,3,14564,21437,5317,15142,19477,Yes,17782,849,699965,307396,Personal Loan,926325,61,500.0,Not_Eligible
46,Male,Single,Professional,85687,Private,20,Medium,Family,5935,5,3,9601,9925,2866,19010,2863,No,23606,729,301634,161441,Personal Loan,805838,36,4158.349999999999,Not_Eligible
26,Female,Married,High School,172876,Government,24,Medium,Own,20614,1,1,13442,1551,10244,28942,18817,No,7831,533,407013,466769,Education,688166,14,25002.25,Not_Eligible
50,Female,Single,Professional,124122,Private,10,Small,Rented,16711,4,0,4266,9525,1926,11523,18307,Yes,3402,420,320432,178101,E-commerce Shopping,302913,8,20461.699999999997,Not_Eligible
39,Female,Single,Post Graduate,178331,Private,28,Medium,Own,28870,5,3,9545,9056,4772,26845,11316,No,3735,333,159674,462329,Personal Loan,769492,12,29467.199999999997,Not_Eligible
58,Male,Married,Professional,101284,Self-employed,30,Large,Family,17066,1,3,4130,25862,14513,16463,640,No,2434,429,328076,281186,Personal Loan,932621,82,7061.599999999999,Not_Eligible
35,Male,Married,Post Graduate,100227,Self-employed,25,Large,Family,11523,1,0,9416,20539,12234,26646,1484,Yes,15015,678,828639,457305,Education,1237449,27,1179.5,Not_Eligible
27,Male,Married,Post Graduate,112556,Government,29,Small,Family,123,1,0,1191,4617,6927,4404,3792,Yes,3219,434,200465,180892,Personal Loan,759240,42,30899.05,Not_Eligible
30,Male,Single,Professional,58560,Private,1,Small,Family,753,2,3,9724,24884,13417,28533,18309,Yes,29014,335,329261,260008,Personal Loan,609716,50,500.0,Not_Eligible
33,Male,Single,High School,42256,Government,0,Medium,Own,8114,1,4,10108,1543,3095,6511,10071,No,17531,467,329514,24411,Vehicle,791683,58,500.0,Not_Eligible
30,Female,Single,High School,21125,Self-employed,26,Small,Rented,1606,6,3,11509,17789,13032,13560,1331,Yes,4835,505,557641,463557,Vehicle,1490068,62,500.0,Not_Eligible
33,Male,Single,Professional,19370,Private,23,Medium,Rented,6525,3,1,9439,22868,10018,24593,5452,Yes,28131,774,421732,471129,Vehicle,1320161,9,500.0,Not_Eligible
55,Male,Single,Post Graduate,19838,Government,23,Medium,Own,3578,3,2,14676,5721,12679,19912,15895,Yes,26053,374,923162,392505,Education,281989,49,500.0,Not_Eligible
56,Female,Single,High School,129479,Government,1,Small,Own,21050,1,0,10809,17956,5695,12059,18524,No,17089,389,15917,471761,Personal Loan,1481733,16,9203.949999999999,Not_Eligible
36,Male,Married,Graduate,72429,Self-employed,13,Small,Family,15468,4,1,5921,18385,1769,21320,7575,Yes,11612,624,47420,470941,Education,528239,4,500.0,Not_Eligible
32,Male,Single,Post Graduate,149206,Self-employed,12,Large,Own,23592,3,4,12824,25475,7714,3740,1643,Yes,10692,571,543999,449184,Education,1364649,65,22234.1,Not_Eligible
32,Male,Married,Professional,58199,Self-employed,23,Small,Rented,26044,5,2,2025,17491,13162,12498,6859,Yes,6222,374,265329,91070,Home Appliances,913456,39,500.0,Not_Eligible
52,Female,Married,Post Graduate,92092,Self-employed,4,Small,Own,19229,5,3,3511,8175,9648,6416,3710,No,10247,436,77241,95327,E-commerce Shopping,493543,71,10904.599999999999,Not_Eligible
44,Male,Married,Graduate,139925,Government,1,Small,Own,2938,4,0,12831,19689,10264,4757,9987,Yes,10081,560,637141,35825,Home Appliances,48554,24,24282.3,Not_Eligible
31,Female,Married,Graduate,179894,Self-employed,22,Large,Rented,29841,5,3,5741,21241,3775,4256,13620,Yes,28020,511,595683,91865,E-commerce Shopping,1144517,72,25690.0,Not_Eligible
35,Female,Married,High School,35113,Self-employed,22,Medium,Rented,16157,6,1,13461,12527,6367,19152,19136,No,29238,784,777769,308949,Home Appliances,910306,47,500.0,Not_Eligible
44,Male,Single,Graduate,111102,Government,18,Large,Own,10118,4,0,8024,23655,7433,20759,15776,No,18980,843,370443,39201,Personal Loan,115038,9,2224.95,Not_Eligible
40,Male,Single,Post Graduate,17669,Government,29,Small,Family,13875,5,3,7872,28370,5630,28291,6193,Yes,16217,515,327620,394358,Education,146794,7,500.0,Not_Eligible
28,Male,Single,High School,195499,Private,16,Small,Family,22703,1,0,3692,4320,8698,11624,8430,Yes,3528,663,297718,437878,Home Appliances,301448,28,46376.399999999994,High_Risk
30,Male,Single,Graduate,159010,Government,10,Small,Family,29974,5,1,6499,28950,11675,17292,7402,No,20216,366,768736,237616,Home Appliances,886311,49,12950.699999999999,Not_Eligible
46,Female,Married,High School,151789,Private,15,Medium,Rented,2427,1,3,13032,21896,6502,29593,318,Yes,4807,530,229756,47627,Personal Loan,1026066,68,25624.899999999998,Not_Eligible
50,Male,Married,High School,92818,Self-employed,19,Large,Rented,24740,5,2,14287,28460,14407,17715,8753,Yes,14767,682,813694,260349,Education,342454,23,500.0,Not_Eligible
27,Female,Married,Professional,193731,Private,17,Large,Family,14150,5,4,8159,10668,11490,27832,5212,No,8792,534,949374,465045,E-commerce Shopping,963158,68,37599.799999999996,Not_Eligible
38,Female,Single,High School,94737,Private,19,Medium,Own,9701,5,3,13307,8593,3971,9540,10569,Yes,22753,453,204621,175572,Home Appliances,79003,4,5706.049999999999,Not_Eligible
35,Female,Single,High School,162361,Self-employed,7,Large,Own,24540,1,0,4628,26669,13121,11116,15779,No,27970,311,988771,249495,E-commerce Shopping,103216,20,13488.3,Not_Eligible
42,Female,Single,Graduate,39406,Self-employed,1,Medium,Own,16353,5,3,6516,14849,5400,22220,19797,No,13731,336,318701,131383,Vehicle,399026,66,500.0,Not_Eligible
36,Female,Single,Post Graduate,27873,Self-employed,16,Medium,Rented,23291,5,0,3483,19631,14899,21688,13787,Yes,12164,612,177424,275096,Home Appliances,277533,48,500.0,Not_Eligible
47,Male,Married,Post Graduate,140812,Private,10,Large,Rented,29286,6,1,11515,11263,2642,26500,12230,No,18766,311,366139,208321,Education,841954,71,10013.5,Not_Eligible
36,Female,Married,Graduate,97048,Government,13,Large,Family,24116,2,4,10130,3856,2017,29782,19043,No,24697,473,974041,139258,Vehicle,1000676,11,500.0,Not_Eligible
37,Female,Single,Post Graduate,38461,Government,15,Medium,Own,5886,1,0,1015,11893,14278,9972,15358,Yes,475,524,328574,91776,Vehicle,917061,16,500.0,Not_Eligible
49,Male,Single,High School,166782,Government,14,Large,Rented,13672,6,3,6157,9999,14883,18318,1507,Yes,29457,454,356134,20681,Home Appliances,1351864,70,25476.149999999998,Not_Eligible
43,Male,Married,Professional,28448,Self-employed,14,Medium,Rented,14508,3,1,6358,9581,5042,6842,7089,No,8428,818,204509,302453,Home Appliances,1353916,67,500.0,Not_Eligible
60,Female,Married,High School,30198,Self-employed,2,Large,Family,28668,4,2,2583,5292,10655,26964,13736,No,19210,535,141259,46753,Vehicle,1057070,42,500.0,Not_Eligible
32,Female,Married,High School,88158,Government,25,Large,Own,11002,2,3,5139,20783,2511,13229,2020,Yes,20297,337,450600,470404,Home Appliances,938324,24,4611.95,Not_Eligible
53,Male,Married,Professional,196871,Self-employed,6,Large,Rented,9392,6,4,927,18782,6617,7783,16325,Yes,9859,597,177643,271120,Education,209778,17,44515.1,Not_Eligible
56,Female,Single,Graduate,181033,Private,28,Large,Rented,5168,6,1,9703,29376,7275,12661,16538,No,8573,543,116605,307840,Education,589003,27,32108.649999999998,Not_Eligible
42,Male,Married,High School,189079,Private,11,Large,Rented,13422,5,3,1737,24667,12665,4048,7378,Yes,23955,422,896706,393677,Vehicle,922515,66,35422.45,Not_Eligible
30,Male,Married,High School,80470,Self-employed,21,Small,Rented,3281,3,0,6579,16368,5471,15305,17988,No,20868,791,530730,379284,Home Appliances,1095705,53,500.0,Not_Eligible
42,Female,Married,Graduate,198328,Government,21,Small,Own,14071,3,0,13632,11424,12830,14760,9876,Yes,17854,597,37012,214021,Vehicle,67565,34,36358.35,Not_Eligible
43,Male,Married,High School,35739,Government,22,Large,Family,8810,5,0,3038,15076,2721,12152,18920,No,29365,340,181718,39754,Education,524678,44,500.0,Not_Eligible
46,Female,Single,High School,99054,Private,23,Large,Own,19096,6,3,7219,5222,1686,25299,9471,No,3264,564,715844,432166,Home Appliances,1444980,19,9728.949999999999,Not_Eligible
56,Female,Single,Post Graduate,73186,Self-employed,2,Large,Family,4954,6,4,6500,18563,5466,17083,12343,No,12748,407,507880,31674,Education,1180930,36,500.0,Not_Eligible
27,Female,Single,Graduate,41547,Government,18,Medium,Rented,29850,5,0,1721,27392,12675,26667,19283,Yes,28781,525,937827,213651,Home Appliances,556952,71,500.0,Not_Eligible
52,Male,Single,High School,109472,Government,9,Small,Own,3723,2,3,2766,1312,5250,18508,868,No,12501,473,135351,367443,Personal Loan,389580,49,22590.399999999998,Not_Eligible
34,Female,Single,High School,100823,Self-employed,28,Medium,Family,1686,1,3,12894,29129,7388,18685,3013,Yes,3724,404,859881,478932,Education,1163753,44,8506.4,Not_Eligible
59,Male,Single,Professional,121887,Self-employed,7,Small,Family,23824,2,4,11611,28605,12824,15308,19694,Yes,18894,637,623432,32703,E-commerce Shopping,71333,52,500.0,Not_Eligible
53,Female,Married,Professional,197503,Government,15,Small,Rented,14891,1,1,2825,25474,13969,10773,682,No,25160,420,563645,335477,Home Appliances,576511,55,36305.149999999994,Not_Eligible
39,Female,Married,Professional,171548,Self-employed,15,Large,Family,17990,3,1,12613,19556,4277,12363,10455,Yes,16898,486,619558,169000,Personal Loan,312140,16,27088.6,Not_Eligible
57,Male,Married,High School,25686,Self-employed,11,Large,Family,12924,4,3,6670,5932,6955,13877,1461,Yes,26625,827,6072,109686,Personal Loan,524955,69,500.0,Not_Eligible
31,Female,Married,High School,163608,Self-employed,28,Medium,Family,16023,5,1,10926,19476,13131,5984,16529,No,3467,843,258392,263769,Personal Loan,1346926,22,27325.199999999997,Eligible
36,Female,Single,Professional,49062,Government,29,Medium,Rented,28508,2,2,8410,8440,12136,11927,18358,No,16593,723,712221,78146,Education,908425,63,500.0,Not_Eligible
54,Male,Married,Post Graduate,63216,Private,28,Large,Own,28468,3,4,8713,26815,4499,11116,5627,Yes,23351,645,762983,146213,E-commerce Shopping,683168,25,500.0,Not_Eligible
45,Male,Single,Post Graduate,171113,Self-employed,22,Large,Rented,28379,2,3,404,19016,12110,11824,1820,No,20537,394,234276,150760,Personal Loan,916599,25,26958.05,Not_Eligible
55,Male,Married,Post Graduate,46653,Government,25,Small,Family,28886,6,1,5138,3384,2444,11478,6962,No,12771,405,973896,68645,Vehicle,1021564,23,500.0,Not_Eligible
48,Female,Married,Post Graduate,36673,Private,4,Small,Family,25929,1,1,8771,20647,9279,16155,8796,No,9944,807,534455,365851,Home Appliances,1381412,46,500.0,Not_Eligible
44,Male,Married,Graduate,156439,Government,19,Large,Own,4239,5,4,13077,13885,2529,20732,1606,Yes,27571,625,331235,247034,Home Appliances,1032389,7,25480.0,High_Risk
28,Male,Single,Professional,34629,Government,5,Small,Family,25194,6,0,10046,3704,12431,25727,17931,No,16270,590,857072,498441,E-commerce Shopping,647486,54,500.0,Not_Eligible
52,Female,Married,High School,135756,Government,24,Medium,Own,21487,1,1,14629,13527,4185,9094,6973,Yes,20224,630,431945,158871,E-commerce Shopping,1107384,75,15972.949999999999,High_Risk
44,Male,Single,Professional,126641,Private,5,Small,Family,8545,6,4,6158,5628,1012,8932,2772,No,4039,743,5280,96061,Education,47006,41,31344.249999999996,Eligible
48,Female,Single,Post Graduate,40063,Government,7,Large,Family,16664,1,0,4421,17581,12120,17702,18371,Yes,5232,848,713628,243303,Vehicle,396271,24,500.0,Not_Eligible
56,Female,Married,High School,34322,Private,16,Small,Rented,13633,1,3,3697,10183,14989,13460,9577,No,29156,833,156012,22195,Home Appliances,682058,71,500.0,Not_Eligible
60,Male,Single,Graduate,27693,Self-employed,11,Large,Rented,11569,6,0,5066,14871,6276,15593,19280,No,20550,615,871073,76143,Personal Loan,532210,70,500.0,Not_Eligible
58,Female,Single,Professional,155313,Private,29,Small,Own,4932,3,1,10027,20887,9511,3178,10011,Yes,9698,341,133871,400454,Personal Loan,1118878,23,30474.149999999998,Not_Eligible
60,Male,Married,High School,175850,Government,21,Medium,Rented,16205,5,3,157,8692,5387,4911,6975,No,13925,578,56840,257238,Home Appliances,468250,84,41859.299999999996,Not_Eligible
26,Male,Married,High School,117379,Private,29,Medium,Own,19934,4,3,3175,9353,14927,20883,10846,No,1068,459,956711,65750,Vehicle,1047340,7,13017.55,Not_Eligible
39,Male,Married,Post Graduate,27651,Government,13,Large,Rented,18343,2,0,5911,24674,5868,29573,10311,No,10895,539,459216,392087,Vehicle,107000,63,500.0,Not_Eligible
58,Male,Married,Post Graduate,172038,Self-employed,1,Large,Own,16773,1,3,9813,15171,10875,7512,9137,No,15994,455,922677,173918,Personal Loan,1176706,79,30367.05,Not_Eligible
60,Female,Married,Professional,24275,Private,18,Large,Family,5183,5,0,11869,19512,6596,13849,9497,Yes,3856,709,902776,316273,Home Appliances,1319269,82,500.0,Not_Eligible
30,Female,Married,Graduate,60606,Self-employed,5,Small,Own,20251,2,0,7043,2294,6770,22059,6582,No,18149,521,689292,301307,Personal Loan,426729,13,500.0,Not_Eligible
36,Male,Single,High School,16658,Private,17,Small,Rented,20744,5,0,7921,15019,14211,21554,11986,Yes,6685,636,209967,52273,Education,1335777,69,500.0,Not_Eligible
27,Male,Married,Post Graduate,87468,Government,3,Small,Own,2053,6,4,14085,25288,14744,21716,11514,Yes,26404,584,794648,431854,Home Appliances,924776,70,500.0,Not_Eligible
42,Female,Married,Professional,160320,Private,21,Medium,Rented,5008,2,1,805,3914,11641,6989,1350,Yes,11025,685,333244,192469,Vehicle,991463,11,41855.799999999996,High_Risk
45,Male,Single,Post Graduate,170509,Self-employed,4,Large,Family,8359,5,3,9497,24682,5253,22138,12912,No,15331,657,279652,315098,Personal Loan,86401,53,25317.949999999997,High_Risk
39,Female,Married,Professional,185799,Private,5,Small,Rented,14690,4,2,10386,29743,9575,17038,16012,No,25803,721,695795,401317,E-commerce Shopping,82247,62,21893.199999999997,Eligible
57,Male,Single,Post Graduate,164273,Self-employed,14,Medium,Family,22700,5,1,8705,23372,13685,5050,12625,Yes,4571,567,587994,64324,E-commerce Shopping,1165803,47,25747.75,Not_Eligible
59,Female,Married,Graduate,56150,Self-employed,5,Large,Family,13137,5,2,7235,16282,7199,11453,7985,Yes,23791,390,980719,434065,Education,1343428,62,500.0,Not_Eligible
50,Female,Married,High School,29999,Government,7,Medium,Rented,2166,1,0,503,24621,2096,12686,15999,Yes,28426,595,345764,26567,E-commerce Shopping,673052,60,500.0,Not_Eligible
32,Female,Single,Post Graduate,21376,Private,8,Large,Family,8106,1,3,7236,16358,1969,3331,13395,No,16955,656,593658,217442,Education,247989,78,500.0,Not_Eligible
60,Male,Married,High School,66673,Self-employed,20,Small,Rented,12461,1,1,7726,10635,7903,18300,7280,Yes,29942,607,287187,6127,Education,709205,56,500.0,Not_Eligible
54,Male,Single,Professional,18476,Government,21,Medium,Own,11198,6,2,5986,3131,3520,7356,19414,No,24005,617,257551,115376,Vehicle,1094170,51,500.0,Not_Eligible
47,Male,Married,Graduate,84902,Government,5,Medium,Family,22656,5,2,12700,29842,4251,5819,17059,Yes,16378,616,505842,465936,Vehicle,1471623,15,500.0,Not_Eligible
38,Male,Married,High School,106269,Government,21,Medium,Own,16570,4,2,5183,27239,12866,7542,368,No,19609,601,411058,158667,Home Appliances,999590,23,5912.2,High_Risk
38,Male,Single,Post Graduate,113331,Self-employed,1,Large,Own,21566,2,1,2639,13891,1193,16527,6770,Yes,29263,532,762470,83318,Personal Loan,1176792,23,7518.7,Not_Eligible
26,Female,Married,High School,166687,Private,15,Large,Rented,12238,1,4,8957,25525,12036,7868,9395,No,26149,712,707606,408806,E-commerce Shopping,315648,29,22581.649999999998,Eligible
29,Female,Married,High School,26164,Self-employed,19,Medium,Rented,27516,3,0,236,11760,8551,11124,3360,No,12936,349,847913,222805,Personal Loan,1042080,71,500.0,Not_Eligible
38,Female,Single,Professional,54316,Government,0,Large,Family,25873,5,3,4491,27297,14047,9622,17855,No,4561,660,666081,34677,Personal Loan,1428617,83,500.0,Not_Eligible
49,Female,Married,Graduate,175631,Self-employed,29,Medium,Rented,2645,4,2,10196,3798,2252,9583,17732,Yes,224,813,590597,83764,Education,251115,57,45220.35,Eligible
44,Female,Single,Graduate,77968,Self-employed,27,Small,Own,14545,4,1,5960,21621,1794,15487,19400,No,11208,801,742186,411643,E-commerce Shopping,1182635,67,500.0,Not_Eligible
26,Female,Married,High School,155119,Government,15,Medium,Own,13296,1,2,1799,14572,11914,15955,17053,Yes,25133,365,454500,276357,Vehicle,1462781,18,19388.949999999997,Not_Eligible
30,Female,Single,High School,191057,Private,0,Medium,Own,17600,6,1,3387,11481,2626,26461,5727,No,15019,785,471848,54109,Personal Loan,1210402,24,38064.6,Eligible
41,Male,Married,Professional,152649,Government,0,Large,Family,4627,1,4,3999,21108,14950,25806,17638,No,5673,514,724200,233153,Education,1259632,22,20596.8,Not_Eligible
49,Female,Single,High School,149942,Government,6,Large,Rented,11191,6,2,1446,27910,12033,20542,12611,No,19912,437,312427,4740,Vehicle,742118,51,15503.949999999999,Not_Eligible
52,Male,Single,Professional,49094,Self-employed,15,Large,Own,1205,3,2,131,16209,6190,3293,2008,No,23019,683,520348,201601,Education,420843,74,500.0,Not_Eligible
26,Female,Married,Graduate,70329,Government,16,Small,Family,6703,3,3,6369,14019,9282,25732,17210,Yes,25028,778,209765,217789,Personal Loan,324627,48,500.0,Not_Eligible
59,Female,Married,Graduate,155289,Self-employed,15,Small,Rented,16611,1,1,11867,22919,12869,8816,18695,No,14834,301,495130,340066,Personal Loan,1041598,51,17037.3,Not_Eligible
29,Male,Single,Professional,98138,Government,15,Small,Rented,18997,2,1,5592,11413,8243,11484,8740,Yes,1897,808,79847,244126,Personal Loan,491694,68,11120.199999999999,Eligible
25,Female,Married,High School,81141,Government,5,Large,Own,12901,1,4,10226,19701,14927,20545,1634,No,2849,441,251257,470096,E-commerce Shopping,380530,64,500.0,Not_Eligible
36,Male,Single,Graduate,168415,Private,17,Medium,Family,2136,1,2,4213,12788,8364,27986,7908,No,741,327,595848,132798,E-commerce Shopping,1263764,65,36497.649999999994,Not_Eligible
60,Female,Married,Post Graduate,143307,Government,21,Medium,Own,23695,4,3,12925,10009,5172,3508,13623,Yes,10133,556,859194,329690,Personal Loan,259979,34,22484.699999999997,Not_Eligible
47,Male,Married,Professional,196894,Private,21,Medium,Own,11923,1,0,10236,20428,12711,14481,15548,Yes,8900,384,285736,313566,E-commerce Shopping,1457200,15,35933.45,Not_Eligible
55,Female,Single,Graduate,159075,Government,27,Large,Family,6958,1,3,6059,23742,2320,24560,10304,Yes,12480,542,887201,146162,Education,455743,44,25428.199999999997,Not_Eligible
35,Male,Single,Graduate,178161,Government,26,Large,Own,16633,1,3,14050,18605,4459,29715,4719,Yes,8345,505,326449,150857,Education,637871,12,28572.25,Not_Eligible
34,Male,Married,Graduate,199667,Government,2,Small,Family,2272,2,3,12626,16244,3369,7879,4448,Yes,8657,737,513213,439627,Home Appliances,232589,49,50000.0,Eligible
27,Female,Married,Post Graduate,98197,Private,30,Large,Family,27526,4,3,14754,29264,3468,20777,15280,Yes,8758,570,621492,97397,Vehicle,1138431,71,500.0,Not_Eligible
38,Female,Married,Post Graduate,97318,Self-employed,7,Medium,Own,22422,5,2,1458,4267,11785,13810,1007,Yes,4057,778,924194,423441,Education,1184350,62,13479.199999999999,Eligible
40,Male,Married,Post Graduate,176101,Private,26,Small,Own,3018,5,3,5298,9149,10849,24915,13448,Yes,2814,476,93882,116850,Vehicle,736970,63,37313.5,Not_Eligible
34,Female,Married,High School,94023,Government,3,Small,Rented,12960,5,1,2022,23203,12569,29552,17394,No,15374,719,909219,415948,Home Appliances,1156468,60,500.0,Not_Eligible
53,Male,Single,Professional,197396,Self-employed,28,Large,Rented,2215,5,1,1948,21288,5037,20090,10965,Yes,5569,774,423003,35256,Home Appliances,349169,27,45599.399999999994,Eligible
34,Female,Married,High School,66962,Government,22,Small,Family,2157,4,3,6605,21102,1345,20682,7664,No,16052,686,256399,142023,Vehicle,411343,73,500.0,Not_Eligible
36,Male,Married,Post Graduate,128037,Private,3,Small,Family,18180,1,1,9812,21198,13073,18712,19184,Yes,22606,553,760545,169826,Personal Loan,1029438,64,1845.1999999999998,Not_Eligible
54,Female,Single,Professional,185114,Private,16,Large,Family,19628,5,2,12963,26961,2664,26997,13908,Yes,8202,545,380710,76150,Vehicle,23960,63,25826.85,Not_Eligible
25,Male,Single,High School,102601,Self-employed,21,Small,Rented,15870,1,0,12005,26010,4873,6858,13749,Yes,12857,689,368524,378859,Education,315512,47,3632.6499999999996,Not_Eligible
29,Female,Single,High School,99859,Private,4,Medium,Own,24430,5,3,6861,7237,11964,22491,5057,Yes,17388,681,735634,490813,Vehicle,1201074,29,1550.85,Not_Eligible
44,Male,Married,High School,105933,Government,24,Large,Own,296,2,1,7271,27745,1649,24103,4461,No,12243,774,253148,234238,Education,964414,54,9857.75,High_Risk
32,Male,Single,Post Graduate,60957,Self-employed,30,Medium,Rented,1927,1,1,10353,2984,6380,3740,3152,Yes,26862,833,799823,498051,Education,1048673,61,1945.6499999999999,Not_Eligible
36,Female,Single,Graduate,97864,Government,13,Medium,Own,14578,4,2,7867,22020,14657,23283,3130,Yes,4905,833,654881,164797,Education,531488,45,2598.3999999999996,Not_Eligible
25,Female,Single,Professional,141358,Self-employed,29,Medium,Own,18640,6,2,14898,19640,8851,29913,15869,Yes,4944,646,174593,59693,Personal Loan,922256,30,10011.05,High_Risk
44,Male,Single,Post Graduate,58739,Self-employed,14,Medium,Own,13554,2,0,12593,26012,11898,8605,12625,Yes,14532,498,794691,185158,Personal Loan,34630,23,500.0,Not_Eligible
52,Male,Married,Professional,53733,Government,24,Small,Rented,7421,6,4,9949,4473,7292,4434,5534,Yes,6304,530,369845,238484,Home Appliances,708634,36,2914.1,Not_Eligible
36,Male,Married,Post Graduate,60389,Private,11,Small,Family,21585,2,4,4718,24548,2912,8542,4469,Yes,498,733,500755,490299,E-commerce Shopping,1399088,49,500.0,Not_Eligible
52,Male,Married,High School,175787,Government,26,Large,Own,1457,4,4,4150,7179,8196,18598,3380,No,6315,631,165490,185004,Personal Loan,290517,29,44279.2,High_Risk
39,Female,Single,High School,185188,Private,12,Large,Own,3546,2,0,523,17816,12877,20705,1630,Yes,7000,635,656276,429931,Personal Loan,1002575,17,42381.85,High_Risk
30,Male,Single,Graduate,71922,Private,23,Medium,Family,13854,1,3,2481,9966,14774,26593,9337,No,29830,529,856657,178254,Home Appliances,832236,7,500.0,Not_Eligible
44,Male,Single,Graduate,32580,Government,30,Medium,Own,13315,3,4,12477,417,7095,28586,10586,No,22753,533,922875,8673,Home Appliances,452259,66,500.0,Not_Eligible
38,Male,Single,Professional,130900,Self-employed,22,Large,Own,7361,3,4,4484,22858,9050,3175,35,Yes,26484,668,844004,170645,Home Appliances,725025,19,20108.55,High_Risk
26,Female,Single,Graduate,146895,Government,29,Large,Family,27703,5,1,6810,982,14053,26454,17108,Yes,11214,456,315535,311557,Vehicle,254045,10,14899.849999999999,Not_Eligible
33,Male,Single,Graduate,22084,Self-employed,17,Large,Rented,26884,5,1,7502,22807,11001,13517,18890,Yes,5939,838,878897,367186,Education,1233340,59,500.0,Not_Eligible
44,Female,Married,Professional,92991,Private,13,Large,Rented,3664,1,3,8537,17522,9058,16654,3297,No,23820,501,30588,167807,Personal Loan,807818,59,3653.6499999999996,Not_Eligible
50,Female,Married,Post Graduate,156679,Self-employed,23,Medium,Own,26165,4,2,2312,19312,6680,12512,890,Yes,12319,388,72685,54170,Education,880547,50,26771.149999999998,Not_Eligible
53,Female,Single,Graduate,97455,Government,18,Large,Own,7654,1,0,7015,9425,4260,18639,11041,No,4390,614,692808,182153,E-commerce Shopping,490154,20,12260.849999999999,High_Risk
25,Female,Married,Post Graduate,127540,Self-employed,21,Small,Family,16479,5,4,7271,4542,3112,5471,1400,Yes,13901,469,375056,260222,Home Appliances,843809,44,26377.399999999998,Not_Eligible
59,Female,Single,High School,129540,Private,25,Medium,Family,20316,2,0,9890,17214,10674,20823,13499,Yes,7486,736,891403,58550,E-commerce Shopping,1361824,71,10373.3,Eligible
30,Female,Single,Graduate,158041,Private,6,Small,Own,9551,6,1,140,12285,9867,25322,7919,No,13843,593,86248,142797,Home Appliances,461160,56,27689.899999999998,Not_Eligible
29,Female,Married,High School,32333,Self-employed,27,Large,Own,23296,1,0,6892,16216,1475,24531,4101,Yes,17935,644,905406,123553,Home Appliances,827029,18,500.0,Not_Eligible
57,Male,Single,High School,142182,Private,5,Small,Rented,6140,1,1,14891,13492,1325,3208,7571,Yes,13469,662,575217,212520,E-commerce Shopping,848005,78,28730.1,High_Risk
38,Male,Married,Post Graduate,51668,Private,4,Large,Rented,18123,4,0,12526,7632,8686,16905,19044,Yes,13416,479,903547,273567,Education,1256563,19,500.0,Not_Eligible
36,Female,Single,Professional,26945,Self-employed,3,Small,Rented,28370,5,1,13741,15387,4263,3247,12596,No,12178,807,721154,231874,E-commerce Shopping,268784,46,500.0,Not_Eligible
44,Male,Single,Graduate,117528,Private,17,Medium,Rented,17736,1,0,7776,20672,9039,5894,11197,No,725,788,577230,136754,Vehicle,445173,35,15571.15,Eligible
48,Male,Married,Post Graduate,61526,Self-employed,24,Small,Family,21308,2,4,9313,19244,3135,14966,14800,No,15716,599,866238,66669,Personal Loan,905142,13,500.0,Not_Eligible
58,Female,Single,Professional,62717,Self-employed,13,Medium,Rented,22141,6,4,14198,7105,5253,3789,3749,No,4681,834,527335,98383,Personal Loan,1090468,42,630.3499999999999,Not_Eligible
49,Male,Single,High School,105480,Private,15,Small,Rented,17926,2,3,2883,5375,10488,7080,7105,Yes,6727,625,88256,185766,Education,673308,39,16763.6,High_Risk
53,Female,Single,Graduate,150673,Self-employed,22,Small,Own,29597,3,0,7628,26544,6035,29836,13618,No,29404,376,131136,457952,Education,80940,77,2803.85,Not_Eligible
55,Male,Married,High School,27930,Private,22,Medium,Rented,21628,5,2,13257,24174,9135,21130,4703,No,4429,522,924974,171524,Education,490609,30,500.0,Not_Eligible
47,Female,Single,High School,19333,Private,19,Medium,Own,14094,2,3,14900,2471,1281,21945,16215,Yes,14026,487,108067,430905,E-commerce Shopping,1152020,32,500.0,Not_Eligible
44,Female,Single,Graduate,135384,Private,13,Large,Own,27243,4,0,14956,29377,1656,4117,600,No,27549,777,280097,261346,E-commerce Shopping,374226,48,10460.099999999999,Eligible
47,Male,Single,Professional,32839,Government,4,Medium,Rented,17214,6,2,14592,6234,3210,28432,13558,Yes,23264,322,832896,300944,E-commerce Shopping,253476,80,500.0,Not_Eligible
40,Male,Married,Professional,66337,Private,21,Medium,Rented,17989,5,4,9226,29319,12437,22353,9751,Yes,4457,336,227820,119190,Home Appliances,1068440,45,500.0,Not_Eligible
32,Female,Married,Graduate,186276,Self-employed,27,Large,Own,21029,2,4,12465,13082,10092,22238,15179,No,25505,317,689385,324781,E-commerce Shopping,204242,10,23340.1,Not_Eligible
45,Female,Married,Graduate,35195,Self-employed,10,Medium,Family,27323,1,4,7461,21220,8468,12232,4957,Yes,934,637,229328,439919,Personal Loan,253883,45,500.0,Not_Eligible
25,Female,Married,Post Graduate,173920,Self-employed,11,Medium,Own,12002,5,2,9174,6288,13618,16550,14578,No,9264,371,250573,194950,Personal Loan,616397,35,32356.1,Not_Eligible
32,Male,Married,Post Graduate,104229,Government,17,Small,Family,7937,2,1,10636,14787,1143,17863,10231,Yes,15972,817,437149,220264,Home Appliances,1234413,57,8981.0,High_Risk
53,Male,Single,High School,128251,Government,3,Large,Family,23236,1,0,3460,23979,4369,8786,4576,No,4585,744,241744,428093,E-commerce Shopping,1270354,60,19341.0,Eligible
56,Male,Married,Graduate,127265,Self-employed,30,Large,Rented,29703,3,3,2584,20721,4933,9320,11982,No,3812,777,525174,284678,E-commerce Shopping,243966,23,15473.499999999998,Eligible
29,Male,Married,Professional,186926,Self-employed,12,Small,Rented,12850,6,3,4733,9701,8355,22586,6012,Yes,12420,755,822806,260622,Vehicle,1225165,49,38594.149999999994,Eligible
46,Female,Single,High School,116986,Government,19,Large,Rented,6516,5,4,10505,21534,11679,19681,7940,No,872,418,453960,268412,Vehicle,798925,53,13390.65,Not_Eligible
58,Female,Married,High School,65998,Self-employed,27,Small,Rented,16605,5,1,9348,25348,3535,12189,17774,No,24874,747,497895,190365,Personal Loan,308683,31,500.0,Not_Eligible
25,Female,Single,High School,46558,Private,12,Medium,Own,20335,2,0,9769,21563,10605,14036,7526,No,18990,666,239990,300563,Education,1325248,18,500.0,Not_Eligible
50,Female,Married,High School,17985,Private,3,Large,Family,25106,3,0,11224,11864,10235,14393,4286,No,22202,667,63513,407490,Personal Loan,272824,70,500.0,Not_Eligible
34,Male,Single,Professional,76794,Self-employed,22,Medium,Own,6493,4,3,13412,12178,14523,17698,13947,Yes,3268,776,657554,169327,Home Appliances,944881,71,500.0,Not_Eligible
54,Female,Single,High School,58585,Private,28,Large,Family,28702,2,3,6547,12388,11775,5663,18341,No,12030,376,407402,457013,E-commerce Shopping,351520,21,500.0,Not_Eligible
42,Female,Married,Graduate,55264,Self-employed,22,Medium,Own,25957,2,3,1307,11049,12866,21699,19472,Yes,3984,575,455400,439729,Vehicle,1246532,41,500.0,Not_Eligible
41,Male,Married,Post Graduate,179398,Government,6,Large,Family,4117,4,0,12426,10872,14875,23979,13534,Yes,23570,391,349451,274246,Personal Loan,1092745,72,26608.75,Not_Eligible
50,Male,Single,Professional,99816,Self-employed,22,Large,Rented,5408,4,3,12356,1778,1649,10959,5189,Yes,22445,667,230313,109150,Home Appliances,467910,32,14011.199999999999,High_Risk
32,Female,Single,Graduate,49022,Government,1,Medium,Family,753,4,0,2852,26595,5760,27091,1827,No,23924,829,46263,487856,Education,210909,30,500.0,Not_Eligible
36,Male,Single,Graduate,161739,Private,20,Small,Rented,12501,6,4,2224,11116,4291,6558,10631,Yes,5273,792,881626,186104,Personal Loan,1261056,65,38200.75,Eligible
51,Female,Single,Graduate,33065,Private,25,Large,Family,29383,4,1,3444,25164,8121,12105,2005,No,24769,779,43447,318257,E-commerce Shopping,1085639,15,500.0,Not_Eligible
32,Male,Single,Post Graduate,129382,Private,17,Small,Own,1188,4,3,12832,272,12113,15504,17545,Yes,14733,622,946899,147714,E-commerce Shopping,1083920,69,19318.25,High_Risk
49,Male,Single,Post Graduate,143145,Self-employed,20,Small,Family,14475,1,0,14636,27505,9364,22812,6590,Yes,27059,846,512175,20341,Vehicle,935888,66,7246.4,High_Risk
28,Female,Single,Post Graduate,102191,Government,27,Small,Own,23492,1,4,1251,26610,4021,24125,167,No,19035,401,438850,185962,Home Appliances,385731,60,1221.5,Not_Eligible
57,Male,Married,Graduate,156078,Government,5,Small,Own,23871,4,2,9863,1501,3048,4004,15105,Yes,18819,570,111979,31167,Education,1097118,70,27953.449999999997,Not_Eligible
25,Female,Single,Post Graduate,86819,Private,15,Small,Rented,8600,6,4,1395,10297,13270,28885,13587,No,14978,606,86839,446710,Education,1271579,12,500.0,Not_Eligible
43,Male,Married,High School,122158,Private,2,Small,Family,10677,6,1,9206,23286,12288,5593,10192,No,10574,686,467120,332333,Home Appliances,559804,53,14119.699999999999,High_Risk
55,Male,Married,Post Graduate,191148,Government,21,Large,Own,796,3,4,4741,13270,6323,22154,8480,No,21909,576,506141,38736,Vehicle,304072,72,39716.25,Not_Eligible
40,Male,Single,Professional,196465,Self-employed,14,Small,Family,14348,6,3,14734,23472,12119,8817,17421,Yes,16751,558,840950,482162,E-commerce Shopping,1361465,3,31081.05,Not_Eligible
38,Male,Single,Graduate,18143,Private,20,Large,Rented,14836,3,3,11406,3576,2894,18771,6198,No,18993,846,244935,227221,Education,1442321,3,500.0,Not_Eligible
29,Male,Married,Graduate,72505,Self-employed,19,Large,Rented,5145,4,2,756,29058,6320,8063,11556,No,7615,819,634365,19891,Home Appliances,206822,9,1397.1999999999998,Not_Eligible
50,Female,Single,High School,158489,Private,9,Large,Family,23061,6,0,10223,7628,4976,22786,10323,No,23506,731,43582,375844,Vehicle,959949,82,19595.1,Eligible
52,Male,Single,Post Graduate,177372,Private,8,Medium,Own,17244,1,4,7304,22111,14225,22124,12656,Yes,29409,609,158179,351868,E-commerce Shopping,1288736,6,18304.649999999998,High_Risk
26,Female,Married,Post Graduate,43896,Self-employed,10,Small,Own,4171,3,2,2620,12332,12454,16071,3973,No,7945,758,523414,377915,Home Appliances,1395165,18,500.0,Not_Eligible
30,Male,Married,Professional,65629,Self-employed,13,Medium,Own,8175,1,3,14391,14626,1408,12113,9376,No,14844,685,410123,171970,Vehicle,1024099,73,500.0,Not_Eligible
33,Female,Married,High School,173678,Self-employed,23,Small,Family,16749,2,0,13956,1281,12741,16760,13183,Yes,27319,499,238095,401839,Personal Loan,1399931,27,25091.149999999998,Not_Eligible
57,Male,Single,Professional,54916,Self-employed,11,Medium,Own,1514,1,0,2429,25390,4375,12912,10545,Yes,18273,830,87398,305565,Home Appliances,1153494,17,500.0,Not_Eligible
49,Female,Single,Professional,76330,Government,6,Large,Own,15451,4,1,14233,16130,13214,11094,11859,No,25103,701,242438,255191,Education,931920,11,500.0,Not_Eligible
37,Female,Married,Graduate,22551,Government,10,Medium,Own,4936,6,3,12758,17653,7887,9170,12997,No,16164,384,176835,337504,Home Appliances,1006983,13,500.0,Not_Eligible
33,Male,Single,Graduate,115972,Private,30,Large,Rented,19318,6,0,9423,4335,8899,22567,199,No,18531,321,788998,99114,E-commerce Shopping,241663,73,11445.0,Not_Eligible
37,Male,Married,Post Graduate,134623,Private,16,Medium,Own,15625,5,1,7805,11676,1577,12707,16338,No,28140,534,126177,333961,Home Appliances,1161852,55,14264.25,Not_Eligible
55,Male,Single,Post Graduate,128216,Private,24,Small,Family,26159,4,1,14970,25727,9145,10984,19797,No,21942,689,695050,339270,E-commerce Shopping,736369,41,500.0,Not_Eligible
35,Female,Married,Professional,82782,Government,8,Small,Family,16882,2,3,4024,26313,12799,26688,16562,Yes,24853,428,48750,371663,Vehicle,1434840,5,500.0,Not_Eligible
28,Female,Single,Post Graduate,80391,Self-employed,21,Medium,Own,11433,6,0,34,28947,5177,14801,1724,Yes,17785,692,367374,237407,Personal Loan,902414,73,500.0,Not_Eligible
58,Male,Married,Professional,119957,Private,22,Medium,Family,1369,1,0,7433,10657,1602,13501,1179,No,29983,763,487126,327239,E-commerce Shopping,1328337,5,18981.55,Eligible
28,Male,Single,Post Graduate,138546,Government,12,Small,Family,14068,3,4,11866,2254,4755,7742,17251,No,12715,840,111707,24526,Vehicle,338405,14,23763.25,Eligible
43,Female,Single,Post Graduate,140006,Private,15,Medium,Own,25827,4,0,13263,1575,7690,23236,15531,No,16712,328,616216,222703,Vehicle,1181288,5,12660.199999999999,Not_Eligible
30,Female,Married,Graduate,78411,Government,2,Medium,Rented,8890,6,1,20,25408,5069,13928,977,No,1023,432,855811,78658,Personal Loan,1038786,73,8083.599999999999,Not_Eligible
58,Male,Single,Graduate,88185,Self-employed,4,Small,Own,8116,3,2,13451,9561,7320,26049,13707,Yes,8955,833,528487,161235,Education,706187,25,500.0,Not_Eligible
42,Female,Single,Graduate,146960,Government,22,Large,Family,10919,1,3,2312,12094,6334,18658,13522,No,27315,381,762257,396513,Education,1239538,40,19532.1,Not_Eligible
37,Male,Married,Graduate,142574,Self-employed,16,Small,Family,26826,6,2,11663,8759,10179,28709,8857,No,16416,390,687063,269550,Home Appliances,682658,81,10907.75,Not_Eligible
47,Male,Single,High School,44424,Private,27,Small,Own,10685,2,0,456,12447,5236,16744,10264,Yes,14455,375,750583,73901,Education,1151608,44,500.0,Not_Eligible
43,Male,Single,Graduate,56559,Self-employed,0,Medium,Family,24707,4,1,7287,14145,11507,4502,10715,No,3168,534,877217,54644,Home Appliances,294702,7,500.0,Not_Eligible
35,Female,Single,High School,26075,Government,20,Small,Rented,5364,3,2,7900,28767,5234,4636,17166,Yes,385,787,87197,31912,E-commerce Shopping,1058769,43,500.0,Not_Eligible
25,Female,Married,Graduate,168771,Private,8,Small,Own,90,6,3,11189,14760,4118,4809,4297,No,28685,733,929046,308227,E-commerce Shopping,493427,55,35288.049999999996,Eligible
48,Female,Married,Post Graduate,194044,Private,22,Medium,Family,12086,4,4,4478,12188,2083,11458,8038,No,6756,728,867719,212359,Home Appliances,519431,64,47934.95,Eligible
31,Female,Married,Professional,24950,Government,16,Medium,Rented,11389,6,2,10774,3187,11800,24257,6732,Yes,19772,389,104897,419337,Personal Loan,757722,26,500.0,Not_Eligible
49,Male,Married,Post Graduate,151485,Self-employed,28,Large,Family,16855,4,4,1062,19667,10779,20051,13159,No,22848,746,454275,59903,Personal Loan,1496703,30,16472.399999999998,Eligible
45,Female,Married,Post Graduate,54305,Government,12,Small,Rented,6084,3,0,7920,16982,2084,26764,3550,No,28398,454,776899,113776,Education,861425,83,500.0,Not_Eligible
39,Male,Single,High School,18569,Self-employed,14,Large,Family,9457,2,0,7127,13618,2749,26860,19834,No,20565,746,11475,171109,E-commerce Shopping,906543,11,500.0,Not_Eligible
25,Male,Single,Graduate,81778,Self-employed,27,Large,Own,29173,4,3,7189,22795,4166,27629,5590,Yes,2589,438,881710,100868,E-commerce Shopping,1054487,63,500.0,Not_Eligible
36,Male,Married,Professional,117633,Private,20,Large,Family,27384,2,4,9782,8235,10847,5821,5085,Yes,27930,530,534282,489545,Personal Loan,1080753,55,7892.15,Not_Eligible
31,Female,Single,Professional,45085,Self-employed,30,Large,Own,20866,2,4,8094,14930,4546,6945,10674,No,25663,341,560451,238169,Vehicle,708115,19,500.0,Not_Eligible
39,Male,Single,Graduate,111307,Private,7,Small,Rented,21510,1,3,10057,13299,9231,7490,12265,Yes,26400,535,930364,244848,Personal Loan,297523,67,3869.2499999999995,Not_Eligible
45,Male,Single,High School,107174,Government,7,Small,Rented,1111,6,2,8238,28105,14657,23991,16147,No,28468,768,768287,427087,Personal Loan,435131,11,500.0,Not_Eligible
43,Female,Single,High School,51163,Government,27,Small,Family,597,3,3,4841,14034,2350,28376,17343,Yes,8271,647,833854,312952,Vehicle,391080,72,500.0,Not_Eligible
53,Male,Married,High School,64592,Private,1,Large,Own,25483,1,0,4634,18265,2994,23804,8755,No,393,497,554377,356794,Education,660521,17,500.0,Not_Eligible
49,Female,Married,Professional,132431,Private,22,Medium,Own,27490,5,4,13695,19927,7580,19097,17108,Yes,666,644,901707,436665,Home Appliances,253488,8,9403.8,High_Risk
57,Female,Single,High School,23039,Self-employed,9,Small,Rented,11408,6,1,7649,6152,11645,15383,7221,No,28324,361,701726,9104,Education,531608,20,500.0,Not_Eligible
56,Female,Single,High School,154270,Private,4,Large,Rented,24002,1,1,5167,16356,1743,5026,8438,No,14209,687,86277,462107,Vehicle,1422398,60,27765.149999999998,High_Risk
59,Male,Married,Professional,180426,Government,15,Large,Family,17738,4,0,4774,1883,4282,27749,19012,Yes,13661,333,685918,157841,Vehicle,1217495,25,31964.449999999997,Not_Eligible
50,Female,Single,Professional,18824,Private,24,Large,Rented,7877,4,4,5079,23740,5133,25732,13830,No,19309,581,964175,101171,Education,1159966,29,500.0,Not_Eligible
35,Female,Single,Post Graduate,65420,Private,18,Large,Rented,12138,4,4,14331,24956,7611,19438,16257,Yes,7978,530,839985,270905,Home Appliances,923804,79,500.0,Not_Eligible
59,Female,Single,Professional,104535,Private,0,Large,Own,11427,5,3,12180,22335,11556,25250,17631,Yes,18642,672,412147,289448,Education,1289978,77,500.0,Not_Eligible
32,Female,Married,Graduate,18436,Self-employed,12,Large,Own,10896,2,2,14094,22146,10298,28285,14916,No,27026,710,337939,491210,E-commerce Shopping,886271,17,500.0,Not_Eligible
38,Male,Married,Professional,108550,Private,3,Small,Own,2389,4,3,7248,6870,4427,10474,18778,No,23922,512,574544,229089,E-commerce Shopping,1324286,32,12054.699999999999,Not_Eligible
34,Female,Single,Professional,186929,Self-employed,6,Medium,Rented,15360,6,1,1653,2162,9821,26832,17611,Yes,7266,576,115154,104941,E-commerce Shopping,148498,8,37178.399999999994,Not_Eligible
26,Male,Single,High School,31057,Self-employed,0,Small,Family,4075,6,4,44,15861,5910,12832,8824,No,18698,520,801908,401998,Home Appliances,964363,27,500.0,Not_Eligible
33,Female,Single,Post Graduate,16310,Private,1,Small,Family,28226,1,2,4370,18042,13826,4814,6435,No,25651,409,949606,428800,Home Appliances,1319876,33,500.0,Not_Eligible
27,Male,Single,High School,141913,Self-employed,15,Large,Rented,16847,2,3,3764,12675,11448,29289,12541,No,14973,496,137608,436576,Vehicle,412485,13,14131.599999999999,Not_Eligible
45,Female,Single,Post Graduate,81013,Private,13,Small,Family,28514,1,2,3032,6582,4985,13541,6142,Yes,23673,683,531178,408648,Personal Loan,298440,70,500.0,Not_Eligible
50,Male,Single,High School,75022,Government,4,Medium,Rented,14797,1,1,11574,29581,6756,15507,8850,Yes,31,752,854461,294507,Home Appliances,154011,81,500.0,Not_Eligible
32,Female,Married,Graduate,154978,Government,24,Medium,Family,17456,4,2,4327,24421,8443,10147,17507,No,17404,751,233087,428688,Personal Loan,1042540,26,19345.55,Eligible
26,Male,Married,High School,155940,Self-employed,13,Large,Rented,5446,1,4,85,19276,1491,15715,12744,Yes,25935,406,446130,463310,E-commerce Shopping,254032,16,26336.8,Not_Eligible
30,Male,Single,High School,33546,Government,16,Medium,Own,16857,5,2,11368,6043,7441,7236,6300,Yes,14288,304,394006,421123,E-commerce Shopping,638063,26,500.0,Not_Eligible
52,Male,Married,Graduate,113812,Private,11,Large,Family,4983,6,2,14066,13630,8976,17255,9075,Yes,14108,443,869774,490596,Personal Loan,612567,71,11101.65,Not_Eligible
53,Female,Single,Graduate,87855,Self-employed,19,Medium,Own,938,6,3,12464,2982,13871,26496,8888,No,4563,436,466211,383277,Education,14092,28,6178.549999999999,Not_Eligible
50,Male,Single,Professional,48149,Private,11,Medium,Own,14703,6,2,14057,25451,5153,17861,12616,No,291,740,808567,488261,Vehicle,641076,44,500.0,Not_Eligible
49,Male,Married,High School,128591,Self-employed,29,Small,Family,17694,2,2,1613,24255,10674,7253,13617,No,7598,465,666253,52741,Vehicle,1371374,50,16060.449999999999,Not_Eligible
36,Male,Married,Graduate,169756,Self-employed,2,Medium,Rented,7191,4,1,6781,3515,14942,19488,8906,No,8791,364,855707,452946,Education,583464,53,35049.7,Not_Eligible
29,Male,Single,Graduate,44858,Self-employed,29,Large,Own,15058,4,2,7227,7827,2949,18225,3989,Yes,170,714,639711,133526,Personal Loan,580161,69,500.0,Not_Eligible
58,Female,Single,Professional,60330,Self-employed,20,Medium,Own,18724,1,3,3291,16411,11635,29525,16625,Yes,6511,738,503601,165469,Personal Loan,1171776,20,500.0,Not_Eligible
39,Male,Married,Post Graduate,107203,Government,20,Medium,Rented,19904,1,3,8779,635,6493,23768,18611,No,26931,679,328555,51319,Home Appliances,683287,30,728.6999999999999,Not_Eligible
60,Male,Married,Graduate,40293,Government,25,Small,Rented,4056,3,4,8794,18399,4133,10861,11197,No,20276,427,41389,32128,E-commerce Shopping,1466605,32,500.0,Not_Eligible
39,Male,Single,Graduate,71869,Government,1,Large,Family,17470,3,1,6781,13709,12709,4208,9531,Yes,14403,496,345669,24060,E-commerce Shopping,709997,4,500.0,Not_Eligible
47,Female,Single,High School,105429,Self-employed,20,Large,Family,12855,4,0,3516,10316,3134,16528,9935,No,23684,795,765651,322248,Personal Loan,1203592,75,8911.349999999999,High_Risk
30,Male,Single,Professional,150701,Government,24,Large,Rented,28105,4,4,1256,586,11053,16342,7414,No,25682,801,639626,150204,Home Appliances,410218,67,21092.05,Eligible
45,Male,Married,High School,20704,Self-employed,20,Small,Own,24081,1,2,10353,23909,1610,15566,15878,No,28847,451,471075,108437,Home Appliances,227506,38,500.0,Not_Eligible
47,Male,Single,Post Graduate,147848,Government,14,Medium,Rented,29545,5,1,13819,29881,8566,5995,10870,No,2930,327,299923,99520,Vehicle,1360668,23,16184.699999999999,Not_Eligible
40,Male,Married,Professional,63281,Self-employed,10,Large,Family,23488,5,4,14947,3622,10339,10642,16259,No,29591,359,983678,31610,Vehicle,1371684,64,500.0,Not_Eligible
39,Female,Single,High School,131972,Government,9,Medium,Own,15772,6,3,14486,12521,7117,7320,16106,No,2939,393,790231,223032,Personal Loan,1465176,56,19498.85,Not_Eligible
49,Male,Married,Graduate,128532,Government,17,Medium,Own,23116,1,1,12871,23799,5741,4906,5400,Yes,10109,413,664627,455075,Vehicle,660784,30,14906.499999999998,Not_Eligible
60,Male,Married,Graduate,177308,Government,22,Medium,Family,259,3,1,3035,19854,11522,21094,17825,Yes,16495,423,827798,494616,Home Appliances,1120272,34,30528.399999999998,Not_Eligible
35,Female,Married,Professional,81780,Self-employed,30,Small,Own,1656,3,2,10609,29000,3561,14440,606,No,14080,850,942333,124431,Education,184850,60,2739.7999999999997,Not_Eligible
39,Female,Married,Graduate,147405,Self-employed,21,Medium,Rented,11147,5,1,7516,20098,8045,7179,10109,No,16738,556,763070,328601,E-commerce Shopping,424349,72,23300.55,Not_Eligible
28,Female,Single,High School,197018,Government,22,Small,Family,28855,4,1,11214,27652,1828,29167,3109,Yes,22273,312,366566,359131,Personal Loan,1424832,25,25522.0,Not_Eligible
45,Male,Married,Professional,70333,Self-employed,23,Small,Own,11311,1,0,5286,18779,2695,5139,16749,Yes,24457,493,642172,147972,Vehicle,1214345,72,500.0,Not_Eligible
37,Female,Married,Graduate,173349,Private,25,Small,Family,6290,6,2,10311,12201,11396,19391,12668,No,24766,484,531292,348015,Vehicle,674835,66,26714.1,Not_Eligible
46,Male,Married,Graduate,196678,Government,20,Large,Own,5913,6,1,4955,3470,11465,14925,7343,No,3642,334,586969,421013,Home Appliances,938293,33,50000.0,Not_Eligible
43,Female,Single,Post Graduate,148005,Government,1,Small,Rented,7973,4,1,10592,25858,12072,6645,4041,No,18693,848,164663,183053,Vehicle,519080,21,21745.85,Eligible
58,Male,Single,Post Graduate,179586,Private,6,Large,Family,16975,3,0,13322,6900,6774,26605,9176,Yes,16101,374,709575,477640,E-commerce Shopping,673342,74,29306.55,Not_Eligible
38,Female,Single,Professional,104893,Self-employed,6,Small,Own,22251,5,0,9001,22946,4465,26714,17508,No,26323,549,456280,247245,Personal Loan,1489924,10,500.0,Not_Eligible
28,Male,Single,Post Graduate,77958,Self-employed,23,Small,Rented,9624,4,3,10980,8582,1265,12846,7996,No,9554,319,626270,457295,Vehicle,179100,66,5988.849999999999,Not_Eligible
51,Female,Single,High School,152899,Self-employed,6,Small,Rented,13305,3,2,637,22365,2289,11670,8682,Yes,15779,546,371114,236158,Education,975492,79,27360.199999999997,Not_Eligible
53,Male,Single,Graduate,45844,Government,25,Small,Rented,10679,3,0,152,10135,12812,15395,14528,Yes,23599,738,863577,115677,Education,336566,43,500.0,Not_Eligible
52,Male,Married,Graduate,129501,Government,22,Medium,Own,21961,6,1,13473,6132,14599,15119,13165,No,5020,733,654226,226015,Personal Loan,474664,53,14011.199999999999,Eligible
59,Male,Married,Graduate,106200,Government,13,Medium,Own,228,3,0,5909,18334,6411,24774,3644,No,13224,465,689822,207685,Education,350197,9,11786.599999999999,Not_Eligible
32,Male,Married,Professional,15792,Government,28,Small,Rented,15643,4,4,10625,2637,12583,14889,4224,Yes,20311,602,243904,491280,Education,1173464,54,500.0,Not_Eligible
40,Male,Single,Professional,185767,Government,24,Medium,Rented,27355,2,3,2738,5967,1472,29860,2026,No,10623,648,395224,136448,Vehicle,819829,74,37004.1,High_Risk
60,Male,Married,Post Graduate,98187,Self-employed,23,Large,Rented,9560,5,3,138,6258,7542,5014,20,No,4424,427,803277,336017,Education,239930,5,22830.85,Not_Eligible
54,Male,Married,Graduate,57510,Private,30,Medium,Rented,18008,3,2,14541,24579,6192,26812,15554,Yes,28191,648,110431,347722,Vehicle,1371061,19,500.0,Not_Eligible
42,Male,Single,Graduate,185209,Self-employed,1,Medium,Rented,23474,4,3,6239,27266,11767,26509,15186,No,2919,535,613625,166922,E-commerce Shopping,226098,7,25147.149999999998,Not_Eligible
26,Female,Married,Graduate,128104,Self-employed,1,Medium,Own,3979,6,2,725,7906,2896,21011,10689,Yes,13052,673,460844,166491,Home Appliances,539396,62,23746.1,High_Risk
37,Male,Single,Graduate,54632,Government,22,Small,Family,13575,1,4,5700,13439,4154,24108,5018,No,8964,532,775127,105227,Vehicle,1092294,75,500.0,Not_Eligible
28,Male,Married,Graduate,182862,Private,25,Large,Family,739,6,1,13667,20488,7317,28986,11755,Yes,2064,363,680804,51361,Home Appliances,1043009,72,34246.1,Not_Eligible
50,Female,Single,High School,98568,Private,14,Small,Family,6521,5,4,11734,23875,10081,18762,12939,Yes,22039,305,513956,94799,Vehicle,117341,10,500.0,Not_Eligible
49,Male,Single,Graduate,176957,Self-employed,10,Large,Own,19558,1,2,2365,14453,12691,10525,1453,Yes,29055,503,843651,302069,Vehicle,905265,46,30399.949999999997,Not_Eligible
54,Female,Single,High School,80214,Private,28,Small,Family,5049,1,2,14847,3538,2611,20626,10663,Yes,8026,807,643451,166649,Personal Loan,912040,28,5198.9,High_Risk
35,Male,Married,Graduate,59870,Self-employed,30,Medium,Family,19031,6,2,18,15191,7434,24968,10321,No,22127,456,999985,51956,Vehicle,490859,50,500.0,Not_Eligible
31,Female,Married,Professional,63110,Self-employed,9,Large,Family,26646,4,1,9628,2747,5476,26972,13052,Yes,6225,686,530979,143213,Education,1099202,28,500.0,Not_Eligible
55,Female,Single,Professional,124414,Self-employed,2,Medium,Family,22820,6,2,1961,18058,9377,12364,17859,No,28501,519,807703,148733,Education,902765,60,4715.9,Not_Eligible
34,Male,Single,High School,151243,Self-employed,16,Large,Rented,5386,2,4,10646,11726,14316,8476,935,Yes,22021,509,864586,418695,Vehicle,1399542,69,27207.949999999997,Not_Eligible
37,Female,Married,Graduate,155661,Government,8,Large,Own,4571,4,1,1851,9123,13197,10218,8426,Yes,19227,407,748017,107497,E-commerce Shopping,1101310,60,31166.8,Not_Eligible
55,Male,Married,Professional,33077,Private,29,Small,Family,15287,4,4,7112,24700,4333,13293,16418,Yes,6249,808,763743,292649,Education,206329,27,500.0,Not_Eligible
31,Male,Single,Professional,79874,Government,14,Small,Rented,14260,5,1,5521,14558,3226,11128,8530,No,1683,447,990361,260841,Home Appliances,132619,17,7338.799999999999,Not_Eligible
60,Male,Married,Graduate,184299,Government,29,Medium,Family,6594,4,2,9054,8065,4213,8789,12219,Yes,24271,357,487704,174221,E-commerce Shopping,513873,13,38882.899999999994,Not_Eligible
44,Male,Married,Graduate,161009,Government,13,Medium,Family,13185,5,1,100,13304,5015,29457,3525,No,16530,543,434385,322482,Home Appliances,645732,8,27962.55,Not_Eligible
28,Female,Married,Professional,24754,Self-employed,18,Large,Family,26610,3,0,8784,2865,2291,18084,5978,Yes,3079,356,493676,479624,Vehicle,1028913,4,500.0,Not_Eligible
31,Male,Single,Graduate,40688,Self-employed,16,Large,Family,12572,5,4,6838,24834,11865,22568,11875,No,14609,370,341536,452848,Vehicle,110306,25,500.0,Not_Eligible
25,Female,Single,Post Graduate,22048,Government,21,Small,Family,7480,4,0,14353,11860,3517,11618,10682,No,3876,796,445675,280658,Vehicle,98295,9,500.0,Not_Eligible
37,Female,Married,Graduate,37568,Government,19,Small,Rented,17569,3,0,13466,7026,14292,21929,12707,No,26300,559,956790,134497,Education,1427125,64,500.0,Not_Eligible
46,Male,Single,Professional,112583,Private,29,Small,Family,16973,3,2,12116,11325,12955,4315,17089,No,11948,657,855223,179054,E-commerce Shopping,338606,32,9051.699999999999,High_Risk
45,Male,Married,Professional,163617,Government,16,Small,Rented,4217,2,2,14464,9163,12240,9489,4847,No,2558,333,392414,404901,Home Appliances,1471579,82,37323.649999999994,Not_Eligible
46,Male,Married,High School,109449,Self-employed,15,Small,Family,7648,6,0,7135,24567,9049,11702,10532,No,16366,783,924729,51327,Personal Loan,443117,3,7857.499999999999,High_Risk
52,Male,Single,Post Graduate,60217,Government,19,Large,Own,17519,4,1,6029,24185,14379,11632,12494,Yes,8926,652,970650,114588,E-commerce Shopping,1492686,79,500.0,Not_Eligible
33,Female,Single,Professional,194194,Private,7,Large,Rented,13550,1,2,13626,28950,3154,8865,9316,No,20517,728,351057,76572,Home Appliances,1041855,38,33675.6,Eligible
50,Male,Single,Post Graduate,179818,Private,26,Medium,Family,19804,6,4,12653,1146,8604,29231,5334,Yes,15873,441,592082,322587,Personal Loan,97166,3,30510.55,Not_Eligible
33,Female,Married,Graduate,154781,Government,6,Large,Rented,10750,4,0,2509,21068,4102,9122,9791,Yes,22454,735,501680,75503,E-commerce Shopping,1161100,24,26244.75,Eligible
39,Male,Married,Professional,142873,Private,30,Small,Family,1,1,4,13472,26895,4618,5769,4530,No,23775,553,480396,93424,E-commerce Shopping,470638,64,22334.55,Not_Eligible
34,Male,Single,High School,40358,Private,11,Large,Family,17275,6,4,1955,12240,4843,9371,238,No,8078,615,22669,138583,Vehicle,407679,82,500.0,Not_Eligible
48,Male,Single,Professional,129064,Self-employed,0,Large,Rented,7882,2,4,9846,12789,1520,22428,12805,Yes,8762,597,890122,326747,E-commerce Shopping,793438,46,18561.199999999997,Not_Eligible
32,Male,Single,High School,26023,Private,25,Large,Family,13086,4,0,7078,23185,2644,13849,15072,Yes,20042,466,71789,200809,Home Appliances,1003289,11,500.0,Not_Eligible
48,Female,Married,Post Graduate,110387,Private,11,Medium,Family,29300,6,3,7543,11532,1654,18163,12100,No,27780,650,589266,419563,Vehicle,451891,40,810.25,Not_Eligible
40,Female,Married,High School,174828,Government,24,Medium,Family,12748,2,2,12619,892,1041,24593,18488,Yes,7529,341,698948,173177,E-commerce Shopping,858793,24,33921.299999999996,Not_Eligible
50,Male,Married,Graduate,195361,Self-employed,5,Large,Family,24446,1,4,4780,27191,12103,16077,10395,Yes,11484,701,915447,121931,Vehicle,1038232,43,31109.749999999996,Eligible
51,Female,Single,Graduate,101728,Private,15,Large,Family,27575,5,0,9880,20697,4784,14799,4631,No,9939,690,167154,227589,Personal Loan,1328608,4,3298.0499999999997,Not_Eligible
28,Female,Single,Graduate,193331,Government,17,Small,Family,19937,4,3,910,23212,4951,11587,18546,Yes,29331,687,420919,336641,Home Appliances,625877,3,29699.949999999997,High_Risk
48,Male,Married,Professional,164911,Government,18,Medium,Rented,22453,3,0,6163,3623,11015,20211,14939,No,26705,395,963871,252468,Personal Loan,238344,12,20930.699999999997,Not_Eligible
43,Male,Single,Graduate,42410,Government,22,Small,Own,16308,3,2,12833,8038,14135,10828,6474,No,17803,757,770293,381183,Home Appliances,838582,52,500.0,Not_Eligible
60,Female,Single,Graduate,120696,Government,2,Small,Family,11849,2,0,7993,26782,6420,26887,4461,Yes,15544,477,753079,435057,Education,85068,26,7265.999999999999,Not_Eligible
34,Female,Single,Professional,26447,Government,28,Large,Rented,25547,5,1,6715,359,11500,10331,3565,Yes,25456,586,464161,35174,Personal Loan,1339347,49,500.0,Not_Eligible
49,Female,Single,Post Graduate,132954,Government,2,Large,Own,29936,3,1,6142,17872,2513,14782,19317,Yes,17232,778,373816,68894,Education,682456,48,8806.0,High_Risk
42,Female,Married,Graduate,101569,Private,4,Large,Rented,15317,3,4,6605,15607,5766,22388,3108,No,6930,737,905569,378916,Vehicle,245725,76,9046.8,High_Risk
43,Male,Single,Graduate,110894,Self-employed,2,Small,Own,23341,4,0,1181,22144,4736,24044,464,Yes,13560,524,858719,70327,Personal Loan,190905,22,7498.4,Not_Eligible
60,Male,Married,Professional,28907,Self-employed,18,Small,Own,12341,3,0,7531,16674,10472,17491,10226,Yes,25340,304,421487,456309,E-commerce Shopping,378322,78,500.0,Not_Eligible
34,Female,Married,Post Graduate,36637,Government,26,Small,Own,28318,1,4,11148,14371,5924,20175,11086,No,28246,409,262462,60892,Home Appliances,1223002,62,500.0,Not_Eligible
57,Male,Single,Post Graduate,184268,Government,4,Large,Rented,13778,2,4,604,11218,12330,19886,2920,Yes,22810,542,108299,465575,E-commerce Shopping,99266,25,35252.7,Not_Eligible
29,Female,Married,Post Graduate,168441,Self-employed,13,Large,Own,4204,6,3,5849,21339,8892,15084,17194,Yes,10225,450,455608,468619,E-commerce Shopping,1251464,25,29978.899999999998,Not_Eligible
59,Female,Married,Professional,148661,Private,20,Large,Family,8471,3,0,2370,18497,9411,23813,5909,No,15987,818,719697,473848,Vehicle,578892,75,22471.05,Eligible
58,Male,Single,High School,38560,Government,15,Small,Family,22168,4,2,14424,23324,12586,23970,6629,No,7604,613,709097,184886,Vehicle,1015847,64,500.0,Not_Eligible
57,Female,Married,High School,18034,Self-employed,27,Small,Own,18082,6,2,10202,15786,5009,25110,16782,Yes,5801,576,896691,222944,E-commerce Shopping,351651,6,500.0,Not_Eligible
45,Female,Married,Graduate,146241,Self-employed,24,Medium,Own,29752,1,2,14508,26780,5959,17663,1075,No,20731,458,598692,292536,E-commerce Shopping,125785,29,10420.55,Not_Eligible
41,Male,Married,Graduate,107449,Government,0,Large,Family,11079,6,4,12327,22058,12999,21432,11011,Yes,29677,454,660641,16750,E-commerce Shopping,838118,59,500.0,Not_Eligible
46,Male,Married,Graduate,18239,Self-employed,29,Small,Rented,2884,3,4,14287,28434,11224,8479,7598,No,9587,693,442714,207532,Home Appliances,1042691,70,500.0,Not_Eligible
39,Female,Married,High School,18415,Private,16,Medium,Rented,27861,2,4,13221,22648,2629,22058,18246,No,21804,371,963932,69656,Vehicle,1408249,68,500.0,Not_Eligible
59,Female,Married,Professional,91944,Self-employed,10,Small,Family,3579,2,2,202,6335,8226,14600,17269,No,27981,400,170074,218257,Personal Loan,93040,73,4813.2,Not_Eligible
52,Male,Married,Graduate,149556,Government,29,Small,Rented,7195,2,3,13870,11739,4249,27104,13771,Yes,9539,467,61446,33437,Vehicle,257734,59,21731.149999999998,Not_Eligible
31,Female,Married,Professional,68987,Government,8,Large,Rented,2251,3,1,242,21857,1460,29810,18950,No,8899,541,345989,68369,E-commerce Shopping,269106,45,500.0,Not_Eligible
56,Female,Single,Graduate,33225,Self-employed,20,Medium,Own,4640,1,0,9721,17950,1289,17604,11432,No,29591,415,254148,1670,Personal Loan,199005,50,500.0,Not_Eligible
35,Male,Single,Professional,95459,Self-employed,3,Small,Rented,18740,5,1,6231,10596,10327,22886,18057,No,9046,571,271535,91726,Personal Loan,425220,44,500.0,Not_Eligible
34,Male,Single,Professional,35936,Government,1,Medium,Family,15993,6,0,3740,29202,11705,22994,5259,No,18467,604,306669,382237,Personal Loan,100959,14,500.0,Not_Eligible
33,Male,Married,High School,54612,Private,27,Medium,Rented,12815,2,4,2721,479,1223,15236,6490,Yes,7626,337,886682,333188,Vehicle,879280,56,2807.7,Not_Eligible
38,Male,Married,Professional,110533,Self-employed,8,Large,Own,10123,1,2,6026,4892,3445,21554,18075,No,25829,825,761433,51616,E-commerce Shopping,226104,81,7206.15,High_Risk
37,Male,Married,Post Graduate,135877,Private,21,Medium,Family,19798,4,1,14867,5192,8327,15839,16125,Yes,26244,384,34325,363823,E-commerce Shopping,1151349,76,10319.75,Not_Eligible
49,Male,Single,High School,117269,Private,30,Large,Family,9200,4,4,8851,23942,1453,20626,657,Yes,19738,543,954538,332163,Education,560663,37,11480.699999999999,Not_Eligible
26,Female,Single,Graduate,54952,Government,24,Large,Family,29913,1,0,8904,7097,13650,4439,19640,No,29860,448,614105,40588,Home Appliances,149138,42,500.0,Not_Eligible
59,Female,Single,High School,73945,Government,4,Large,Own,12904,4,1,12087,1099,3046,12401,9577,Yes,26138,618,598755,340978,Vehicle,1314788,55,500.0,Not_Eligible
31,Male,Married,Post Graduate,20380,Government,3,Medium,Family,22092,4,1,9366,18619,11914,27490,2614,No,9822,597,559130,357993,Education,123521,34,500.0,Not_Eligible
45,Male,Single,Post Graduate,196370,Private,22,Small,Own,18462,2,1,5219,11954,6911,14827,14629,Yes,23883,370,337888,131865,Education,1270417,7,35169.75,Not_Eligible
42,Female,Single,Professional,95821,Government,4,Large,Own,20579,3,1,8438,14302,13290,6276,771,No,11438,576,653014,245680,Education,870118,31,7254.45,Not_Eligible
27,Female,Married,Post Graduate,173332,Government,23,Small,Rented,2714,3,1,14960,13649,13880,15623,18958,Yes,7103,412,701559,341523,Vehicle,964792,13,30255.749999999996,Not_Eligible
35,Female,Single,Post Graduate,178951,Private,23,Medium,Family,6947,3,4,730,25051,13067,23257,18580,Yes,2949,388,572152,193183,Home Appliances,629210,31,30929.499999999996,Not_Eligible
48,Male,Married,Post Graduate,162215,Private,28,Small,Rented,1338,3,0,12119,11569,9882,11581,14770,No,23627,376,902922,36063,Personal Loan,770207,22,27065.149999999998,Not_Eligible
43,Male,Single,Post Graduate,64744,Private,17,Small,Rented,12782,1,0,12135,17300,6479,9447,7933,No,3511,418,327390,268913,Home Appliances,1043864,45,500.0,Not_Eligible
28,Female,Married,Graduate,177650,Private,12,Large,Own,20073,2,3,1560,4744,10040,18249,6357,Yes,17535,582,495929,151012,Home Appliances,921600,72,34682.2,Not_Eligible
50,Male,Married,Graduate,95262,Self-employed,30,Large,Rented,6614,1,2,9176,10401,4386,18184,18381,Yes,29183,528,834164,61035,E-commerce Shopping,167279,10,500.0,Not_Eligible
56,Male,Married,High School,72331,Government,4,Large,Rented,741,6,1,8687,21281,5701,11174,2082,No,15093,435,835091,444665,Education,1498750,47,2650.2,Not_Eligible
60,Male,Married,Professional,107551,Self-employed,25,Medium,Rented,733,6,0,5408,22574,5824,21086,8963,Yes,11661,713,79847,88000,Education,779830,68,10955.699999999999,Eligible
57,Female,Married,Graduate,78815,Private,23,Small,Family,13944,4,2,6558,26647,7165,20919,16287,Yes,16661,422,958330,263128,Personal Loan,889523,64,500.0,Not_Eligible
60,Female,Single,Post Graduate,86519,Private,18,Medium,Rented,24223,2,2,10854,9551,3468,29573,6363,Yes,20150,329,291901,228824,E-commerce Shopping,1039782,57,500.0,Not_Eligible
27,Male,Married,Professional,165250,Private,22,Medium,Own,1806,5,4,10318,17691,7090,27326,1163,No,8522,317,601705,494260,Personal Loan,717248,40,31966.899999999998,Not_Eligible
33,Male,Married,Graduate,107526,Private,2,Medium,Family,13285,3,1,13696,18605,14437,12989,6941,Yes,6503,322,541768,378944,Vehicle,395142,68,7374.499999999999,Not_Eligible
32,Male,Married,High School,124365,Private,30,Medium,Own,10570,6,3,2575,23858,10620,8067,4882,No,7731,337,417809,102018,E-commerce Shopping,280173,17,19621.699999999997,Not_Eligible
57,Male,Married,Post Graduate,51366,Government,21,Large,Family,11457,6,2,7508,4974,6774,7321,12623,No,870,547,388345,206228,Education,781977,35,500.0,Not_Eligible
30,Male,Single,Professional,199027,Self-employed,17,Small,Family,1753,4,4,1082,6114,3315,29420,16285,Yes,6245,660,881314,178474,Personal Loan,1174862,13,47184.549999999996,High_Risk
28,Female,Married,Graduate,114830,Self-employed,5,Large,Family,7358,3,1,2753,11013,4925,5560,5056,No,8568,841,195027,287512,E-commerce Shopping,834939,42,24358.949999999997,Eligible
37,Male,Single,Professional,56911,Government,5,Large,Own,14587,3,0,14972,12517,11807,26537,3693,No,29951,418,808308,210419,E-commerce Shopping,147753,43,500.0,Not_Eligible
26,Male,Married,Graduate,98422,Government,23,Medium,Rented,5857,3,3,13186,8894,1738,3028,772,No,19020,759,933611,251732,Home Appliances,164287,81,16074.449999999999,Eligible
29,Male,Married,High School,68619,Government,4,Large,Family,1024,6,1,2958,16501,6225,15891,723,No,11013,373,999548,218478,E-commerce Shopping,795894,7,4999.4,Not_Eligible
51,Female,Single,Post Graduate,190368,Self-employed,29,Small,Own,9674,5,4,8735,10292,5751,12172,17602,No,28051,572,302824,377794,E-commerce Shopping,379129,75,34331.85,Not_Eligible
56,Female,Single,High School,37791,Self-employed,0,Medium,Family,22148,4,4,11255,19647,8796,17950,17089,No,4093,779,414411,337383,Education,657708,6,500.0,Not_Eligible
45,Male,Single,Post Graduate,23301,Private,30,Large,Rented,21593,3,4,6833,21427,3218,6583,13354,No,9013,624,184604,107228,Vehicle,52421,70,500.0,Not_Eligible
32,Female,Married,Post Graduate,141866,Self-employed,7,Medium,Family,27141,3,4,10094,4667,11544,8108,9473,No,28673,661,655387,81826,Personal Loan,263087,39,14758.099999999999,High_Risk
32,Female,Single,Professional,118623,Self-employed,27,Small,Own,3554,2,4,4314,10152,8915,12850,4537,Yes,18247,440,405016,190614,Vehicle,525179,15,19618.899999999998,Not_Eligible
27,Female,Married,Graduate,127824,Government,24,Medium,Family,9971,3,3,11363,4618,7543,18973,13607,No,28317,306,502779,456460,E-commerce Shopping,1256450,23,11701.199999999999,Not_Eligible
27,Female,Single,High School,181851,Self-employed,0,Large,Own,11908,2,2,5090,25347,12431,10521,16994,Yes,5978,800,899253,194017,Education,420874,13,32753.699999999997,Eligible
46,Female,Single,High School,51894,Private,20,Large,Rented,22600,4,2,14267,27405,8106,24204,9923,No,20607,367,839465,325654,Education,975908,78,500.0,Not_Eligible
30,Female,Married,High School,94618,Self-employed,27,Small,Rented,21202,4,0,2150,15500,1874,9615,9844,No,27779,766,218837,332862,Education,378922,16,2328.8999999999996,Not_Eligible
26,Male,Single,Professional,195322,Government,5,Small,Family,26692,4,2,6103,23182,9526,25842,13987,Yes,25518,729,180625,225890,Education,338737,38,22565.199999999997,Eligible
47,Female,Single,Professional,85994,Government,19,Medium,Rented,4566,2,4,883,28784,6987,13518,7975,Yes,15703,846,398336,400978,Home Appliances,1280515,15,2652.2999999999997,Not_Eligible
26,Female,Married,Professional,56770,Private,13,Large,Own,27115,6,2,2677,17671,2178,8407,13709,Yes,6495,328,789019,59918,E-commerce Shopping,295862,61,500.0,Not_Eligible
41,Male,Married,Post Graduate,37300,Private,10,Small,Family,14022,6,2,10994,7658,1629,12031,11388,Yes,15762,655,894789,210036,Home Appliances,1133956,71,500.0,Not_Eligible
59,Male,Married,High School,133025,Self-employed,1,Small,Own,21709,5,4,5238,9559,7519,5414,8036,Yes,26665,333,69738,273870,Home Appliances,231256,23,17109.75,Not_Eligible
58,Male,Single,Post Graduate,175557,Private,20,Large,Family,11157,5,3,3975,28170,7014,7426,13088,Yes,13666,559,985942,261363,E-commerce Shopping,1326140,75,31871.35,Not_Eligible
47,Male,Single,High School,135605,Private,29,Small,Own,10952,6,4,6,24431,1080,27972,7314,No,3753,612,418606,204569,Education,1086030,66,21033.949999999997,High_Risk
54,Female,Single,High School,55285,Government,29,Small,Family,6894,6,2,10627,8290,1909,25324,7880,Yes,16178,640,243298,464742,Personal Loan,831230,57,500.0,Not_Eligible
32,Female,Single,Graduate,132713,Government,3,Large,Own,27030,3,2,7645,14808,9641,27960,2399,No,24834,749,432837,75202,Education,1353460,83,6438.599999999999,High_Risk
46,Female,Single,High School,178543,Self-employed,12,Small,Own,7082,4,0,9737,1046,4070,17136,17758,Yes,9425,703,320470,82424,Education,1383191,67,39301.149999999994,Eligible
60,Female,Married,Professional,63671,Self-employed,6,Large,Family,11946,6,4,13115,28910,12162,8697,17980,Yes,28708,305,585953,27984,Home Appliances,900758,53,500.0,Not_Eligible
29,Male,Single,Professional,133216,Self-employed,5,Large,Own,26521,1,0,5400,14956,6429,6582,6284,No,18453,840,525331,418397,Vehicle,101659,71,17006.85,Eligible
37,Female,Married,Professional,35270,Self-employed,2,Medium,Rented,19752,6,0,2089,5382,5078,15170,11488,No,1184,635,682399,251452,Education,340515,78,500.0,Not_Eligible
53,Female,Single,Graduate,134870,Government,8,Large,Own,2629,3,1,4191,21828,2979,26581,745,Yes,22245,692,665276,116379,E-commerce Shopping,955855,27,18785.199999999997,High_Risk
55,Male,Married,Graduate,142897,Self-employed,13,Small,Family,23326,6,0,5623,15007,5775,9551,11512,No,18790,848,382571,90401,E-commerce Shopping,43692,27,18659.55,Eligible
40,Female,Single,Post Graduate,159770,Self-employed,19,Medium,Rented,25104,5,2,2293,20187,7828,28519,19904,Yes,15713,781,58536,386703,E-commerce Shopping,26566,14,14077.699999999999,Eligible
54,Female,Single,High School,87265,Private,30,Medium,Rented,20616,5,2,7391,20139,12587,8085,19806,Yes,28080,722,92876,299240,Home Appliances,969755,13,500.0,Not_Eligible
40,Female,Married,High School,185801,Self-employed,10,Small,Own,6661,4,1,4209,20866,1729,24546,3155,No,1878,538,240848,359050,Personal Loan,851811,50,42964.95,Not_Eligible
36,Female,Single,Professional,26171,Private,4,Medium,Own,24261,2,1,10783,25181,12491,29361,19107,Yes,28085,549,120559,241303,Personal Loan,1347877,83,500.0,Not_Eligible
41,Male,Married,Professional,75684,Government,13,Small,Own,26047,3,4,4425,2169,12203,28422,15958,No,829,546,293717,265686,Personal Loan,202237,5,500.0,Not_Eligible
40,Male,Single,Professional,64948,Self-employed,18,Medium,Rented,6275,2,1,11766,5419,8905,12673,6025,No,21788,363,905525,288152,Education,1340070,77,500.0,Not_Eligible
36,Male,Single,Professional,49725,Private,7,Small,Rented,10227,5,3,12232,562,4020,25022,6061,No,22337,421,392171,170212,Education,1390652,51,500.0,Not_Eligible
32,Male,Married,Professional,34450,Self-employed,26,Large,Rented,13674,4,2,3224,6460,10205,22499,4240,Yes,14204,424,639456,375372,Vehicle,509054,35,500.0,Not_Eligible
44,Male,Single,Professional,159372,Private,6,Large,Family,28610,5,2,1240,5938,5775,25041,13049,Yes,22833,836,257934,429970,Vehicle,976762,49,19910.1,Eligible
27,Female,Married,High School,140900,Self-employed,26,Medium,Family,25943,4,1,12021,20384,2320,4386,19906,No,12301,661,111337,422892,Vehicle,1391147,75,15273.65,High_Risk
40,Female,Single,Graduate,99600,Government,26,Medium,Own,1719,6,1,14607,8211,7332,8240,14880,Yes,47,335,712754,420129,Home Appliances,827590,20,15597.4,Not_Eligible
54,Male,Single,Professional,150513,Government,30,Large,Family,9233,1,2,14256,21021,4264,17832,1171,Yes,23851,407,559246,11637,Personal Loan,1496020,3,20609.75,Not_Eligible
47,Male,Single,High School,126315,Private,6,Small,Family,3487,2,1,7517,20344,5608,13397,11151,No,25841,485,357094,106492,Education,509713,72,13639.5,Not_Eligible
52,Male,Single,Professional,165404,Private,23,Medium,Own,24559,3,4,3493,9515,14320,12472,2722,No,28544,760,29947,95431,Vehicle,1308971,7,24422.649999999998,Eligible
29,Female,Single,Post Graduate,35115,Government,22,Large,Own,5844,4,1,14596,3541,13874,4598,8874,Yes,28059,318,580292,406660,Home Appliances,446556,5,500.0,Not_Eligible
44,Male,Single,Post Graduate,114405,Self-employed,2,Medium,Rented,8751,6,1,3590,3157,14135,17606,17893,No,28418,393,79271,280897,Vehicle,939972,72,7299.249999999999,Not_Eligible
25,Female,Single,High School,102404,Private,2,Large,Rented,26140,6,4,8908,22245,3908,21366,7935,Yes,3575,654,116316,8037,Education,111005,13,2914.45,Not_Eligible
54,Female,Married,Graduate,188069,Government,17,Large,Own,29599,1,4,8455,11932,4043,26862,2263,Yes,26485,427,923000,63229,Vehicle,1311098,77,27450.5,Not_Eligible
45,Female,Single,Post Graduate,159687,Private,12,Large,Own,11416,6,4,6944,6548,3190,19696,6886,No,18118,614,53186,379871,Home Appliances,783862,42,30411.149999999998,High_Risk
44,Female,Single,Post Graduate,160804,Government,0,Small,Family,22859,6,2,317,23505,6946,8236,2284,No,9313,681,211877,241431,Home Appliances,608396,66,30570.399999999998,High_Risk
30,Male,Single,Graduate,171439,Government,4,Medium,Family,22253,1,1,14025,6836,11433,6859,10335,Yes,25391,774,264331,184907,Vehicle,1421017,82,26007.449999999997,Eligible
46,Female,Married,Post Graduate,125670,Private,27,Small,Family,6462,2,4,2207,26735,11761,25421,15542,Yes,29821,697,739753,199397,Education,815364,60,2702.35,Not_Eligible
42,Female,Married,Professional,57738,Private,3,Small,Own,18184,6,4,10716,23690,4504,24681,19343,Yes,5384,541,653328,35151,Home Appliances,1244405,27,500.0,Not_Eligible
32,Male,Single,Graduate,147053,Government,15,Large,Own,27846,4,2,640,7177,8306,21548,3266,No,13558,451,482499,24754,Personal Loan,39218,32,22649.199999999997,Not_Eligible
56,Female,Single,Post Graduate,96666,Self-employed,14,Small,Rented,10003,3,3,858,1314,14341,21083,19902,No,26594,718,341331,478871,Home Appliances,731834,42,899.8499999999999,Not_Eligible
57,Female,Single,Graduate,99351,Government,28,Medium,Family,21459,3,1,4243,18810,10494,4778,6215,No,22712,810,11877,190897,E-commerce Shopping,802176,27,3723.9999999999995,Not_Eligible
40,Female,Married,Professional,154638,Self-employed,26,Medium,Rented,27657,3,3,14134,28529,9981,18524,18399,No,27090,771,858399,238440,Vehicle,210759,12,3613.3999999999996,Not_Eligible
36,Male,Single,Post Graduate,25728,Self-employed,17,Large,Own,15498,5,3,9662,17323,9114,23653,9109,Yes,9911,561,264698,291253,Personal Loan,168827,59,500.0,Not_Eligible
58,Female,Married,High School,120852,Self-employed,16,Large,Family,4262,5,4,9166,8429,14353,20132,9143,Yes,6926,778,487486,260880,Education,667410,37,16954.35,Eligible
38,Female,Single,Post Graduate,98911,Private,13,Medium,Rented,146,4,2,9477,25219,12491,9298,8346,Yes,14966,803,928894,256479,Personal Loan,589645,29,6638.799999999999,High_Risk
60,Male,Married,Post Graduate,132616,Government,13,Medium,Own,20212,6,1,8243,8376,8964,25162,15586,Yes,8926,555,216996,346579,Home Appliances,767608,70,13001.449999999999,Not_Eligible
57,Male,Married,Professional,51214,Government,18,Large,Rented,12732,6,1,12545,18214,2964,21191,7564,No,19900,591,899261,157168,Home Appliances,781644,64,500.0,Not_Eligible
47,Female,Single,High School,60588,Self-employed,28,Small,Family,2117,3,1,1019,7887,14791,12725,6352,No,16015,584,980026,444834,E-commerce Shopping,204233,82,500.0,Not_Eligible
26,Female,Single,High School,165025,Self-employed,5,Medium,Rented,5447,1,3,7900,1785,9608,25837,17821,No,18290,440,815488,94749,Personal Loan,406152,31,27417.949999999997,Not_Eligible
45,Male,Single,High School,83408,Self-employed,12,Large,Rented,21398,6,0,11814,9640,12464,6796,13133,Yes,1262,588,962816,90286,Home Appliances,949036,23,2415.35,Not_Eligible
26,Female,Single,Professional,49103,Government,17,Large,Own,10855,3,2,12535,8029,2344,27562,3044,Yes,16941,443,566429,232745,Education,1430627,43,500.0,Not_Eligible
51,Male,Single,Professional,85949,Self-employed,25,Medium,Family,29924,4,0,10104,7490,3737,27288,1451,No,29924,384,651626,178453,Education,922894,33,500.0,Not_Eligible
33,Female,Single,Professional,195336,Government,14,Large,Rented,22331,3,3,8479,4577,11607,13473,7087,Yes,6470,400,159899,391198,Personal Loan,634378,21,42459.2,Not_Eligible
25,Male,Single,Professional,166228,Government,28,Medium,Own,318,2,4,5373,14936,3645,6422,1288,Yes,19746,536,956588,294962,Personal Loan,1445479,40,40075.0,Not_Eligible
35,Female,Married,Professional,28423,Private,22,Large,Family,12161,3,0,13234,17765,11799,5209,19631,Yes,12353,717,421895,75428,E-commerce Shopping,451942,34,500.0,Not_Eligible
27,Male,Single,High School,53062,Self-employed,26,Large,Own,12323,6,0,14020,361,1804,22122,17759,Yes,14648,504,754288,304087,Personal Loan,341541,6,500.0,Not_Eligible
47,Male,Single,Graduate,188877,Self-employed,6,Small,Family,5749,6,2,6357,17443,11957,11483,4279,Yes,8047,426,42170,157580,Education,564453,80,43246.7,Not_Eligible
50,Male,Married,Professional,16987,Self-employed,26,Large,Own,254,1,3,5211,25091,9021,15414,4594,No,16673,606,870352,305752,Personal Loan,585272,67,500.0,Not_Eligible
28,Male,Single,Graduate,77979,Private,18,Medium,Own,9528,4,2,12831,5865,11144,22124,15192,No,18658,559,79100,184955,Home Appliances,173949,50,500.0,Not_Eligible
42,Male,Single,Post Graduate,52597,Self-employed,29,Medium,Own,21441,4,4,7772,24905,7021,26129,999,Yes,20254,476,161373,311454,Home Appliances,737461,34,500.0,Not_Eligible
30,Female,Single,Post Graduate,98905,Government,16,Small,Rented,8526,1,1,14567,22796,12589,29526,6338,Yes,19979,504,628025,388195,Personal Loan,155073,10,500.0,Not_Eligible
59,Female,Single,Professional,173940,Self-employed,8,Medium,Rented,11283,4,3,4738,3141,5918,16400,18426,Yes,15296,499,834135,498829,Vehicle,1248376,7,34558.299999999996,Not_Eligible
46,Male,Married,Post Graduate,91970,Government,10,Large,Own,4393,3,4,3901,22022,11155,21819,1044,No,20654,812,895689,98420,Personal Loan,839830,74,2443.7,Not_Eligible
39,Female,Married,Graduate,78805,Government,4,Small,Family,1044,4,4,7902,20123,5405,5827,4893,Yes,11484,468,716741,435667,E-commerce Shopping,1490599,51,7744.45,Not_Eligible
46,Female,Single,Post Graduate,134779,Government,1,Medium,Own,12765,3,0,12300,13242,5798,27756,9270,Yes,29760,733,545411,43046,Education,664699,72,8360.8,High_Risk
36,Female,Single,Post Graduate,162708,Government,14,Large,Rented,18175,4,2,4933,16676,14672,24564,13313,Yes,20096,808,722867,338267,Education,105332,55,17597.649999999998,Eligible
42,Female,Married,Graduate,72467,Self-employed,23,Small,Family,16119,6,0,10772,6030,3575,28746,5260,Yes,17230,764,350457,148440,Personal Loan,1453245,62,500.0,Not_Eligible
59,Female,Single,Post Graduate,122732,Private,11,Large,Rented,18903,3,0,11708,5405,7783,22127,2136,No,19193,563,93924,19621,Vehicle,1184782,63,12416.949999999999,Not_Eligible
54,Female,Married,Professional,163079,Private,9,Medium,Own,961,3,1,7670,16743,12566,8896,2927,Yes,24258,417,484226,326762,Education,1469010,64,31170.3,Not_Eligible
48,Male,Married,Graduate,116460,Government,9,Medium,Rented,3749,6,2,1549,1609,5792,20519,1834,No,10509,385,183698,129866,Vehicle,19044,77,24814.649999999998,Not_Eligible
54,Female,Married,Graduate,149461,Self-employed,19,Medium,Rented,4565,1,1,4934,10763,4713,21094,7754,Yes,14517,534,613949,287505,Education,793445,15,28392.35,Not_Eligible
38,Female,Single,High School,133105,Private,10,Medium,Rented,7516,1,4,2666,1360,12940,21728,14921,Yes,11145,621,249406,499238,Home Appliances,170086,53,21290.149999999998,High_Risk
30,Female,Single,High School,139535,Self-employed,9,Small,Own,19198,6,1,2453,623,9796,24170,13476,Yes,21314,557,904132,321106,E-commerce Shopping,91840,31,16976.75,Not_Eligible
27,Male,Single,Graduate,24458,Private,27,Medium,Rented,16973,5,4,13951,1565,12542,26668,7384,Yes,26963,316,175466,394743,Education,490127,22,500.0,Not_Eligible
40,Female,Married,Graduate,83481,Government,6,Small,Own,18372,1,0,1567,1920,12988,23358,13675,Yes,11135,776,57403,136514,Personal Loan,778712,37,500.0,Not_Eligible
31,Female,Single,High School,89888,Government,13,Small,Own,11031,3,1,3752,17895,11892,26578,16162,Yes,7473,663,420354,460584,Home Appliances,608897,43,500.0,Not_Eligible
38,Female,Single,Professional,91022,Government,12,Large,Rented,20249,3,2,8479,23930,10842,6503,4379,No,4982,548,316317,124717,Vehicle,1463037,46,4080.2999999999997,Not_Eligible
33,Male,Married,Post Graduate,187472,Private,4,Medium,Family,10625,4,1,2473,22871,5416,21742,10235,Yes,18303,753,497034,319408,E-commerce Shopping,39987,46,33532.45,Eligible
39,Female,Single,Post Graduate,82628,Self-employed,28,Large,Rented,2989,4,4,435,29925,12740,27254,3954,No,7779,400,867958,456181,Vehicle,1274878,8,500.0,Not_Eligible
45,Male,Single,Post Graduate,197929,Government,18,Large,Rented,28524,5,3,9181,16148,1303,26402,1962,No,17242,694,69203,177306,Vehicle,343795,65,34008.45,High_Risk
59,Female,Single,Graduate,182599,Self-employed,9,Large,Rented,5665,3,2,6224,21097,1518,27965,19832,Yes,6896,632,147333,371734,Education,261140,19,32690.699999999997,High_Risk
26,Male,Married,Professional,85648,Self-employed,7,Large,Family,4541,5,4,11751,22303,14214,19034,3567,No,17523,348,736968,423970,Home Appliances,34793,43,500.0,Not_Eligible
51,Male,Single,High School,31937,Government,17,Large,Family,18344,3,3,2405,24313,5030,11095,14523,Yes,24227,665,36477,165093,E-commerce Shopping,116499,25,500.0,Not_Eligible
26,Male,Married,Professional,183744,Private,0,Medium,Own,12386,1,2,8446,8766,10132,10629,19278,Yes,22254,805,35393,424426,Home Appliances,579256,40,32148.55,Eligible
59,Female,Married,Professional,16112,Government,4,Large,Family,8846,4,3,14164,2001,7335,25533,12127,Yes,9226,568,402994,428172,Home Appliances,292986,43,500.0,Not_Eligible
42,Male,Married,Post Graduate,181617,Government,10,Small,Family,1078,6,0,10201,396,7165,26230,3010,Yes,27522,529,52961,451965,Education,146973,33,37105.25,Not_Eligible
38,Male,Single,High School,63355,Private,19,Small,Rented,3074,6,0,1834,22059,12070,6058,3863,No,8358,527,5993,46361,Vehicle,1232155,18,2113.65,Not_Eligible
44,Male,Single,Professional,90561,Self-employed,10,Medium,Own,9547,5,1,7042,10900,1079,24009,16073,No,7177,441,888260,356557,Home Appliances,458081,5,5156.9,Not_Eligible
42,Male,Single,High School,180154,Private,15,Small,Own,5029,2,1,12453,4497,14595,19542,11647,Yes,26585,514,478078,66722,Vehicle,815675,82,30032.1,Not_Eligible
34,Female,Married,Graduate,133181,Private,9,Large,Family,26034,6,1,8656,1511,9294,18667,13739,No,27186,345,604388,304552,Home Appliances,561048,18,9832.9,Not_Eligible
49,Female,Married,Post Graduate,75482,Government,14,Small,Family,16272,3,1,4351,10285,9920,29255,7325,Yes,18207,314,203196,356485,E-commerce Shopping,206161,70,500.0,Not_Eligible
26,Female,Single,High School,94098,Private,6,Large,Rented,15845,1,3,422,29358,13429,14742,17128,Yes,1971,642,330613,254954,Personal Loan,378805,71,500.0,Not_Eligible
49,Female,Married,Graduate,157376,Private,14,Medium,Family,23770,2,2,12485,12441,3450,11421,556,No,8519,435,984616,354887,Personal Loan,549743,56,29656.899999999998,Not_Eligible
57,Male,Single,Graduate,137978,Private,28,Small,Family,27858,1,2,13524,28932,10147,8625,15334,Yes,5166,566,455783,182835,Personal Loan,586312,44,9937.199999999999,Not_Eligible
60,Female,Single,Graduate,71625,Self-employed,24,Small,Own,13104,1,1,12844,2692,12852,29301,4725,No,19980,710,484768,269799,Education,1253310,66,500.0,Not_Eligible
55,Male,Single,Professional,190957,Self-employed,15,Small,Family,15855,3,0,5933,14622,14057,14600,1851,No,13689,474,85177,407092,Education,125638,21,38622.5,Not_Eligible
38,Female,Single,Professional,139359,Government,5,Medium,Rented,4756,1,4,10087,2032,5914,24171,10611,Yes,5954,800,52089,46574,Vehicle,608913,64,26541.899999999998,Eligible
25,Female,Single,Post Graduate,86246,Government,10,Medium,Own,22759,5,1,14860,6988,9931,17031,18740,No,17204,621,122369,288206,Education,941196,5,500.0,Not_Eligible
40,Female,Single,Post Graduate,27588,Self-employed,16,Small,Own,4695,2,1,9480,22256,6709,4680,15819,No,12084,667,217665,52103,Personal Loan,1345663,10,500.0,Not_Eligible
27,Male,Single,Graduate,130910,Private,14,Medium,Family,919,1,0,6072,9546,13449,25686,6275,Yes,20878,708,678123,385004,Education,1046133,33,16829.75,Eligible
59,Female,Married,Post Graduate,143658,Government,15,Large,Rented,9938,6,4,9540,21118,9785,20679,18267,No,29108,707,419273,48814,Personal Loan,153597,21,8828.05,High_Risk
30,Female,Single,Professional,35967,Government,23,Medium,Own,1758,6,3,554,27328,4549,26208,7454,No,11384,607,971350,211023,Home Appliances,723042,83,500.0,Not_Eligible
49,Female,Married,Post Graduate,145153,Private,1,Small,Rented,1831,1,3,6,7639,1562,17630,15506,No,11049,362,174228,80988,Personal Loan,201726,67,31475.499999999996,Not_Eligible
37,Male,Married,High School,39256,Private,3,Large,Rented,9363,4,4,1765,25868,6010,23260,6437,No,13084,360,201521,247871,Personal Loan,978849,55,500.0,Not_Eligible
58,Female,Single,Professional,171124,Private,18,Small,Family,19662,4,4,2091,15993,2699,5984,8209,Yes,24308,806,523158,450081,E-commerce Shopping,58491,15,32262.3,Eligible
32,Female,Married,Graduate,143121,Private,5,Small,Rented,16743,5,3,11435,11927,7394,24300,13159,Yes,29742,555,286093,354813,E-commerce Shopping,706385,61,9947.349999999999,Not_Eligible
45,Male,Married,Graduate,95732,Private,17,Small,Own,23970,6,1,11365,4252,9916,16641,17055,No,19162,376,646276,290076,E-commerce Shopping,493801,59,500.0,Not_Eligible
58,Male,Married,Post Graduate,145145,Self-employed,20,Medium,Family,14255,4,1,4830,11931,10625,4823,14303,No,15133,389,505820,365986,E-commerce Shopping,559951,45,24235.75,Not_Eligible
28,Female,Single,Professional,148578,Private,10,Small,Own,3810,1,0,13891,4709,2342,21712,6092,Yes,2682,664,672177,56111,Personal Loan,1185023,14,32668.999999999996,High_Risk
49,Female,Single,Graduate,113120,Government,8,Large,Rented,1440,6,4,1657,10668,2895,16748,9330,Yes,29197,571,786017,156361,Vehicle,1485226,26,14414.749999999998,Not_Eligible
39,Female,Single,Graduate,166781,Self-employed,30,Large,Rented,11111,1,1,14924,18292,13675,16375,160,No,488,574,7210,11891,E-commerce Shopping,450822,44,32114.6,Not_Eligible
28,Male,Single,Professional,59840,Government,2,Large,Family,1719,2,1,9003,5077,7228,27934,11553,No,26364,339,92276,198848,Education,1469508,11,500.0,Not_Eligible
36,Male,Single,Professional,127647,Private,1,Small,Family,22056,6,0,6094,27475,5100,12204,16178,Yes,15438,473,833497,235972,Education,1453258,50,8085.7,Not_Eligible
56,Male,Married,Graduate,74321,Government,17,Large,Own,11445,4,4,7463,1275,3282,16540,4414,No,21229,798,362125,329154,Education,416515,70,3035.5499999999997,Not_Eligible
56,Female,Married,Post Graduate,58202,Private,14,Large,Own,555,3,0,9420,28938,1374,27165,17966,No,25966,656,804309,404838,Personal Loan,1407365,50,500.0,Not_Eligible
52,Male,Single,Post Graduate,149162,Government,24,Large,Rented,9425,4,0,1962,58,3322,27357,10177,No,1338,625,654617,361471,Home Appliances,95532,27,33433.049999999996,High_Risk
37,Female,Married,Post Graduate,74231,Government,21,Large,Family,12112,1,3,490,20307,10586,18606,19340,No,1133,816,782002,37873,Home Appliances,269961,26,500.0,Not_Eligible
55,Male,Married,High School,36552,Private,17,Medium,Rented,28615,2,0,8509,17000,14200,8211,16220,Yes,11113,582,136219,82317,E-commerce Shopping,1085271,25,500.0,Not_Eligible
38,Male,Married,Professional,179813,Government,18,Small,Rented,2297,4,4,13482,14092,13065,5894,8243,Yes,4651,471,167766,432301,Education,590340,64,41331.149999999994,Not_Eligible
44,Male,Married,Graduate,36661,Self-employed,14,Small,Own,1535,2,1,12505,3671,10747,22079,10857,Yes,10648,593,500028,13338,E-commerce Shopping,1476590,81,500.0,Not_Eligible
42,Female,Single,High School,187097,Government,29,Large,Own,14931,4,1,8082,26794,10115,7096,4705,Yes,3162,755,287220,397229,Personal Loan,814621,63,39274.2,Eligible
53,Female,Single,Post Graduate,152164,Self-employed,16,Small,Own,6282,5,3,2548,22167,10032,23425,15804,Yes,16622,513,338359,457116,Education,1157459,12,19349.399999999998,Not_Eligible
30,Female,Single,High School,181746,Self-employed,17,Large,Family,21469,1,4,10032,18095,10922,29938,18128,Yes,23851,388,830303,183552,E-commerce Shopping,1058106,12,17258.85,Not_Eligible
56,Female,Married,Graduate,146642,Government,30,Large,Own,28634,1,1,9408,1342,14705,8410,16093,Yes,28988,683,971219,116561,Vehicle,1221760,72,13671.699999999999,High_Risk
53,Male,Married,Graduate,158156,Self-employed,17,Large,Family,11494,3,0,8524,4752,13264,20653,9155,Yes,8961,468,465045,324226,Personal Loan,503084,71,28473.55,Not_Eligible
26,Female,Single,Professional,80843,Self-employed,10,Small,Rented,25485,1,2,1176,4932,5723,4263,11902,Yes,7410,734,865149,152089,Personal Loan,528712,62,6983.2,High_Risk
47,Male,Single,Post Graduate,84278,Government,17,Medium,Family,1961,3,2,6099,1023,3051,9624,8117,No,7120,618,251175,473492,Personal Loan,1298821,67,16549.05,High_Risk
43,Female,Married,Post Graduate,109328,Private,22,Small,Own,24526,1,2,2600,6965,13102,9797,4932,Yes,26702,318,470730,317045,Vehicle,1448694,59,7246.4,Not_Eligible
55,Female,Single,High School,146837,Private,2,Small,Family,24587,4,2,3094,17117,2547,25020,1149,No,14810,393,597905,89879,Home Appliances,261424,16,20479.55,Not_Eligible
29,Male,Single,Post Graduate,141355,Self-employed,12,Medium,Family,979,4,0,2263,8589,13170,20231,2559,No,4086,669,28961,217388,Home Appliances,721956,38,31317.3,High_Risk
43,Male,Married,High School,39198,Self-employed,30,Small,Own,272,5,1,1066,27662,3453,7884,10369,No,29001,352,290918,320115,Vehicle,1290368,64,500.0,Not_Eligible
58,Female,Married,Graduate,76201,Private,13,Medium,Own,12775,4,3,11624,9160,10628,21745,1067,Yes,16109,728,761553,314094,Home Appliances,1094826,78,500.0,Not_Eligible
34,Female,Single,Graduate,88271,Self-employed,26,Large,Rented,23641,2,0,5744,461,12452,14832,15743,No,17160,822,604616,203475,Vehicle,875793,17,500.0,Not_Eligible
49,Male,Married,Graduate,193271,Private,3,Medium,Family,26573,4,1,2790,24713,3364,5186,18213,Yes,14012,404,934969,109980,E-commerce Shopping,1243727,51,34447.0,Not_Eligible
26,Male,Single,Graduate,157449,Government,17,Large,Rented,5144,3,4,7079,17145,8598,19881,4283,Yes,20162,821,96312,228369,Vehicle,759234,82,26304.949999999997,Eligible
35,Male,Married,Graduate,126578,Self-employed,4,Medium,Rented,21017,6,1,10653,10389,7483,5168,12531,Yes,5015,641,273831,272002,Home Appliances,388493,17,19012.699999999997,High_Risk
55,Male,Married,High School,154108,Government,13,Large,Family,24494,5,1,11681,25438,8821,9608,922,No,14501,319,588506,295858,Vehicle,539781,74,20525.05,Not_Eligible
39,Male,Single,Graduate,55364,Private,24,Small,Rented,1688,6,1,10861,29452,5614,10133,14205,No,18117,554,386504,223103,Vehicle,596474,46,500.0,Not_Eligible
33,Female,Married,High School,130227,Private,11,Medium,Family,15320,6,0,1673,592,7030,10053,17934,Yes,2948,723,663457,393838,Education,1069765,80,26136.949999999997,Eligible
47,Female,Single,Graduate,115353,Government,24,Small,Rented,17979,2,1,14952,5696,14741,5411,2982,No,7235,546,335948,10367,Vehicle,790873,4,16224.949999999999,Not_Eligible
43,Female,Married,High School,183515,Self-employed,6,Large,Rented,16154,2,1,2363,24205,1923,29097,2044,Yes,16066,445,784673,378993,Home Appliances,1395885,78,32082.05,Not_Eligible
33,Female,Single,High School,147735,Government,11,Medium,Family,19626,1,4,12160,18731,10642,20047,5813,No,14572,381,9837,1760,Personal Loan,524176,65,16150.4,Not_Eligible
59,Male,Married,High School,185316,Government,7,Medium,Own,4683,3,4,3723,17830,10737,3966,7097,No,18077,813,409957,350353,E-commerce Shopping,692462,26,41721.049999999996,Eligible
45,Male,Married,Post Graduate,92564,Self-employed,28,Medium,Family,15123,6,2,3501,1442,5786,11741,1597,No,23779,732,896275,215972,Vehicle,343282,4,10358.25,Eligible
33,Male,Single,High School,161149,Private,29,Small,Own,23998,4,0,2814,2806,14259,18694,2321,Yes,10710,674,586091,13175,Home Appliances,1154972,84,29941.449999999997,High_Risk
52,Female,Married,High School,120447,Government,20,Large,Family,22223,4,1,6642,15220,14260,28649,15260,No,11325,346,930335,165054,Home Appliances,497368,6,2403.7999999999997,Not_Eligible
31,Male,Single,Graduate,34631,Government,20,Small,Family,5786,1,2,348,23834,7758,7842,1317,Yes,28806,799,261937,130004,Education,50679,42,500.0,Not_Eligible
40,Male,Married,High School,198724,Private,27,Medium,Own,26291,4,2,2122,3325,8467,13328,19939,No,17330,806,393918,167442,Home Appliances,1264346,9,37772.7,Eligible
40,Female,Married,High School,48500,Government,2,Large,Own,5129,2,0,14568,6647,8221,18935,17941,No,20639,423,158782,416918,Personal Loan,1349736,78,500.0,Not_Eligible
57,Female,Single,Professional,165969,Private,21,Large,Family,28914,4,2,14905,20140,13005,20276,1069,Yes,14954,644,217568,91987,Home Appliances,1414601,63,18447.1,High_Risk
28,Female,Married,Post Graduate,73915,Self-employed,0,Small,Family,25777,6,2,4133,17720,12096,12440,497,No,4937,728,851087,497334,Personal Loan,662108,46,500.0,Not_Eligible
28,Male,Married,Professional,183449,Private,2,Small,Family,2845,4,0,14597,21781,3258,5433,104,Yes,6898,730,602963,463639,E-commerce Shopping,232605,70,44986.549999999996,Eligible
41,Male,Single,Graduate,117760,Private,10,Medium,Own,8448,2,3,11709,8993,13056,20574,5042,Yes,10994,331,326212,195026,Vehicle,435410,4,13630.4,Not_Eligible
53,Female,Married,Post Graduate,41897,Government,17,Medium,Family,22522,3,2,211,8072,5542,21121,5204,No,1124,445,48034,331929,E-commerce Shopping,175301,47,500.0,Not_Eligible
60,Female,Single,Post Graduate,193352,Private,6,Medium,Own,16693,6,4,3529,15153,1069,28229,18231,Yes,25824,392,529795,420064,Vehicle,1204541,13,29618.399999999998,Not_Eligible
59,Male,Single,Professional,116639,Private,8,Medium,Rented,27139,3,2,13961,10549,10516,25411,11340,No,15641,545,461651,301023,E-commerce Shopping,1173468,41,728.6999999999999,Not_Eligible
31,Female,Single,Post Graduate,128849,Government,3,Large,Own,21718,2,0,13278,11449,12331,19720,18956,Yes,25130,640,742982,272887,Personal Loan,1133200,75,2193.45,Not_Eligible
51,Male,Married,Professional,126118,Private,22,Medium,Rented,16262,2,0,7737,28515,6913,3434,17367,Yes,1388,603,76807,100917,Vehicle,742667,9,15575.699999999999,High_Risk
52,Female,Married,High School,72320,Government,23,Medium,Family,23581,6,3,13072,28655,11521,20655,6434,No,24990,749,442663,173666,Vehicle,1444396,31,500.0,Not_Eligible
46,Female,Single,Professional,83289,Self-employed,9,Medium,Family,27993,5,3,11828,11487,14465,7582,6482,Yes,24029,428,751299,384600,E-commerce Shopping,527837,66,500.0,Not_Eligible
38,Female,Married,Post Graduate,46941,Private,17,Small,Own,9280,5,4,6349,29245,9125,13023,4629,Yes,21526,833,339242,37536,Education,99273,26,500.0,Not_Eligible
31,Male,Single,Post Graduate,160306,Self-employed,22,Small,Rented,12923,4,4,4100,7589,8391,29076,4647,Yes,3647,723,412183,217047,Education,1325670,69,31476.55,Eligible
46,Male,Married,Graduate,90172,Private,15,Small,Family,13084,6,2,13930,8787,1367,29732,7540,Yes,16348,337,303403,130104,E-commerce Shopping,689042,3,500.0,Not_Eligible
29,Female,Single,Graduate,18376,Private,28,Medium,Family,17560,6,3,9458,2047,2883,9843,16510,No,17223,830,988863,343673,Home Appliances,664139,48,500.0,Not_Eligible
26,Male,Single,Graduate,45783,Self-employed,11,Large,Rented,22567,4,4,147,8218,6308,8189,15110,No,1206,514,703013,40816,E-commerce Shopping,1091953,45,500.0,Not_Eligible
51,Female,Married,Graduate,187321,Self-employed,18,Medium,Family,19481,5,2,1709,2428,7529,4767,18141,No,25231,555,559212,10632,Personal Loan,1479117,12,37812.25,Not_Eligible
45,Female,Single,Post Graduate,58025,Government,23,Small,Family,11422,4,1,3022,5439,11280,15830,13300,Yes,9847,805,765351,475236,Personal Loan,65049,81,500.0,Not_Eligible
39,Male,Single,Graduate,31447,Government,21,Small,Own,1724,3,2,13634,130,9876,3804,13258,Yes,4872,731,630742,440127,Home Appliances,1232659,77,500.0,Not_Eligible
45,Male,Married,Professional,31713,Self-employed,2,Medium,Family,2628,3,4,14722,19451,6076,13184,18653,No,14083,774,427676,333540,Education,1167744,35,500.0,Not_Eligible
34,Male,Single,High School,143869,Private,7,Large,Rented,22528,1,2,3990,19735,10965,27249,17998,No,17362,514,401343,485578,Personal Loan,425177,63,8414.699999999999,Not_Eligible
47,Male,Single,Post Graduate,19858,Government,26,Large,Family,28750,5,1,11656,2332,7925,24162,10636,No,16934,519,949039,290388,Personal Loan,375089,40,500.0,Not_Eligible
29,Female,Married,Graduate,197187,Private,28,Large,Own,27875,3,4,13962,21700,7820,6180,98,Yes,8491,803,728804,423994,Vehicle,867303,22,38871.35,Eligible
25,Male,Single,Post Graduate,74834,Government,18,Small,Family,17734,1,2,7854,736,4713,17944,1506,No,25896,327,214973,269520,Vehicle,1369991,74,500.0,Not_Eligible
37,Male,Single,Graduate,97060,Government,8,Small,Rented,24109,2,4,3836,3847,11756,18174,3475,Yes,5388,615,454949,325647,Home Appliances,1419304,55,9266.25,High_Risk
45,Female,Single,Post Graduate,150611,Government,26,Large,Family,619,6,2,14256,17682,13133,5311,3257,Yes,29259,507,864608,457604,Personal Loan,1172163,57,23482.899999999998,Not_Eligible
50,Female,Single,Graduate,164929,Self-employed,18,Medium,Rented,18932,3,0,8183,17475,4201,15577,12566,No,11208,721,379291,196139,E-commerce Shopping,471070,19,26875.449999999997,Eligible
45,Female,Single,High School,118898,Private,16,Large,Own,13786,1,4,11513,232,2920,15432,14116,Yes,20363,808,910417,249389,Education,273296,48,14187.599999999999,Eligible
42,Female,Single,Graduate,117207,Self-employed,12,Medium,Family,25954,4,4,4523,16605,9879,11720,16759,No,13591,467,762982,115453,Home Appliances,358535,4,6361.599999999999,Not_Eligible
56,Male,Single,Professional,151436,Government,1,Small,Family,21627,6,4,368,25028,12285,21769,19858,No,16381,466,79880,252809,E-commerce Shopping,1495704,13,11942.0,Not_Eligible
60,Male,Single,Post Graduate,101366,Self-employed,3,Small,Own,28634,1,4,7144,5755,11280,12780,235,Yes,18479,546,290001,363852,E-commerce Shopping,571466,80,5970.65,Not_Eligible
41,Female,Married,Post Graduate,167150,Self-employed,28,Small,Rented,17361,3,2,12172,20783,1152,26526,4753,Yes,16588,706,707097,364014,Home Appliances,659357,84,23735.25,Eligible
59,Female,Single,Professional,183646,Self-employed,10,Large,Rented,21927,4,3,12935,935,5653,21028,4163,No,14946,680,700152,496185,Home Appliances,879480,12,35720.649999999994,High_Risk
35,Male,Single,Professional,15869,Private,1,Large,Family,9729,4,2,1470,5733,8517,4592,7111,No,28447,603,469611,6725,Personal Loan,1465093,25,500.0,Not_Eligible
45,Male,Married,High School,77624,Self-employed,3,Small,Rented,22237,1,1,11285,24514,8176,18420,9391,No,24997,519,457024,373476,Education,1083950,46,500.0,Not_Eligible
50,Male,Single,Post Graduate,186147,Self-employed,3,Small,Rented,3772,1,0,2597,7567,13220,14800,7699,No,13261,780,611010,185663,Personal Loan,776679,77,43130.85,Eligible
28,Male,Single,High School,108676,Self-employed,19,Small,Family,28154,3,2,12826,1343,14924,3077,8808,No,1985,593,200455,249039,E-commerce Shopping,502023,58,13145.65,Not_Eligible
58,Male,Single,Post Graduate,18659,Self-employed,0,Large,Rented,2533,4,2,11545,10503,10262,8658,10145,No,10165,553,158589,422725,Personal Loan,972612,30,500.0,Not_Eligible
42,Female,Single,Post Graduate,182442,Self-employed,24,Large,Rented,8669,5,4,1302,364,7473,24934,9009,Yes,12052,432,797703,123612,Personal Loan,269006,29,41523.649999999994,Not_Eligible
59,Female,Single,High School,121888,Self-employed,25,Small,Family,28230,1,1,13431,13700,4790,18899,52,Yes,22847,743,258068,476542,Education,536729,50,6978.65,High_Risk
53,Female,Single,Post Graduate,73185,Self-employed,10,Large,Family,18278,5,4,11516,10981,7896,22077,11221,Yes,29619,464,299687,24123,Vehicle,252281,74,500.0,Not_Eligible
53,Female,Married,Post Graduate,132136,Government,22,Large,Rented,26956,5,4,1894,9442,5098,26336,5386,No,3746,570,101253,485656,Education,1330106,39,18647.3,Not_Eligible
45,Male,Married,High School,189823,Self-employed,1,Large,Family,26208,4,3,12254,8647,14063,20722,13003,Yes,7311,431,306053,429910,Personal Loan,45985,66,30665.249999999996,Not_Eligible
37,Female,Married,Graduate,77758,Self-employed,18,Large,Rented,21735,3,0,2524,26339,8576,22678,12679,No,18087,458,410973,345436,Vehicle,633930,49,500.0,Not_Eligible
41,Male,Married,High School,151203,Private,28,Small,Rented,2040,5,3,1088,28468,2059,24692,19487,No,22617,596,232909,322388,E-commerce Shopping,850043,51,17763.199999999997,Not_Eligible
33,Male,Married,Post Graduate,147430,Government,7,Small,Rented,17949,3,4,5705,13616,3858,14215,190,Yes,12837,806,375848,221502,Education,393733,68,27671.0,Eligible
25,Male,Single,Professional,106150,Self-employed,22,Large,Rented,20509,1,0,1326,14840,13283,25832,9910,Yes,20408,685,817480,385919,Home Appliances,385062,47,500.0,Not_Eligible
26,Male,Single,Graduate,162318,Private,19,Small,Family,29398,4,2,7484,12615,13530,7971,7354,No,11428,819,771466,174745,E-commerce Shopping,1386341,60,25388.3,Eligible
53,Male,Single,Professional,32216,Self-employed,3,Small,Family,4268,2,1,4269,11924,13013,17691,3472,Yes,20067,377,147724,97320,Vehicle,593469,67,500.0,Not_Eligible
57,Male,Single,Graduate,56209,Self-employed,24,Small,Own,2839,4,3,14211,9010,8601,24258,5273,No,8165,339,988921,158004,E-commerce Shopping,557478,70,500.0,Not_Eligible
34,Male,Single,Professional,57987,Self-employed,15,Medium,Family,16851,2,1,7582,28668,6950,6925,18482,Yes,1793,617,387938,304100,Home Appliances,745448,5,500.0,Not_Eligible
45,Female,Married,Graduate,123024,Self-employed,14,Small,Own,11739,6,4,9475,26541,9148,27298,2585,Yes,6101,626,433555,203466,Home Appliances,930151,73,10547.949999999999,High_Risk
52,Male,Married,High School,166649,Self-employed,4,Small,Rented,26551,1,0,3356,19775,10633,5087,10517,Yes,21762,715,704680,431845,Education,145738,12,24138.8,Eligible
35,Female,Single,Graduate,57320,Private,29,Large,Family,15058,3,2,6216,17119,3266,15763,450,Yes,9902,473,180592,309399,Education,873555,12,500.0,Not_Eligible
58,Female,Single,Graduate,26301,Self-employed,28,Large,Rented,19772,1,0,1102,14796,3248,28713,14174,Yes,22638,658,677794,45904,Personal Loan,1103988,41,500.0,Not_Eligible
32,Male,Single,Graduate,141560,Private,26,Medium,Own,8176,4,1,1067,19990,5489,18685,8956,Yes,5658,306,5368,363976,Personal Loan,1133868,67,25738.649999999998,Not_Eligible
46,Male,Married,Post Graduate,15891,Self-employed,4,Medium,Family,6540,2,1,744,17851,8706,11870,10745,Yes,22462,733,367364,432583,E-commerce Shopping,311058,60,500.0,Not_Eligible
32,Female,Married,Professional,168044,Private,14,Small,Family,12412,6,2,3074,3514,9792,16125,481,No,11813,728,34708,100445,Home Appliances,77422,39,38791.549999999996,Eligible
39,Female,Single,High School,65457,Government,22,Small,Family,23631,2,2,2490,20159,8986,27173,18791,Yes,683,599,848117,298374,E-commerce Shopping,239464,77,500.0,Not_Eligible
41,Female,Married,Professional,128389,Self-employed,16,Large,Family,2743,4,0,10318,15586,1835,11421,15038,No,23559,607,609282,209535,Vehicle,447668,36,16761.149999999998,High_Risk
47,Female,Single,Professional,35932,Government,2,Small,Rented,27150,4,3,7544,21045,9591,5828,14480,No,22,690,476754,328932,Vehicle,565070,12,500.0,Not_Eligible
48,Male,Married,High School,19192,Government,17,Small,Family,5642,1,0,3764,15886,11520,18664,4648,Yes,22149,577,917637,1520,Personal Loan,1038854,80,500.0,Not_Eligible
43,Male,Married,Post Graduate,31128,Government,10,Small,Own,25995,5,1,14474,25395,2007,13315,16459,No,26008,456,591442,475720,E-commerce Shopping,141504,40,500.0,Not_Eligible
29,Male,Single,Graduate,37836,Self-employed,25,Small,Family,10069,2,0,6021,8156,9958,5312,16166,Yes,23098,673,812587,370770,Vehicle,756581,63,500.0,Not_Eligible
56,Female,Married,Post Graduate,39837,Government,5,Small,Own,1026,4,4,2862,1714,1432,25842,10527,Yes,10680,467,573680,12011,Personal Loan,1113580,68,500.0,Not_Eligible
25,Male,Married,Post Graduate,132028,Private,26,Small,Own,21015,1,0,11270,515,9591,26155,1460,Yes,27705,735,419905,497855,E-commerce Shopping,532211,76,12010.949999999999,Eligible
47,Female,Single,Graduate,131481,Self-employed,11,Small,Rented,25176,5,0,9074,14753,6121,10682,7501,No,18175,669,933063,80327,Home Appliances,464514,31,13999.65,High_Risk
32,Male,Married,Professional,140176,Government,21,Small,Family,3592,3,4,14189,5220,1328,16279,13377,Yes,22415,468,63801,213871,Vehicle,1007452,52,22321.6,Not_Eligible
37,Female,Single,Graduate,140172,Self-employed,25,Large,Own,987,4,1,5955,9620,5730,8642,11440,No,26393,811,179713,145453,Vehicle,765309,67,24991.75,Eligible
32,Male,Married,High School,37778,Government,16,Medium,Family,15917,5,2,6868,5249,10963,27482,1998,No,21838,678,172602,147917,Home Appliances,1110181,6,500.0,Not_Eligible
47,Male,Single,Graduate,58130,Private,29,Small,Rented,25181,3,0,2560,11782,2612,12584,2590,Yes,4782,376,396811,134706,Personal Loan,1136768,26,500.0,Not_Eligible
25,Female,Single,Professional,31708,Self-employed,13,Large,Rented,7238,6,3,4791,8010,13365,23119,15303,Yes,11359,398,829619,127707,Vehicle,987289,43,500.0,Not_Eligible
48,Female,Married,Post Graduate,122481,Self-employed,5,Small,Family,2747,3,2,3834,25419,13619,21408,10659,Yes,19879,462,871833,400326,Home Appliances,187271,24,8720.599999999999,Not_Eligible
59,Female,Married,Post Graduate,170304,Government,9,Small,Own,8330,1,3,2774,24515,5245,27261,1097,No,21650,574,409497,288645,Personal Loan,1024536,12,27801.199999999997,Not_Eligible
48,Female,Single,Graduate,185484,Private,15,Medium,Rented,26633,2,0,8268,12322,3004,15369,3494,No,12749,696,428387,39709,Education,1043015,46,36275.75,High_Risk
41,Female,Married,High School,19782,Self-employed,17,Large,Own,28162,4,3,3114,6142,7703,4660,2141,Yes,24570,643,593805,391268,Personal Loan,364230,62,500.0,Not_Eligible
29,Male,Married,Professional,172387,Government,26,Small,Own,5650,5,2,14235,11665,7769,3229,6503,No,12916,325,645186,109199,Vehicle,86690,28,38647.0,Not_Eligible
44,Female,Married,Post Graduate,25052,Private,19,Medium,Family,20609,6,3,11420,19519,6624,29197,8488,Yes,751,355,236102,372970,Personal Loan,1080919,16,500.0,Not_Eligible
45,Male,Single,Graduate,34521,Private,5,Medium,Rented,4496,6,3,14865,5878,7719,25825,2772,Yes,7595,842,166834,341878,Vehicle,898864,14,500.0,Not_Eligible
55,Male,Single,High School,84690,Private,18,Small,Family,25820,3,2,14166,23417,4010,20962,12037,No,3426,329,893057,345400,Personal Loan,25251,22,500.0,Not_Eligible
60,Male,Single,High School,50546,Private,2,Small,Family,25217,6,2,13531,10807,5245,25413,317,No,25241,835,487287,295872,Education,706285,37,500.0,Not_Eligible
35,Male,Married,Post Graduate,172044,Self-employed,11,Large,Family,16820,2,2,5704,20708,10800,23171,16655,No,8499,457,419922,238953,Personal Loan,125490,65,24390.449999999997,Not_Eligible
39,Male,Married,Post Graduate,119713,Self-employed,15,Large,Own,17807,3,2,1012,5071,4118,3280,14543,Yes,14756,420,303948,72508,Education,1250094,19,20694.1,Not_Eligible
43,Female,Single,Professional,117617,Private,2,Small,Family,25712,4,4,4285,5942,1361,21899,17751,No,18252,453,814736,79632,Vehicle,1203426,30,7845.249999999999,Not_Eligible
31,Female,Single,High School,37030,Government,15,Small,Rented,3721,4,0,9066,20363,2716,5455,7021,No,24878,381,598814,168894,Personal Loan,658625,82,500.0,Not_Eligible
52,Male,Married,Professional,186448,Government,3,Medium,Own,22058,6,2,4357,9468,3421,19373,10642,Yes,711,660,486034,350452,Home Appliances,224134,39,40746.299999999996,High_Risk
29,Male,Married,High School,104831,Private,24,Large,Family,27865,1,1,14479,17895,5190,17014,3311,No,16909,609,226372,18679,Education,883549,25,758.8,Not_Eligible
29,Female,Married,High School,92400,Private,19,Small,Rented,24633,4,3,3556,21284,8268,18310,9850,No,7321,631,939734,127990,E-commerce Shopping,694354,17,500.0,Not_Eligible
54,Female,Married,Graduate,33055,Government,12,Small,Family,17520,4,2,14976,4659,4461,25377,8800,No,12334,576,886112,372998,Education,393862,15,500.0,Not_Eligible
56,Male,Single,Post Graduate,171565,Private,3,Large,Family,25275,4,2,2325,2962,4981,20152,1092,No,25335,706,627864,400546,Personal Loan,1396657,16,31305.05,Eligible
32,Female,Married,High School,89861,Private,3,Small,Family,1145,2,0,6957,9086,14906,22470,3784,No,4701,425,265785,122488,Education,115522,11,9384.199999999999,Not_Eligible
34,Female,Married,Professional,136184,Self-employed,6,Medium,Own,27031,5,2,9917,25429,11321,19929,19241,Yes,18930,583,481084,478404,Personal Loan,197787,10,1535.1,Not_Eligible
56,Female,Single,Post Graduate,131524,Self-employed,20,Medium,Family,21963,5,4,3988,12627,5728,14443,1944,Yes,24295,742,370657,143194,Vehicle,144041,80,16287.599999999999,Eligible
52,Male,Single,Professional,131826,Private,11,Small,Rented,9300,6,1,2354,2410,11652,16313,2871,Yes,24681,480,627861,310813,Vehicle,725586,73,21785.75,Not_Eligible
41,Female,Married,Post Graduate,51775,Private,1,Large,Family,13929,4,1,12159,16563,3050,9051,9134,Yes,24460,461,363950,152169,Home Appliances,891528,69,500.0,Not_Eligible
55,Male,Single,Post Graduate,197129,Self-employed,15,Medium,Family,20879,5,2,10846,588,13300,7246,13652,Yes,21219,775,264191,74210,E-commerce Shopping,1492881,25,38289.649999999994,Eligible
32,Male,Married,High School,100909,Private,6,Large,Own,22883,6,0,6693,18429,5259,18469,6604,No,906,660,58814,100559,Vehicle,1160987,83,7583.099999999999,High_Risk
49,Male,Married,Graduate,51253,Self-employed,18,Large,Family,6242,4,2,11419,22238,5712,25317,9649,No,22685,823,839799,417669,Home Appliances,850506,43,500.0,Not_Eligible
33,Male,Single,High School,66884,Self-employed,10,Large,Rented,13832,5,3,12587,3225,10560,26145,15817,Yes,10610,429,651408,482255,E-commerce Shopping,124719,77,500.0,Not_Eligible
26,Male,Single,Post Graduate,91497,Government,0,Medium,Rented,24683,5,1,2394,26975,9027,16054,7639,No,13079,580,550982,89655,Home Appliances,1021045,34,500.0,Not_Eligible
39,Female,Married,High School,32705,Self-employed,8,Medium,Family,26560,6,3,5542,11228,5261,3013,2138,No,14331,751,538786,397447,Vehicle,935962,67,500.0,Not_Eligible
27,Male,Single,High School,190748,Government,4,Small,Rented,14285,3,4,4521,25140,12338,12593,8480,No,6388,433,32298,487379,E-commerce Shopping,708143,29,37451.049999999996,Not_Eligible
60,Male,Married,Post Graduate,106640,Government,25,Large,Rented,28823,6,1,41,4764,7203,21638,6115,Yes,3665,850,145122,151774,Vehicle,548047,66,12036.849999999999,Eligible
28,Male,Married,Post Graduate,22101,Self-employed,16,Medium,Family,9097,2,1,14651,7087,6864,18606,3344,Yes,5654,772,940668,240659,Personal Loan,1441468,75,500.0,Not_Eligible
38,Female,Married,High School,77495,Private,26,Medium,Rented,21329,3,4,12925,20437,7525,13974,7681,No,24645,304,281943,75208,E-commerce Shopping,837445,69,500.0,Not_Eligible
49,Female,Single,High School,150815,Self-employed,0,Small,Rented,15084,3,3,1848,4464,9852,16067,4686,Yes,2925,381,133725,495901,Home Appliances,117013,55,33561.15,Not_Eligible
34,Female,Married,High School,23951,Government,16,Medium,Family,1992,5,2,10316,2706,6242,8506,6699,Yes,28657,520,894629,440765,Personal Loan,1183273,12,500.0,Not_Eligible
45,Female,Married,Professional,153086,Self-employed,11,Medium,Own,4122,1,0,4191,29365,5562,4098,14017,No,25674,368,106465,118092,Home Appliances,1441559,53,23119.949999999997,Not_Eligible
60,Female,Married,High School,51180,Self-employed,24,Medium,Own,28790,1,3,7430,13389,8456,11116,19014,Yes,16518,817,644355,138265,Vehicle,1435287,34,500.0,Not_Eligible
36,Female,Single,Professional,71977,Government,12,Small,Family,29394,2,4,2866,12158,9707,16354,12835,No,24494,827,580654,433729,Vehicle,994357,67,500.0,Not_Eligible
51,Female,Married,Graduate,78209,Self-employed,23,Small,Own,26723,4,4,13024,7166,7380,22588,12845,Yes,736,441,151099,358972,Personal Loan,471447,48,500.0,Not_Eligible
26,Male,Married,Professional,187980,Self-employed,10,Large,Own,12290,5,4,9838,21622,9911,11622,15281,No,23417,803,979816,415164,Personal Loan,87328,74,29399.649999999998,Eligible
37,Male,Married,High School,123575,Government,12,Medium,Own,17189,2,1,6893,12646,9363,3794,16607,No,8329,656,353775,211500,E-commerce Shopping,1271414,12,17063.899999999998,High_Risk
56,Female,Single,Graduate,65918,Private,30,Small,Own,18376,3,2,8396,20310,14696,23350,11010,Yes,1876,505,284097,217901,Home Appliances,576610,64,500.0,Not_Eligible
55,Male,Married,Professional,154291,Government,12,Small,Family,23880,5,1,13599,1640,2469,14699,1521,No,6856,339,819912,471831,Education,1454220,73,31369.449999999997,Not_Eligible
40,Male,Married,Professional,153235,Government,5,Small,Own,19984,3,1,3334,18034,2173,11399,18038,No,3958,820,157779,20812,Vehicle,1393810,75,26710.25,Eligible
56,Female,Single,Post Graduate,148542,Self-employed,25,Large,Own,29801,2,1,3659,25078,5666,18074,6048,Yes,17821,799,504837,232463,Education,978104,56,14838.249999999998,Eligible
56,Male,Single,Graduate,162615,Government,30,Large,Family,13541,1,4,7079,14367,5900,29727,5144,No,21935,501,364888,341329,Education,466560,41,22722.699999999997,Not_Eligible
58,Male,Married,Post Graduate,165348,Self-employed,30,Large,Family,28975,2,3,654,26981,2174,5511,4772,Yes,18671,347,939232,217231,Personal Loan,38468,31,27163.5,Not_Eligible
35,Female,Married,Graduate,135014,Self-employed,21,Large,Own,28848,6,0,2362,8253,4744,27399,6307,Yes,6680,748,500545,125761,Home Appliances,158077,18,17647.35,Eligible
34,Male,Married,Professional,182953,Self-employed,5,Large,Rented,4010,5,0,9584,13408,5208,3579,12050,Yes,216,809,702086,498304,Education,1432200,46,47214.299999999996,Eligible
39,Female,Single,Post Graduate,93950,Government,19,Medium,Family,8275,5,2,11860,11641,14543,10135,10284,Yes,19312,565,213297,182857,Home Appliances,1352816,69,2765.0,Not_Eligible
41,Female,Single,High School,22749,Government,20,Medium,Family,20742,4,2,8075,22150,11133,5830,12655,Yes,19467,544,198051,376344,Personal Loan,242031,71,500.0,Not_Eligible
42,Male,Married,Professional,39182,Self-employed,9,Small,Own,21699,1,4,5371,21999,5031,9169,736,No,23034,561,949338,185357,Education,150511,72,500.0,Not_Eligible
33,Male,Single,Graduate,92450,Private,18,Large,Rented,3320,5,0,5452,22113,7631,14180,8337,No,22945,617,958320,383184,Education,352469,19,2965.2,Not_Eligible
49,Male,Married,Graduate,95543,Private,2,Large,Family,23933,1,3,4839,12739,8101,27315,10589,Yes,386,842,40081,236497,Vehicle,1271552,83,2674.35,Not_Eligible
38,Female,Married,Post Graduate,111487,Government,25,Small,Family,18889,5,4,7593,3286,10589,15297,15283,No,5253,650,692370,113286,Education,811085,44,12353.949999999999,High_Risk
49,Female,Single,Post Graduate,125227,Self-employed,6,Medium,Family,7828,1,2,14630,15443,5021,12825,1033,Yes,5434,333,870225,371732,E-commerce Shopping,494660,42,22054.55,Not_Eligible
46,Female,Married,Graduate,167455,Self-employed,4,Large,Rented,7885,6,4,14977,14741,9889,23478,16244,No,922,787,261253,110428,Personal Loan,1014474,16,27761.649999999998,Eligible
54,Male,Single,Professional,93578,Government,7,Large,Family,18840,2,2,284,15341,2774,12712,6663,Yes,12882,648,100419,185434,E-commerce Shopping,1186924,34,8428.699999999999,High_Risk
44,Male,Single,Post Graduate,131258,Private,4,Large,Family,7248,1,0,9532,1692,6366,22865,13345,No,11079,745,660389,331312,Education,312845,45,20695.85,Eligible
45,Female,Married,High School,171484,Government,11,Medium,Rented,7868,3,4,511,23658,12403,18495,18665,No,24611,769,417976,256899,Education,1056116,79,22845.55,Eligible
56,Male,Single,Graduate,28181,Government,3,Medium,Family,6349,6,1,11247,15848,4473,18183,7348,No,25404,593,362318,212491,E-commerce Shopping,1394144,49,500.0,Not_Eligible
45,Male,Married,High School,59898,Self-employed,29,Large,Rented,23347,2,2,4124,16740,5063,17879,6033,No,14054,510,237900,42005,Vehicle,1187329,25,500.0,Not_Eligible
59,Female,Single,Graduate,18405,Government,18,Large,Rented,3062,5,1,12003,14466,11946,3095,4619,No,26211,434,791107,237415,Vehicle,828514,62,500.0,Not_Eligible
56,Female,Married,High School,25862,Private,27,Small,Rented,3852,5,2,11557,29717,9123,15076,9919,Yes,11729,678,514723,149153,E-commerce Shopping,1015918,14,500.0,Not_Eligible
54,Male,Married,Professional,43688,Government,17,Small,Own,29473,4,1,3078,16979,7268,6510,14175,No,12998,632,689819,459161,E-commerce Shopping,296546,60,500.0,Not_Eligible
36,Female,Married,Graduate,63017,Self-employed,2,Medium,Family,21374,6,0,4637,18008,13643,29107,8577,No,3264,687,277351,429211,Personal Loan,388865,24,500.0,Not_Eligible
42,Male,Single,Professional,27939,Private,6,Small,Family,13160,3,0,10454,25705,13526,24259,10512,Yes,6825,576,24130,246674,Vehicle,884146,66,500.0,Not_Eligible
45,Female,Married,Post Graduate,119152,Self-employed,7,Large,Family,16322,6,3,12914,14260,12245,8807,10566,No,21645,797,858899,205982,Home Appliances,109597,76,7837.549999999999,High_Risk
37,Female,Single,Graduate,54585,Government,14,Medium,Rented,387,4,3,14299,24412,5608,3614,513,No,6391,690,889356,469773,Education,564352,14,500.0,Not_Eligible
45,Female,Single,Professional,131315,Government,20,Small,Own,14123,6,3,12215,15288,3680,16129,14233,Yes,18752,376,525221,352342,Education,232176,26,12913.25,Not_Eligible
32,Male,Single,High School,119447,Government,26,Medium,Rented,7037,2,4,8406,27017,7744,10204,664,No,22027,718,230440,245072,E-commerce Shopping,1359680,74,12721.8,Eligible
31,Male,Single,Professional,169014,Self-employed,16,Large,Family,6910,4,2,13475,4966,14311,10377,2187,No,29394,680,16913,385430,Home Appliances,179635,22,30587.899999999998,High_Risk
47,Female,Single,Graduate,151344,Government,18,Small,Rented,15758,2,4,11433,26606,4603,10023,12176,Yes,3457,676,604462,438992,Vehicle,428432,5,23550.8,High_Risk
56,Female,Married,Professional,190206,Private,3,Small,Own,2003,4,3,10460,11364,4344,14678,6238,No,27405,438,158946,430599,Vehicle,1130789,73,39799.899999999994,Not_Eligible
35,Female,Single,High School,170337,Private,15,Small,Family,25607,1,2,5119,10023,14488,17306,17924,No,27970,542,815561,473765,Vehicle,613042,25,18165.0,Not_Eligible
46,Male,Married,High School,194264,Self-employed,25,Large,Rented,5745,2,4,3331,3953,10621,10934,9947,Yes,20322,793,845925,198665,E-commerce Shopping,162971,61,45293.85,Eligible
46,Female,Married,High School,174740,Self-employed,12,Medium,Own,17924,2,0,14035,23699,11353,11004,12315,No,9676,658,874563,129053,E-commerce Shopping,189020,35,26156.899999999998,High_Risk
49,Female,Single,Post Graduate,96560,Self-employed,28,Small,Rented,25025,1,2,2308,24444,14216,13337,19015,Yes,26608,550,586032,31494,Education,763419,48,500.0,Not_Eligible
46,Female,Married,Graduate,112435,Government,11,Medium,Rented,3547,1,3,1837,27877,6913,24946,7157,Yes,24898,577,999244,89345,Education,704017,37,5341.0,Not_Eligible
52,Female,Married,High School,84283,Private,3,Medium,Family,29013,3,0,8010,6230,9218,12251,8499,No,15629,470,352684,389102,Vehicle,767075,24,500.0,Not_Eligible
53,Male,Single,Post Graduate,24297,Private,11,Medium,Own,25672,1,2,5119,2570,4771,14209,11661,Yes,13217,478,768390,313621,Education,724432,36,500.0,Not_Eligible
37,Male,Married,High School,79005,Private,16,Large,Rented,9051,4,4,5736,16476,10633,12964,11025,Yes,5932,795,794709,330884,Education,660681,38,2515.7999999999997,Not_Eligible
42,Female,Single,Professional,143833,Self-employed,25,Large,Own,14456,1,3,565,21283,7742,8634,11556,No,25736,677,770298,157634,Vehicle,1304651,28,18851.35,High_Risk
26,Male,Single,Graduate,147679,Self-employed,8,Small,Family,301,1,4,11883,10392,13879,13186,1993,Yes,27527,793,302433,386504,E-commerce Shopping,891704,43,23981.3,Eligible
53,Male,Single,Professional,145654,Government,11,Small,Family,7104,2,0,7639,12641,14773,29242,703,Yes,26268,675,137977,210116,Education,369330,12,16549.399999999998,High_Risk
45,Male,Married,Post Graduate,101994,Self-employed,25,Medium,Family,18403,2,0,12090,25454,11419,24723,6638,No,22588,577,897295,217655,E-commerce Shopping,1444839,9,500.0,Not_Eligible
39,Female,Married,Professional,71305,Private,30,Medium,Own,9072,6,0,8992,21087,9758,18721,354,No,10165,634,246118,237843,Home Appliances,358403,44,500.0,Not_Eligible
51,Male,Married,Professional,174045,Government,14,Medium,Own,10473,1,2,1278,7741,9438,26482,546,No,27558,317,394628,483804,E-commerce Shopping,1385333,13,31685.149999999998,Not_Eligible
55,Male,Married,High School,169189,Self-employed,19,Large,Rented,20545,3,3,9493,1896,2523,10048,14973,Yes,11261,599,803776,264389,Personal Loan,227561,83,34457.5,Not_Eligible
39,Male,Single,Professional,137688,Self-employed,1,Large,Own,16613,2,0,11822,25558,3364,8657,5136,No,18208,408,800714,482627,Personal Loan,527898,74,16915.5,Not_Eligible
47,Female,Single,High School,22645,Private,28,Small,Family,25497,4,4,12933,2964,8601,11713,109,No,2966,331,209827,2531,Vehicle,229315,73,500.0,Not_Eligible
48,Female,Married,High School,57238,Government,8,Medium,Rented,7710,6,3,7191,27538,6352,3922,17882,No,6471,741,699925,332984,Personal Loan,1045114,74,500.0,Not_Eligible
37,Male,Single,Graduate,84694,Self-employed,13,Medium,Own,16178,4,4,5084,9302,6054,23588,3671,Yes,27518,355,217618,284180,Home Appliances,270798,8,500.0,Not_Eligible
46,Male,Married,Post Graduate,187845,Self-employed,3,Large,Family,18216,1,4,3504,6354,7925,24309,11375,No,18599,373,994084,390160,E-commerce Shopping,1107486,48,34147.049999999996,Not_Eligible
57,Female,Single,Post Graduate,31786,Government,3,Small,Family,8242,1,0,9183,24452,4965,12396,14944,Yes,18789,820,928879,340046,E-commerce Shopping,76087,7,500.0,Not_Eligible
27,Female,Single,Post Graduate,55693,Government,26,Medium,Rented,20062,3,3,12916,24958,4692,9485,7952,Yes,13846,746,488253,426010,Education,287512,82,500.0,Not_Eligible
43,Male,Single,High School,111447,Self-employed,5,Medium,Family,7496,1,1,14062,12002,6081,10824,465,Yes,27706,791,215891,110246,Education,488833,47,11483.849999999999,Eligible
47,Male,Single,Post Graduate,172650,Self-employed,23,Small,Own,20866,6,2,10717,26123,2773,14312,13691,Yes,19299,431,581618,335186,Education,969941,16,22704.149999999998,Not_Eligible
53,Female,Single,High School,192480,Private,4,Medium,Family,29733,5,1,5613,2918,3937,12688,176,No,10175,537,299024,307946,E-commerce Shopping,38751,36,44534.0,Not_Eligible
54,Female,Married,Graduate,84702,Government,27,Large,Rented,28357,5,2,10621,23704,4890,24145,13675,Yes,10039,655,796929,473026,E-commerce Shopping,200002,58,500.0,Not_Eligible
49,Male,Married,Post Graduate,99845,Self-employed,23,Small,Family,25328,1,3,13106,21508,8536,27904,12272,No,17066,549,483883,485851,Education,377416,60,500.0,Not_Eligible
32,Female,Single,High School,30076,Self-employed,16,Medium,Family,13484,6,0,6517,13387,8335,9699,13273,No,22611,341,198170,383086,E-commerce Shopping,1061221,52,500.0,Not_Eligible
40,Male,Married,Post Graduate,34377,Self-employed,12,Medium,Own,5887,5,3,10792,18842,2091,8355,19311,No,10487,530,422158,163541,Home Appliances,167327,69,500.0,Not_Eligible
32,Male,Single,Post Graduate,155350,Self-employed,19,Large,Own,17862,4,1,6905,14339,9119,15183,5056,Yes,4921,389,144024,49522,Education,1390524,84,28687.749999999996,Not_Eligible
25,Male,Single,Graduate,142368,Private,16,Large,Own,2088,6,4,13634,28019,7106,4464,17866,No,5615,703,777990,26992,Personal Loan,307739,58,22251.6,Eligible
29,Female,Single,Professional,48539,Government,18,Large,Own,6040,6,2,11352,17490,9938,17583,6409,No,19453,490,94903,87749,Education,1229784,22,500.0,Not_Eligible
27,Male,Single,Post Graduate,141552,Self-employed,26,Medium,Family,24536,1,2,10331,21420,10766,5034,13598,No,3967,680,210490,471030,Personal Loan,1443605,15,18165.0,High_Risk
25,Male,Married,Graduate,157512,Government,22,Medium,Own,19377,4,1,376,8622,14966,6590,12312,No,11659,426,18910,425438,Vehicle,1390227,75,29263.499999999996,Not_Eligible
28,Female,Single,Post Graduate,41245,Government,0,Medium,Family,13440,4,0,8142,19927,5440,26223,16810,Yes,25507,676,846803,455364,Personal Loan,571765,47,500.0,Not_Eligible
59,Female,Married,Post Graduate,168169,Self-employed,20,Small,Own,29749,5,3,1104,28009,4601,28078,1527,No,11208,539,245070,223244,Home Appliances,664800,33,22362.55,Not_Eligible
56,Male,Single,Post Graduate,82092,Self-employed,16,Large,Own,14421,3,1,13953,10651,11291,25891,5250,Yes,2528,742,703712,23152,E-commerce Shopping,1275529,72,500.0,Not_Eligible
58,Male,Single,Post Graduate,124454,Self-employed,21,Small,Own,28371,4,3,6746,6112,4516,11680,15158,Yes,25221,337,697813,78433,Home Appliances,908807,43,9327.5,Not_Eligible
49,Female,Married,Professional,147223,Private,24,Large,Family,19724,5,0,10339,2082,12997,10367,5952,No,7455,849,545217,419633,Vehicle,414681,48,27407.449999999997,Eligible
34,Female,Single,Professional,167770,Self-employed,2,Medium,Own,2343,3,4,9805,13553,3852,23221,14790,Yes,4288,578,514662,403081,Home Appliances,671666,4,33571.299999999996,Not_Eligible
45,Female,Single,Post Graduate,163673,Government,26,Small,Family,7188,6,3,5674,3727,1591,4426,19178,No,8691,450,852832,371815,Home Appliances,518974,9,39619.299999999996,Not_Eligible
51,Male,Married,Post Graduate,172879,Government,26,Small,Own,1238,5,0,5242,5003,1692,18604,16470,No,12439,689,212562,63719,Vehicle,1315172,14,39266.85,High_Risk
51,Male,Married,Graduate,191374,Private,13,Large,Own,29096,5,1,2847,26698,2163,4599,19951,Yes,8860,662,814418,253937,Home Appliances,255876,66,34006.0,High_Risk
26,Male,Married,Graduate,154111,Self-employed,11,Small,Rented,26812,1,4,11659,2858,12984,21218,8584,No,13831,473,556814,420011,Vehicle,12330,45,19657.75,Not_Eligible
37,Female,Single,High School,62427,Self-employed,14,Small,Own,12448,6,4,8214,8475,9600,18147,8947,No,10508,442,36293,126491,E-commerce Shopping,1427354,53,500.0,Not_Eligible
33,Male,Single,Professional,86839,Private,5,Medium,Family,6856,6,4,2703,726,3382,15952,6303,No,21054,556,834378,203220,Education,1442762,22,10452.05,Not_Eligible
60,Female,Married,Post Graduate,165125,Private,19,Large,Rented,22044,2,2,12203,18165,6400,12232,7943,Yes,22040,399,752662,14116,E-commerce Shopping,583992,15,22434.3,Not_Eligible
46,Male,Married,Professional,131801,Self-employed,21,Small,Family,10620,3,0,4865,23789,9596,19422,15651,No,2038,786,437706,431395,E-commerce Shopping,1022394,49,16036.999999999998,Eligible
50,Female,Single,Graduate,125845,Self-employed,1,Medium,Family,20723,5,3,6662,16720,6842,22298,8974,No,14492,647,367109,239607,E-commerce Shopping,1490731,28,10196.9,High_Risk
36,Male,Single,Professional,101298,Government,3,Small,Rented,8374,4,1,3348,19986,6975,9438,4641,Yes,316,844,665276,446391,Home Appliances,305486,60,16877.0,Eligible
41,Male,Married,Professional,104147,Self-employed,12,Medium,Own,8735,4,4,11961,6083,5742,27614,5780,Yes,2647,665,583472,263771,E-commerce Shopping,1211986,24,12454.75,High_Risk
38,Female,Married,Post Graduate,70413,Self-employed,12,Small,Rented,19210,2,4,9110,25161,2483,19570,14294,No,9178,451,12312,208076,Vehicle,355516,61,500.0,Not_Eligible
38,Female,Married,Post Graduate,80958,Government,22,Medium,Family,23475,3,4,10171,18298,6158,28325,5640,No,13554,545,503032,438819,Vehicle,128039,77,500.0,Not_Eligible
58,Male,Married,Graduate,46275,Government,26,Medium,Own,92,1,0,376,8758,11314,24441,6183,No,5657,395,807219,73856,Vehicle,1053812,17,500.0,Not_Eligible
44,Female,Single,Post Graduate,41597,Government,21,Large,Rented,2415,3,1,6434,6226,10056,22215,7933,No,14419,638,405326,351402,Vehicle,88540,47,500.0,Not_Eligible
35,Female,Single,Graduate,92521,Government,24,Medium,Family,4254,4,0,9442,13987,2584,13601,16874,No,28867,753,294482,142216,E-commerce Shopping,673999,49,1019.1999999999999,Not_Eligible
40,Male,Single,Graduate,109243,Private,26,Small,Own,10637,4,1,9388,10557,9408,7557,19852,No,23829,383,246916,94704,Personal Loan,930870,84,6305.25,Not_Eligible
55,Female,Single,High School,83908,Government,22,Medium,Family,24510,1,3,9862,4970,8413,3668,17432,Yes,13446,772,51015,405459,Education,414601,33,562.4499999999999,Not_Eligible
30,Male,Married,High School,70188,Private,16,Medium,Own,4533,1,2,7620,6822,1742,8350,16582,Yes,22456,424,589301,10602,Personal Loan,38476,31,729.05,Not_Eligible
43,Male,Single,High School,49710,Government,5,Small,Own,6516,4,1,11332,18035,5513,22137,8562,No,5949,639,950299,23401,Home Appliances,192737,43,500.0,Not_Eligible
28,Female,Married,Professional,133493,Government,10,Small,Rented,4401,5,0,11544,17704,13030,8369,12378,Yes,4473,465,43014,48080,E-commerce Shopping,515002,83,21557.899999999998,Not_Eligible
28,Female,Single,High School,195122,Government,18,Medium,Own,3032,5,0,11102,1790,12466,7873,8590,Yes,2165,808,681736,499906,Personal Loan,1185551,20,50000.0,Eligible
44,Male,Single,Post Graduate,64249,Self-employed,15,Small,Family,26549,1,0,6485,21845,13943,29625,16843,Yes,18321,746,881895,339826,E-commerce Shopping,122116,12,500.0,Not_Eligible
34,Male,Single,Post Graduate,49247,Private,7,Medium,Own,19673,6,2,13157,2881,10055,22930,18988,No,16137,712,217965,209439,Vehicle,872043,11,500.0,Not_Eligible
48,Male,Married,High School,41408,Government,28,Medium,Family,29653,5,1,1356,17338,4982,7748,11438,Yes,3870,585,470016,124534,Home Appliances,1155807,54,500.0,Not_Eligible
59,Male,Single,Professional,91313,Self-employed,0,Medium,Own,10568,1,1,1766,22368,3855,3181,4668,Yes,22553,712,791805,78203,Personal Loan,1313977,29,7823.9,High_Risk
50,Male,Married,Graduate,20443,Private,9,Small,Own,20822,3,1,5505,5543,5046,9145,1293,Yes,11958,385,437468,492514,Education,577080,28,500.0,Not_Eligible
45,Male,Married,Professional,145270,Private,1,Large,Rented,6867,3,1,9557,7130,14830,22625,10951,No,20718,438,273318,394821,Vehicle,640905,31,18407.199999999997,Not_Eligible
45,Female,Single,Professional,146151,Self-employed,18,Large,Own,14176,3,4,10556,18450,4684,16581,10583,Yes,23660,732,523928,148793,Vehicle,908121,22,16611.35,Eligible
34,Female,Married,Graduate,111818,Private,13,Medium,Own,3234,1,4,12168,14134,13583,28552,17582,No,5209,404,67808,21939,Home Appliances,221321,75,6074.599999999999,Not_Eligible
28,Female,Single,Graduate,184417,Self-employed,2,Medium,Family,22381,1,0,5426,20335,9641,29930,10156,No,24957,377,537008,8389,Vehicle,790645,70,21556.85,Not_Eligible
44,Male,Married,Graduate,158973,Government,22,Small,Family,6301,5,4,3841,2861,14539,22307,13306,Yes,2840,677,711528,329048,Vehicle,644552,17,32542.3,High_Risk
41,Female,Single,Post Graduate,188804,Self-employed,28,Large,Family,17517,5,1,3244,14339,11342,13288,15382,Yes,18039,487,436475,461083,Personal Loan,665013,54,33478.549999999996,Not_Eligible
31,Male,Married,Graduate,163579,Private,23,Large,Own,11830,5,1,543,26813,2115,20829,18661,No,7859,690,443683,28902,Vehicle,1141596,82,26225.149999999998,High_Risk
28,Male,Married,Graduate,96785,Private,30,Large,Family,10589,2,4,11463,21784,3837,26523,6273,Yes,5137,560,896440,210624,Home Appliances,1077790,3,3912.6499999999996,Not_Eligible
53,Female,Single,Professional,141691,Government,8,Small,Family,27349,1,3,11855,8254,4428,19289,9365,No,17047,591,990689,254631,E-commerce Shopping,175388,21,15436.4,Not_Eligible
38,Male,Single,Professional,50391,Self-employed,22,Small,Own,29036,6,0,14176,9205,8044,4308,8357,No,501,442,723051,174543,Home Appliances,1047602,28,500.0,Not_Eligible
27,Male,Single,High School,49171,Government,7,Small,Family,26496,3,2,14410,6133,3193,17190,7416,No,17003,337,165566,484243,Home Appliances,819089,61,500.0,Not_Eligible
48,Male,Single,Professional,197802,Self-employed,10,Medium,Rented,2062,3,0,6047,18373,4338,11571,10921,No,22158,335,816911,325207,E-commerce Shopping,1017424,6,42816.2,Not_Eligible
40,Male,Married,Graduate,130019,Self-employed,14,Small,Rented,26776,2,0,8967,26478,3166,21239,1691,Yes,18303,414,751527,138190,Personal Loan,926063,64,8189.65,Not_Eligible
28,Male,Married,Post Graduate,22485,Self-employed,5,Medium,Family,4627,2,0,1620,18188,2526,16071,10814,No,23303,813,712250,481394,Education,1427693,59,500.0,Not_Eligible
48,Male,Married,Professional,142628,Government,1,Medium,Family,27590,3,4,4312,3325,9455,11747,12530,No,28202,314,79073,265865,Education,352613,62,15913.449999999999,Not_Eligible
58,Female,Married,Professional,125104,Government,0,Medium,Family,19855,1,0,14968,3698,10491,24051,2415,No,16600,610,247884,127051,Home Appliances,233703,37,11559.099999999999,High_Risk
54,Male,Single,Graduate,130427,Private,2,Medium,Own,29747,3,1,8723,5973,4418,12414,8818,No,11234,525,833138,460221,Personal Loan,1104288,37,17185.0,Not_Eligible
42,Male,Married,Professional,105153,Government,24,Small,Rented,13142,3,0,12736,22275,12228,19492,2305,No,22551,487,459949,137508,Personal Loan,213917,42,500.0,Not_Eligible
43,Male,Single,Professional,52748,Self-employed,28,Small,Rented,468,6,1,7828,25601,3712,27640,11598,No,21997,324,676308,360162,Personal Loan,43511,23,500.0,Not_Eligible
55,Male,Married,Graduate,149950,Self-employed,22,Large,Family,1344,2,4,888,6210,1786,9034,1131,Yes,5881,788,664218,403259,Personal Loan,752440,29,43286.6,Eligible
43,Female,Single,Professional,148021,Self-employed,17,Large,Family,25454,2,4,10105,17261,5988,27236,1644,Yes,21479,539,634509,144986,Home Appliances,1321549,49,13598.9,Not_Eligible
43,Female,Single,Post Graduate,166953,Government,13,Medium,Own,29038,5,0,12248,3357,13161,16409,2294,No,22900,692,596993,239692,Vehicle,1024100,15,23641.1,High_Risk
46,Male,Single,High School,197378,Private,16,Large,Own,6098,2,1,392,16515,11601,14392,15585,Yes,27237,476,752131,468317,Education,698162,56,36945.299999999996,Not_Eligible
48,Male,Single,Professional,102150,Government,1,Large,Rented,12101,6,1,9813,5167,12238,29891,3217,No,13780,673,427262,111986,Education,395118,8,5580.049999999999,High_Risk
36,Male,Single,Post Graduate,104364,Private,30,Large,Own,3807,6,1,3457,15914,1235,29008,5196,Yes,15861,560,471476,33090,E-commerce Shopping,964042,33,10460.099999999999,Not_Eligible
54,Female,Married,Professional,130925,Government,18,Medium,Rented,4736,3,1,7668,27228,14753,29710,2085,No,22336,535,911181,85171,Home Appliances,227056,35,7843.15,Not_Eligible
55,Female,Single,High School,24958,Self-employed,29,Large,Family,21341,6,2,13458,7084,14889,8720,12679,No,22041,761,893847,107938,Education,32192,11,500.0,Not_Eligible
60,Female,Married,Graduate,154769,Private,21,Small,Family,27517,5,4,2363,992,4334,15254,12879,No,8521,809,914749,446831,Home Appliances,1156558,71,29018.149999999998,Eligible
43,Female,Married,High School,102160,Government,27,Medium,Rented,15375,3,1,14789,5772,2074,6927,6803,Yes,23705,368,853081,288445,Home Appliances,382746,46,9350.25,Not_Eligible
60,Male,Single,Professional,30493,Self-employed,8,Small,Family,19729,1,2,7354,17454,13638,5497,4216,Yes,22337,550,203815,96651,Personal Loan,590175,60,500.0,Not_Eligible
54,Female,Married,High School,188873,Private,7,Medium,Own,16972,1,2,9540,23782,13704,5976,16720,Yes,17319,629,149668,287473,E-commerce Shopping,1197205,40,29700.999999999996,High_Risk
57,Female,Married,High School,36199,Private,9,Small,Family,3883,2,4,11052,26335,12082,3740,14097,Yes,16141,795,824178,352796,Home Appliances,797297,46,500.0,Not_Eligible
42,Male,Married,Graduate,180560,Self-employed,8,Large,Family,25905,5,3,317,22811,1743,19854,10923,No,22944,648,851899,399645,Education,538168,70,26622.05,High_Risk
52,Male,Single,Professional,45493,Self-employed,26,Medium,Rented,91,6,0,6537,2596,13135,21049,17643,No,9656,315,485336,87701,Education,144815,34,500.0,Not_Eligible
35,Female,Single,High School,126545,Government,26,Small,Own,16841,4,4,12666,27675,2005,14907,19832,Yes,24998,508,398065,423248,E-commerce Shopping,1276708,5,2667.35,Not_Eligible
57,Female,Single,High School,64002,Government,7,Medium,Own,27917,1,3,8896,21914,9204,23374,16110,No,5760,342,642807,315700,Home Appliances,564826,61,500.0,Not_Eligible
41,Female,Single,Graduate,38731,Self-employed,6,Small,Family,29747,6,0,13785,16029,8024,27685,2416,Yes,27229,693,564484,157914,Personal Loan,375815,14,500.0,Not_Eligible
30,Female,Married,Post Graduate,153148,Government,21,Large,Family,1884,1,0,3771,2949,2850,15072,8245,No,15396,679,281292,396053,E-commerce Shopping,948999,48,36043.35,High_Risk
28,Male,Married,Professional,16071,Self-employed,23,Medium,Own,13432,1,0,9233,21725,5901,23773,4376,No,3345,606,884967,367547,Home Appliances,1009386,34,500.0,Not_Eligible
44,Male,Married,Post Graduate,114926,Self-employed,5,Medium,Own,14282,1,2,11066,29704,4603,21646,13647,Yes,17565,306,839844,480048,E-commerce Shopping,819371,33,844.55,Not_Eligible
51,Female,Married,Post Graduate,142872,Government,1,Small,Rented,19505,2,1,4244,25477,3260,16623,12536,Yes,18074,321,992996,138160,Personal Loan,221422,15,15103.55,Not_Eligible
39,Female,Married,Graduate,56410,Government,28,Small,Family,14202,5,0,4653,19868,13557,16515,7164,No,4795,835,344433,8582,Vehicle,555393,51,500.0,Not_Eligible
30,Female,Married,Graduate,109948,Private,8,Large,Family,10231,1,1,6885,5590,10175,3959,18190,Yes,19888,681,320778,444461,Vehicle,784602,71,12260.5,High_Risk
38,Female,Single,Professional,56041,Private,8,Small,Own,7642,6,0,10701,7237,8814,4559,16970,No,20592,659,825658,55306,Vehicle,1361930,66,500.0,Not_Eligible
35,Female,Married,Post Graduate,138616,Government,18,Small,Rented,21995,6,2,4006,12629,14061,28692,4452,No,12829,597,424395,264207,Personal Loan,958556,28,13983.199999999999,Not_Eligible
33,Male,Married,High School,68326,Government,8,Small,Own,7952,2,0,12002,65,11151,20064,486,No,9132,449,87987,7349,Personal Loan,221306,51,2615.8999999999996,Not_Eligible
50,Male,Married,Post Graduate,184621,Government,1,Large,Family,9595,5,4,11216,12894,11420,28627,1708,No,18164,462,646816,485048,E-commerce Shopping,724565,25,31848.949999999997,Not_Eligible
40,Male,Single,Graduate,68096,Private,27,Large,Family,20087,5,3,12982,3764,10954,18677,13356,No,7779,415,876930,221731,Education,275114,68,500.0,Not_Eligible
29,Female,Married,High School,192462,Government,29,Medium,Family,4482,4,0,14902,11333,2288,23157,13746,No,13844,482,775709,295986,Personal Loan,1161535,5,38048.5,Not_Eligible
34,Female,Married,High School,192124,Private,18,Large,Family,1981,3,3,14601,19177,10208,15553,4006,No,3509,430,456753,69781,Personal Loan,16605,79,43081.149999999994,Not_Eligible
27,Male,Single,Graduate,58167,Private,15,Small,Rented,13918,1,3,4642,11524,3153,7991,19414,No,28047,666,644050,230887,Vehicle,410694,23,500.0,Not_Eligible
37,Male,Married,High School,76292,Private,29,Medium,Family,29984,2,2,2127,10771,5582,18329,4302,Yes,26576,574,937871,471460,Vehicle,439211,48,500.0,Not_Eligible
54,Female,Single,Post Graduate,90419,Private,21,Large,Own,9984,5,3,4613,1419,5499,21334,16273,No,16401,725,856418,435458,Vehicle,194475,41,5213.599999999999,High_Risk
30,Male,Single,Graduate,188211,Self-employed,13,Large,Rented,15813,4,2,13950,5477,5485,7694,17321,No,14497,808,194611,433442,Education,1499816,80,37790.899999999994,Eligible
41,Female,Married,Professional,102753,Government,19,Small,Rented,4466,3,0,13379,12645,1607,26441,6239,No,16542,627,882549,197232,Vehicle,1146921,40,7501.9,High_Risk
43,Female,Married,Graduate,156779,Government,23,Small,Family,2231,5,1,2749,1415,5044,16830,2031,Yes,17417,689,645436,284453,Vehicle,1389066,30,38171.7,High_Risk
59,Male,Single,Professional,159212,Self-employed,0,Large,Rented,25347,5,2,8435,8567,8143,7762,19255,No,13160,570,294404,154985,Education,885715,71,23990.05,Not_Eligible
50,Male,Married,Professional,26093,Government,12,Medium,Family,22165,1,3,8200,29881,13410,13120,5899,Yes,16374,368,672074,310838,Vehicle,632786,47,500.0,Not_Eligible
29,Male,Married,Graduate,119089,Private,21,Small,Rented,8396,3,3,3654,5424,3836,21451,10200,Yes,5881,756,368290,399784,E-commerce Shopping,157348,64,21086.449999999997,Eligible
53,Female,Single,Graduate,87043,Self-employed,1,Large,Rented,13241,3,0,14799,6207,13324,15027,3636,Yes,24067,645,778770,235813,E-commerce Shopping,578272,19,500.0,Not_Eligible
44,Female,Single,Professional,139534,Private,21,Large,Own,10411,2,2,10885,8369,9901,13100,10749,No,13326,779,977442,151255,Home Appliances,1474037,42,21977.55,Eligible
45,Male,Married,Professional,151902,Self-employed,13,Small,Own,13112,4,0,9515,16618,1766,11148,4921,No,16948,555,382478,406389,E-commerce Shopping,391483,37,27255.899999999998,Not_Eligible
34,Female,Single,High School,176680,Private,0,Medium,Own,24797,6,2,5439,19296,13790,12563,3863,No,8890,684,200451,90273,Education,13403,84,30814.699999999997,High_Risk
29,Female,Married,Graduate,117865,Government,14,Medium,Rented,9383,2,1,10488,761,4598,26740,14188,No,11318,446,28386,81890,Vehicle,929256,59,14136.15,Not_Eligible
60,Female,Married,Graduate,139678,Government,17,Medium,Own,19699,4,4,2370,3878,12156,13306,8252,Yes,14249,826,222582,410122,Home Appliances,519329,27,23018.8,Eligible
30,Male,Married,High School,62287,Government,8,Small,Own,11481,2,0,2603,21790,1091,9508,5248,No,9960,638,436562,25806,Personal Loan,431923,17,500.0,Not_Eligible
50,Female,Married,Graduate,48427,Self-employed,21,Small,Own,5175,4,3,5747,1282,1099,14152,2017,Yes,11419,476,883776,403725,Personal Loan,326084,21,2637.6,Not_Eligible
28,Male,Single,High School,174467,Government,7,Small,Rented,17982,6,0,3533,15826,12216,21376,16453,Yes,9081,381,833120,134124,E-commerce Shopping,391694,53,27300.0,Not_Eligible
59,Male,Married,High School,144849,Self-employed,6,Medium,Family,26484,1,2,7565,17647,9877,18312,4780,No,8582,350,122926,371024,Home Appliances,466851,15,18060.699999999997,Not_Eligible
25,Female,Single,Graduate,124839,Private,8,Medium,Own,20646,4,0,8584,28150,8622,6231,10863,No,6282,566,73914,40468,Personal Loan,1021167,80,12411.349999999999,Not_Eligible
48,Male,Married,Post Graduate,107662,Government,8,Small,Rented,17926,6,1,1251,22087,2750,18151,15744,Yes,13985,790,297815,435611,Personal Loan,719854,27,5518.799999999999,High_Risk
60,Female,Married,Professional,32970,Private,10,Small,Rented,8333,2,2,2966,3613,13140,15315,7624,Yes,23411,815,699548,171626,Personal Loan,677250,25,500.0,Not_Eligible
30,Male,Single,Graduate,85218,Government,3,Small,Family,14460,3,3,12856,4446,4669,21897,5271,No,19193,791,286689,68709,E-commerce Shopping,993166,83,849.0999999999999,Not_Eligible
55,Male,Married,Post Graduate,89362,Private,6,Medium,Own,89,5,3,12531,4636,1393,19059,17638,No,2172,747,936832,294741,E-commerce Shopping,1373960,61,11145.4,Eligible
44,Female,Single,High School,169443,Self-employed,20,Large,Rented,28561,6,2,11320,23493,9785,21245,18897,No,20083,556,737378,265212,Home Appliances,1326445,18,12620.65,Not_Eligible
48,Male,Single,Post Graduate,165338,Government,6,Large,Rented,20790,6,1,9358,3383,12073,25329,4369,Yes,18650,308,780608,305723,E-commerce Shopping,1077731,53,24985.1,Not_Eligible
49,Male,Married,Graduate,165267,Self-employed,3,Medium,Rented,5490,6,0,14527,19393,10077,28797,19560,Yes,12568,620,9786,262689,E-commerce Shopping,743703,12,19199.25,High_Risk
60,Male,Married,Graduate,125949,Self-employed,11,Small,Family,15287,4,4,10758,18006,9139,24712,7425,Yes,27063,671,263668,89152,Education,899087,74,4745.65,Not_Eligible
45,Female,Married,Post Graduate,141895,Private,25,Small,Own,10455,4,3,7571,7275,4052,16748,16616,Yes,7919,622,991740,142550,E-commerce Shopping,281151,57,24940.649999999998,High_Risk
54,Female,Married,Graduate,42315,Government,26,Small,Rented,11704,3,1,3007,27454,9696,5313,1187,No,22629,642,287384,200671,Home Appliances,481446,64,500.0,Not_Eligible
48,Male,Single,Professional,98804,Self-employed,26,Small,Rented,20090,1,1,7813,29,6236,20153,5423,No,3111,556,944934,57091,E-commerce Shopping,181637,47,12582.15,Not_Eligible
54,Male,Married,Post Graduate,56581,Private,16,Medium,Rented,17593,2,1,7206,16692,4750,10136,4980,No,27094,447,580885,22888,E-commerce Shopping,634128,68,500.0,Not_Eligible
46,Male,Married,High School,191609,Private,19,Large,Rented,4978,1,0,8384,9701,2777,6562,6999,No,17783,491,151902,445162,Education,157457,27,47048.75,Not_Eligible
52,Female,Married,Post Graduate,112357,Private,30,Large,Own,3224,4,1,8518,18477,7933,12624,4898,No,13916,423,826121,124215,Home Appliances,619865,60,14968.449999999999,Not_Eligible
31,Female,Married,Post Graduate,134761,Government,28,Medium,Own,4856,4,1,14818,19814,13629,13149,4805,No,17598,503,336737,171077,Personal Loan,545289,66,16132.199999999999,Not_Eligible
59,Male,Married,Post Graduate,128984,Government,25,Small,Rented,24177,6,2,4120,16520,12689,13496,17232,Yes,24438,636,53537,358223,Education,832365,46,5709.2,High_Risk
52,Female,Single,Post Graduate,107449,Private,30,Large,Rented,22623,6,2,4197,17158,9325,4359,18034,No,2481,384,122653,304137,E-commerce Shopping,668603,26,10245.199999999999,Not_Eligible
38,Female,Married,High School,168256,Government,2,Medium,Rented,23237,1,1,8854,17982,3925,20640,8105,Yes,2058,771,954865,458530,Vehicle,361383,53,29209.249999999996,Eligible
34,Female,Single,High School,169351,Private,8,Small,Family,25935,2,1,12504,9646,8347,10883,5925,No,5819,706,466083,4311,Education,740929,65,31602.199999999997,Eligible
40,Female,Married,High School,172642,Government,4,Large,Family,17922,4,2,4837,2603,7820,11264,15646,No,5365,834,305933,106235,Education,1268653,26,37514.75,Eligible
40,Male,Married,Post Graduate,145522,Government,19,Medium,Family,148,4,0,4025,2480,13499,16324,10493,No,6275,419,115575,106377,Home Appliances,1464245,50,32297.3,Not_Eligible
55,Female,Married,Professional,58030,Private,15,Large,Rented,15263,1,2,12554,9038,1584,8120,691,Yes,6627,355,461934,254795,Personal Loan,557958,22,1453.55,Not_Eligible
49,Female,Single,Professional,77245,Private,7,Large,Family,24449,5,2,4257,24782,10628,12374,13755,Yes,414,700,764442,342206,Personal Loan,1342045,34,500.0,Not_Eligible
37,Male,Married,High School,50133,Government,30,Medium,Own,24083,6,2,14622,27069,9548,8628,7,Yes,23881,813,196287,220768,Personal Loan,935366,36,500.0,Not_Eligible
30,Male,Single,Professional,189877,Private,20,Medium,Family,29386,3,2,4773,19514,8602,11674,15548,No,15157,661,28572,47322,Education,810152,54,29828.05,High_Risk
33,Female,Single,Professional,58998,Private,15,Large,Rented,17809,4,4,9077,9421,6196,28815,2082,Yes,28495,332,515889,99736,Vehicle,225084,40,500.0,Not_Eligible
60,Female,Married,Professional,163310,Private,18,Large,Own,18101,2,3,3953,16330,12546,5242,1703,No,4663,570,298139,13692,Home Appliances,185293,16,35270.2,Not_Eligible
44,Male,Single,Professional,130603,Private,15,Medium,Rented,9546,5,0,2294,22858,10942,11594,5227,No,11101,661,828774,296152,Vehicle,708502,26,19964.35,High_Risk
42,Male,Married,Professional,63245,Government,17,Small,Own,13538,1,0,6317,21075,2700,9147,11571,No,2402,743,488674,165663,Personal Loan,1488480,74,500.0,Not_Eligible
45,Male,Married,Graduate,38557,Self-employed,14,Small,Family,14115,1,1,3467,23052,10901,3764,8331,Yes,1579,769,48982,340073,Education,15274,10,500.0,Not_Eligible
28,Female,Single,High School,85474,Government,23,Small,Family,26981,2,4,1032,2796,4681,27347,19816,Yes,9936,447,52998,497719,Personal Loan,1175029,8,500.0,Not_Eligible
57,Female,Married,Post Graduate,106228,Private,27,Small,Own,19019,6,1,13196,27805,9728,4835,10394,Yes,24836,770,652339,52377,Vehicle,50165,77,500.0,Not_Eligible
51,Male,Married,Professional,80074,Private,17,Medium,Own,16188,6,0,1471,1127,3468,13781,658,No,23119,842,545536,207939,Personal Loan,872230,45,7091.7,High_Risk
31,Female,Single,Graduate,73204,Government,13,Small,Rented,2363,5,0,5113,6502,9342,11995,4661,Yes,13298,557,951718,413128,E-commerce Shopping,865199,57,6975.5,Not_Eligible
30,Male,Single,Post Graduate,171647,Private,23,Large,Own,27508,2,1,5690,13139,10947,9068,13534,No,21059,568,626576,188314,Home Appliances,908250,79,24745.699999999997,Not_Eligible
39,Female,Single,Graduate,166141,Government,15,Small,Rented,3107,4,3,10836,15724,3550,15409,3437,No,7171,651,388793,220872,Vehicle,531139,29,37417.45,High_Risk
42,Male,Single,Professional,170472,Self-employed,4,Medium,Own,5628,5,1,6805,12842,1887,22386,19132,Yes,22868,668,772824,353771,E-commerce Shopping,846718,26,27623.399999999998,High_Risk
56,Male,Single,Professional,170218,Private,7,Small,Own,17885,3,3,13632,25778,12187,26510,7514,No,17353,699,71514,324185,Personal Loan,306710,69,17275.649999999998,High_Risk
35,Female,Single,Professional,21846,Self-employed,15,Small,Family,1451,3,3,4071,10597,5838,22203,16229,No,94,324,996433,189450,Home Appliances,1165337,8,500.0,Not_Eligible
44,Female,Married,Professional,186424,Self-employed,20,Medium,Family,16195,2,2,7739,1287,3562,16552,6527,No,11984,811,725051,453044,Home Appliances,706792,68,42902.299999999996,Eligible
48,Female,Single,Post Graduate,38694,Private,0,Small,Rented,8641,3,0,1148,21234,10800,6124,851,Yes,6159,631,213580,288357,Home Appliances,1115648,18,500.0,Not_Eligible
39,Female,Single,Post Graduate,36740,Private,27,Medium,Rented,18219,2,2,8232,25124,8790,6195,2708,No,14310,839,732756,60191,Education,134829,59,500.0,Not_Eligible
31,Female,Married,Graduate,195510,Government,28,Small,Rented,15180,4,0,6480,20329,7727,16399,3868,No,5230,404,762620,170682,Home Appliances,703404,64,42103.95,Not_Eligible
45,Female,Married,High School,45996,Government,10,Medium,Own,12377,6,2,3756,13664,6531,27885,11370,Yes,20465,759,165282,250269,E-commerce Shopping,245729,67,500.0,Not_Eligible
50,Male,Single,Professional,78874,Private,29,Small,Own,10780,4,3,14661,3929,10433,9995,7509,Yes,28997,798,524681,340198,Vehicle,755787,20,500.0,Not_Eligible
38,Female,Single,Graduate,112661,Government,10,Large,Rented,28847,2,2,11948,17771,1207,15844,8534,No,21725,737,90760,178312,E-commerce Shopping,1206002,82,2374.75,Not_Eligible
45,Male,Married,Graduate,121945,Self-employed,1,Large,Own,26019,4,4,7408,25849,4832,14152,15683,Yes,7438,485,789766,185866,Personal Loan,167712,40,7197.4,Not_Eligible
42,Male,Single,Graduate,190272,Self-employed,29,Medium,Family,22235,3,2,11602,29815,4361,16887,1786,Yes,9066,668,674447,51600,Education,600007,20,33082.0,High_Risk
29,Female,Single,Professional,37970,Private,21,Medium,Own,19332,4,2,7261,3263,3899,9841,19287,No,28083,443,239889,487263,Education,176485,16,500.0,Not_Eligible
27,Male,Married,Professional,156967,Government,18,Medium,Family,20319,3,2,11158,25382,9151,25540,12863,No,10910,373,20323,166666,Personal Loan,1276610,28,14575.4,Not_Eligible
47,Male,Single,Graduate,184143,Private,23,Large,Rented,16333,6,4,13374,1927,14596,5256,8973,No,12381,799,645580,70200,Vehicle,317096,72,38956.049999999996,Eligible
50,Female,Married,Professional,198340,Self-employed,4,Medium,Own,23214,6,0,13303,27709,12779,19818,3748,Yes,29668,390,960249,148437,Education,582883,13,23835.35,Not_Eligible
48,Female,Single,Graduate,168330,Private,2,Small,Rented,20093,3,2,6663,29905,11947,14315,6646,Yes,8527,351,233349,477233,Personal Loan,465439,4,24581.899999999998,Not_Eligible
43,Female,Married,Post Graduate,103890,Private,27,Medium,Family,27818,1,0,3796,24358,6750,11078,1338,No,26100,315,205385,417785,Personal Loan,837544,27,928.1999999999999,Not_Eligible
49,Male,Married,Professional,72300,Private,25,Medium,Rented,17673,4,1,11472,20365,11917,9019,5306,No,16547,437,420989,373215,Personal Loan,568350,69,500.0,Not_Eligible
45,Female,Married,Post Graduate,76915,Private,22,Small,Family,16887,4,3,3447,10291,5034,3849,3796,Yes,27517,488,127280,199504,Personal Loan,601460,63,2132.9,Not_Eligible
36,Female,Single,High School,154516,Self-employed,29,Small,Family,24335,2,1,8276,18129,3279,27682,19254,No,5505,826,94391,429108,Home Appliances,1261406,42,16819.6,Eligible
57,Female,Married,Professional,90147,Private,7,Large,Rented,21435,2,4,12494,28984,6761,22055,17075,No,6555,428,695291,315992,Vehicle,1045704,32,500.0,Not_Eligible
28,Female,Single,High School,91064,Private,3,Small,Family,3097,5,4,11610,20372,10180,27695,3878,Yes,29039,413,268284,485115,Personal Loan,1248798,11,500.0,Not_Eligible
31,Male,Married,Graduate,81535,Government,28,Small,Rented,13588,3,0,7832,13590,14168,9210,3916,Yes,15655,386,374488,221391,Home Appliances,49505,32,1251.6,Not_Eligible
46,Female,Married,Professional,18760,Private,12,Medium,Rented,18531,6,0,12448,12675,7747,17417,658,No,8510,525,239927,150240,Home Appliances,1256756,23,500.0,Not_Eligible
57,Male,Married,Professional,182956,Government,26,Large,Rented,9657,6,2,12737,17609,7475,11144,5933,No,17662,423,551940,415169,E-commerce Shopping,1023824,47,35258.649999999994,Not_Eligible
41,Female,Single,Professional,117715,Private,24,Small,Family,4520,1,1,10355,24490,8804,16001,18087,No,1854,428,242600,430250,Personal Loan,128048,14,11761.4,Not_Eligible
48,Male,Single,High School,140491,Government,21,Large,Family,18281,3,0,4457,22666,12051,25200,11444,Yes,10000,644,746848,146214,Home Appliances,1133632,44,12737.199999999999,High_Risk
58,Male,Married,High School,172094,Private,13,Small,Own,13341,4,0,5370,5971,13494,29468,402,No,23077,593,727884,316457,E-commerce Shopping,870853,55,28339.85,Not_Eligible
52,Male,Single,Graduate,145992,Government,0,Large,Rented,3716,5,0,11151,18450,2649,8788,15821,No,27519,763,634339,434891,E-commerce Shopping,1187748,32,20264.3,Eligible
46,Female,Single,Post Graduate,189202,Private,4,Small,Rented,29577,3,3,10422,14656,3408,18987,8427,Yes,1443,439,358018,52202,Personal Loan,85885,48,35798.7,Not_Eligible
41,Male,Single,Post Graduate,189953,Private,20,Medium,Rented,14831,5,0,10915,8286,14662,5161,605,Yes,3765,747,612666,78753,Education,1025912,72,46104.799999999996,Eligible
58,Female,Married,High School,77399,Government,6,Large,Rented,8842,3,3,2639,129,11612,23100,622,Yes,16570,437,776775,495256,Home Appliances,733994,81,4859.75,Not_Eligible
30,Female,Single,Professional,182523,Private,22,Large,Rented,29669,4,4,9222,7272,10316,11951,18217,Yes,14360,803,896729,213581,Education,1192083,62,28530.6,Eligible
30,Female,Married,Post Graduate,197485,Private,5,Small,Rented,27838,4,2,14148,7088,14781,4646,5845,Yes,6285,754,981761,297864,E-commerce Shopping,293874,57,40898.899999999994,Eligible
58,Female,Married,Post Graduate,77278,Private,14,Large,Rented,1210,3,1,7687,3268,9720,16247,5708,No,16811,625,816030,419194,Education,1224592,56,5819.45,High_Risk
25,Female,Married,High School,128286,Private,14,Small,Own,2187,6,0,13698,26529,6596,11423,9765,Yes,1147,612,261947,190173,Education,188947,32,19929.35,High_Risk
34,Male,Single,Graduate,175711,Self-employed,7,Large,Own,8058,6,3,930,10499,10463,12786,18816,No,4120,592,296810,286204,Personal Loan,848070,81,38513.649999999994,Not_Eligible
45,Female,Married,High School,180693,Private,1,Large,Rented,20204,1,0,13681,986,8542,19945,6506,Yes,18210,676,153561,352139,E-commerce Shopping,48423,61,32416.649999999998,High_Risk
29,Male,Single,High School,159151,Self-employed,13,Medium,Rented,16752,4,0,13859,3110,2419,25843,12859,No,29148,600,912466,396041,Vehicle,611621,38,19306.35,High_Risk
26,Male,Single,Professional,152967,Self-employed,28,Medium,Own,10536,2,3,13050,19956,6695,4806,9168,Yes,23374,586,425394,131287,Home Appliances,152486,60,22883.699999999997,Not_Eligible
46,Male,Married,High School,108515,Private,15,Large,Own,11463,1,0,10851,25392,9126,3875,9151,Yes,3758,592,471026,274081,Personal Loan,688100,59,12214.65,Not_Eligible
26,Male,Married,Professional,67142,Government,28,Medium,Rented,2843,3,1,14414,23682,5173,9514,11370,Yes,13742,413,237521,262731,Personal Loan,737885,9,500.0,Not_Eligible
34,Male,Married,Graduate,142157,Government,22,Large,Rented,14335,1,4,1821,2600,2735,29214,2334,No,13543,384,895761,395801,Vehicle,1405207,81,26451.25,Not_Eligible
58,Male,Single,Professional,158624,Private,9,Small,Own,19834,2,2,5902,15680,13328,28568,19808,No,1680,398,665835,198623,Personal Loan,750431,54,18838.399999999998,Not_Eligible
40,Male,Single,Graduate,107930,Self-employed,14,Large,Own,27727,4,0,13532,2169,14492,23119,11476,Yes,15704,498,416848,111138,E-commerce Shopping,1472754,53,500.0,Not_Eligible
46,Female,Married,Graduate,194893,Government,22,Large,Rented,19902,4,3,5827,18163,5385,12748,15957,No,21526,840,211185,362572,Personal Loan,193383,16,33384.75,Eligible
36,Male,Married,Graduate,112812,Private,3,Medium,Own,6644,6,1,3809,17140,2148,23737,17270,No,3807,811,455124,193234,Personal Loan,558614,76,13389.949999999999,Eligible
48,Female,Single,High School,179702,Private,11,Medium,Rented,12546,4,0,13910,1167,9023,16010,8885,No,8313,438,418142,360375,Vehicle,893992,26,38446.799999999996,Not_Eligible
34,Male,Single,Professional,85063,Self-employed,9,Small,Family,9828,6,4,9785,23737,6587,5476,8372,Yes,27870,797,451848,118732,Home Appliances,368501,40,500.0,Not_Eligible
59,Male,Married,Post Graduate,145990,Government,1,Small,Rented,20244,2,4,14306,2594,14546,10761,19551,Yes,17366,588,550679,204599,Home Appliances,1213884,4,16317.699999999999,Not_Eligible
56,Male,Single,High School,27247,Private,3,Small,Rented,17528,1,3,5531,21714,10715,16321,17896,Yes,9445,736,145306,412629,Education,90089,73,500.0,Not_Eligible
31,Male,Single,Graduate,32603,Government,19,Large,Rented,19510,3,0,9312,14735,11953,19300,7921,No,24592,828,243411,332847,E-commerce Shopping,576527,37,500.0,Not_Eligible
45,Female,Single,Post Graduate,117099,Private,27,Small,Own,7660,3,0,9873,3104,7695,3676,4393,No,13596,812,32268,363542,Vehicle,1147305,42,23485.699999999997,Eligible
44,Female,Single,High School,191636,Private,27,Small,Rented,17,1,0,1924,7326,9902,26190,1189,No,20481,483,624190,264256,Home Appliances,1301421,52,43612.45,Not_Eligible
50,Female,Single,Post Graduate,15527,Private,5,Medium,Rented,13620,4,4,2440,405,10152,23140,11927,Yes,8458,322,166341,258567,Vehicle,870353,28,500.0,Not_Eligible
28,Male,Single,Graduate,20849,Self-employed,13,Medium,Own,5999,6,0,12755,26428,14110,11616,3976,Yes,5647,818,691724,326124,Education,567435,17,500.0,Not_Eligible
46,Male,Married,Post Graduate,65314,Self-employed,22,Small,Family,18040,3,0,7013,2411,12901,4600,5004,No,12210,633,951296,158438,Home Appliances,595962,12,1097.25,Not_Eligible
39,Male,Single,Post Graduate,191796,Self-employed,2,Small,Family,12397,4,0,3442,27603,8858,25265,11665,Yes,26448,791,284686,175604,Vehicle,1081156,29,26641.3,Eligible
45,Female,Married,Graduate,32230,Government,14,Large,Own,12618,5,0,14353,28663,1004,4340,4078,No,24826,761,248966,351604,E-commerce Shopping,1417688,28,500.0,Not_Eligible
39,Male,Married,Post Graduate,107229,Self-employed,25,Large,Rented,17980,5,3,1207,24738,5919,28205,10379,Yes,4372,493,923861,364257,E-commerce Shopping,534966,20,5050.15,Not_Eligible
46,Female,Single,High School,87495,Self-employed,0,Medium,Family,25521,3,4,9358,11003,9309,22392,6109,No,13317,552,929192,366732,Education,59771,67,500.0,Not_Eligible
52,Female,Married,Post Graduate,116390,Government,18,Small,Family,1287,1,2,5582,12838,3791,21449,11566,Yes,5933,508,115597,298731,Home Appliances,1168026,68,18880.399999999998,Not_Eligible
38,Male,Married,Professional,188802,Government,24,Small,Own,16651,1,3,13645,8322,13948,10934,17618,No,5356,373,659929,498864,Home Appliances,1466078,34,35814.799999999996,Not_Eligible
51,Male,Married,High School,106937,Government,0,Small,Family,434,1,0,8253,19551,14625,3167,9844,Yes,19990,736,811021,351998,E-commerce Shopping,1175963,78,10875.55,Eligible
52,Female,Single,Post Graduate,128723,Government,12,Small,Family,18419,4,2,8354,19084,14512,11208,9,No,26425,816,397754,119912,Education,1127666,79,10749.199999999999,Eligible
50,Female,Married,Professional,18323,Self-employed,7,Small,Own,2497,5,1,4647,11247,10758,10052,15232,Yes,26296,656,273509,75401,Personal Loan,1018039,61,500.0,Not_Eligible
26,Female,Single,Professional,146517,Self-employed,17,Large,Family,6440,4,2,14514,10509,7892,4545,5048,No,6076,665,868499,216194,E-commerce Shopping,347774,65,32022.55,High_Risk
49,Male,Married,Professional,97945,Government,21,Large,Rented,6037,2,3,7402,5800,7573,20914,19955,No,18655,421,345849,467483,E-commerce Shopping,1218207,61,4063.1499999999996,Not_Eligible
27,Male,Married,Post Graduate,156035,Self-employed,2,Small,Own,7806,2,4,9275,11143,13954,6813,7286,No,11814,747,228202,460116,Vehicle,890816,5,30780.399999999998,Eligible
32,Male,Married,Graduate,196583,Private,22,Large,Rented,19592,3,3,13539,23918,6829,4497,3702,Yes,940,448,704082,54794,Education,262497,70,43248.1,Not_Eligible
57,Male,Married,Professional,135801,Self-employed,17,Large,Rented,1613,2,4,238,4882,7824,3542,15242,Yes,7653,687,822785,46295,Personal Loan,218244,18,33182.45,High_Risk
59,Male,Single,Graduate,161509,Private,19,Small,Own,8910,1,4,10807,26988,4372,28302,15796,Yes,11676,644,139275,304139,Education,1216700,65,19130.3,High_Risk
30,Male,Married,High School,162927,Government,25,Large,Family,12170,3,4,10985,1933,6539,17641,10499,No,13342,788,762504,195590,Education,1206244,12,31436.3,Eligible
47,Female,Married,Graduate,96947,Government,8,Small,Own,23548,5,1,14419,24522,12521,19762,14780,No,8664,846,288902,399017,E-commerce Shopping,324831,16,500.0,Not_Eligible
49,Female,Single,Graduate,156919,Self-employed,5,Large,Family,15756,6,2,3786,19889,6181,7435,17161,Yes,16897,334,161389,19295,E-commerce Shopping,1315926,53,24434.899999999998,Not_Eligible
43,Female,Single,Graduate,149308,Government,19,Small,Rented,18615,5,3,10232,27234,14303,7302,13526,No,5461,466,245948,122761,E-commerce Shopping,504468,45,18422.25,Not_Eligible
29,Male,Single,Graduate,76897,Self-employed,1,Small,Family,14747,2,3,11304,19516,11900,14685,5508,Yes,26788,376,613604,197436,Vehicle,880783,70,500.0,Not_Eligible
35,Female,Married,Graduate,133636,Self-employed,25,Large,Rented,11864,2,4,8629,2979,10377,9282,14575,No,8491,676,60565,110143,Personal Loan,1130424,64,23603.649999999998,High_Risk
36,Male,Single,High School,28487,Self-employed,29,Large,Rented,22847,5,1,8720,1346,8253,12037,4475,No,7118,727,68892,370971,Personal Loan,994672,64,500.0,Not_Eligible
34,Male,Single,High School,92384,Self-employed,24,Medium,Rented,25316,2,1,8296,11992,6132,17719,2379,Yes,18885,606,163312,166297,Education,868846,34,582.75,Not_Eligible
32,Female,Single,Graduate,28155,Private,30,Small,Own,5695,2,0,14872,2636,12538,6852,9117,No,10878,547,860198,437084,E-commerce Shopping,1493092,25,500.0,Not_Eligible
48,Male,Single,Graduate,26255,Private,3,Small,Family,13637,4,1,12669,24620,5512,24205,8356,No,12094,593,491568,451418,Education,891858,36,500.0,Not_Eligible
52,Female,Single,Professional,135860,Government,24,Small,Family,13878,6,4,7260,346,2147,3673,19281,No,20345,472,590656,297651,E-commerce Shopping,375513,77,24125.5,Not_Eligible
60,Female,Single,High School,148051,Private,29,Small,Family,25380,6,4,9430,13001,14157,6520,3267,No,2528,329,215566,309705,Education,377562,21,25818.8,Not_Eligible
45,Male,Married,Post Graduate,140596,Government,17,Large,Rented,4512,5,2,12168,20177,4066,17180,6106,No,2122,462,727492,82819,Education,718757,25,25992.75,Not_Eligible
32,Female,Single,High School,167377,Government,6,Large,Own,7960,5,4,10456,16199,9807,14231,4334,No,18740,327,204950,129129,Vehicle,465056,46,29977.499999999996,Not_Eligible
33,Female,Married,Post Graduate,89543,Self-employed,26,Medium,Family,13169,2,2,6632,12934,4120,25730,4089,No,4171,724,828913,300181,Vehicle,910337,53,6544.299999999999,High_Risk
39,Female,Single,Professional,50094,Self-employed,10,Small,Family,4886,1,1,8342,10608,2026,5057,18501,Yes,12247,661,909968,420105,Education,1301112,42,500.0,Not_Eligible
42,Female,Single,Graduate,181170,Self-employed,4,Medium,Own,3771,4,0,13685,29029,14221,24579,9990,Yes,27010,472,979300,334723,E-commerce Shopping,1474283,58,20609.75,Not_Eligible
44,Male,Single,Professional,179842,Self-employed,7,Medium,Family,26302,1,3,1793,18926,4070,25249,4114,No,11538,603,277187,352902,Education,495075,74,30747.499999999996,High_Risk
30,Female,Married,Graduate,24734,Self-employed,10,Medium,Own,22407,2,4,6956,5000,9953,20121,2285,No,7468,625,130751,55486,E-commerce Shopping,849838,11,500.0,Not_Eligible
36,Female,Single,High School,54605,Self-employed,29,Medium,Own,5904,5,1,8822,8251,6842,15150,5006,No,27580,603,585567,21745,Home Appliances,1409692,16,500.0,Not_Eligible
26,Female,Single,Graduate,92932,Private,23,Medium,Family,13918,1,4,12709,18729,11822,9147,19828,No,2794,422,21782,380502,Personal Loan,841433,60,1394.75,Not_Eligible
31,Male,Single,Post Graduate,139109,Government,29,Large,Own,14425,6,2,12933,14394,13558,16972,15701,Yes,15414,379,466140,66754,Education,1256967,65,12499.199999999999,Not_Eligible
40,Female,Single,Post Graduate,42881,Government,29,Large,Own,15094,3,1,10159,15783,6669,29300,7583,No,28358,720,813535,172119,Home Appliances,423472,36,500.0,Not_Eligible
27,Male,Married,Professional,177249,Self-employed,19,Medium,Family,19896,1,3,8107,4326,8320,5653,11578,Yes,12747,692,402318,19822,Education,619128,67,37317.7,High_Risk
27,Female,Married,High School,55122,Private,28,Large,Rented,25674,5,2,206,19228,8484,12253,18501,Yes,26140,558,723871,210404,Vehicle,829219,34,500.0,Not_Eligible
51,Female,Married,Post Graduate,50297,Self-employed,19,Large,Family,27197,6,1,2822,3766,11197,28894,16581,No,22319,736,435648,223133,Personal Loan,1204159,10,500.0,Not_Eligible
57,Female,Married,Professional,126513,Private,14,Medium,Family,11997,2,3,9025,447,5822,10256,19717,Yes,10055,416,187591,180584,Education,379613,25,20717.899999999998,Not_Eligible
52,Male,Married,High School,51680,Private,23,Large,Rented,13578,1,2,11965,7793,9625,28405,11083,No,26174,467,202144,180339,Vehicle,58071,34,500.0,Not_Eligible
25,Male,Single,High School,98452,Government,2,Large,Own,27586,2,3,11933,2415,13809,14413,193,Yes,29332,828,993615,129867,Vehicle,1044569,40,500.0,Not_Eligible
32,Male,Single,Professional,66044,Government,6,Small,Family,27559,4,1,1500,4078,12108,9749,7640,Yes,26892,681,518441,383764,Home Appliances,46472,24,500.0,Not_Eligible
56,Male,Single,Post Graduate,190156,Private,23,Medium,Rented,24487,3,2,10827,12841,13154,14576,16515,No,3568,663,992618,150959,Vehicle,458690,29,32965.799999999996,High_Risk
28,Male,Married,Post Graduate,180261,Government,7,Small,Rented,28280,5,0,6707,5148,11729,8106,6518,Yes,14490,310,593341,240106,Home Appliances,1277405,63,34749.049999999996,Not_Eligible
54,Male,Single,Professional,159582,Private,10,Small,Family,11575,5,4,4321,3035,14097,21531,9285,Yes,1219,360,931805,389904,E-commerce Shopping,74638,54,33081.65,Not_Eligible
30,Female,Married,Post Graduate,105502,Private,9,Medium,Family,18228,2,0,8995,2324,2222,26810,766,No,23007,685,642430,293826,E-commerce Shopping,1048021,31,8102.499999999999,High_Risk
43,Male,Single,Professional,37152,Private,19,Small,Rented,3924,3,3,14114,23136,13723,20686,11960,Yes,26455,544,161449,325070,E-commerce Shopping,1053553,15,500.0,Not_Eligible
56,Female,Married,Post Graduate,99738,Government,8,Small,Family,27675,6,1,10049,21310,11456,6075,10985,Yes,3176,369,551715,374115,E-commerce Shopping,911246,39,3154.2,Not_Eligible
33,Male,Single,Post Graduate,172517,Self-employed,14,Large,Rented,15701,5,4,6833,28633,10725,9733,2418,No,1800,628,31368,180703,Education,812534,44,33835.9,High_Risk
36,Male,Single,Professional,147267,Government,25,Small,Family,29097,1,1,6249,24613,7183,7805,5988,Yes,5193,683,44674,245256,Home Appliances,1064501,47,21398.649999999998,High_Risk
35,Male,Single,Professional,119533,Self-employed,19,Medium,Rented,13170,5,3,3147,25806,5793,17661,13394,No,9290,468,555251,282023,E-commerce Shopping,463347,44,10945.199999999999,Not_Eligible
40,Female,Single,Post Graduate,40433,Government,23,Large,Family,21265,1,1,4611,5825,6608,13152,5557,No,9312,531,436140,423665,Vehicle,1406744,36,500.0,Not_Eligible
25,Male,Married,Professional,151377,Government,21,Large,Family,16918,5,2,1846,7819,9983,21084,5585,No,23792,393,832677,81279,Home Appliances,733691,36,22522.5,Not_Eligible
45,Male,Single,Post Graduate,63648,Self-employed,4,Large,Family,7577,1,2,12474,8480,8748,27070,11836,Yes,13702,758,152962,414933,Education,1266162,76,500.0,Not_Eligible
54,Female,Single,Graduate,57113,Private,14,Medium,Own,5730,4,3,8134,23502,14560,4024,11591,No,20106,818,218617,25571,E-commerce Shopping,580682,81,500.0,Not_Eligible
37,Female,Single,High School,118504,Self-employed,3,Medium,Family,8476,2,1,14867,21996,12348,28175,7113,Yes,23660,435,209696,20191,Home Appliances,289788,29,654.15,Not_Eligible
58,Female,Married,High School,145431,Private,4,Medium,Rented,7987,6,3,6418,7936,7547,20825,15579,Yes,20507,741,745082,151226,Personal Loan,992353,82,20521.199999999997,Eligible
28,Female,Single,Post Graduate,188714,Private,30,Small,Rented,10861,6,4,3719,29920,10244,26731,9005,Yes,11365,821,989251,311108,E-commerce Shopping,853920,44,30404.149999999998,Eligible
52,Male,Single,High School,48062,Government,28,Small,Own,28362,4,1,12226,6595,3084,29998,11440,No,27485,409,193545,320633,Home Appliances,336225,28,500.0,Not_Eligible
55,Female,Single,Post Graduate,86633,Government,14,Large,Own,25705,6,2,10778,14363,3554,19315,7546,No,12406,493,338723,470952,E-commerce Shopping,1254675,54,500.0,Not_Eligible
51,Male,Single,Professional,56604,Government,26,Large,Own,8695,1,0,6094,12989,12795,20029,4546,Yes,9799,449,920759,456687,Personal Loan,898825,29,500.0,Not_Eligible
29,Male,Single,Graduate,152750,Government,16,Medium,Family,4141,6,2,12935,15092,2681,10619,486,No,11290,525,593699,168643,Vehicle,1101084,53,33427.1,Not_Eligible
49,Female,Married,High School,47121,Government,22,Medium,Family,7936,2,1,2065,26957,11499,4991,9882,No,16533,622,192094,431023,Vehicle,1273562,70,500.0,Not_Eligible
27,Male,Married,High School,194575,Self-employed,7,Small,Rented,29839,3,1,4380,5492,4722,18791,8870,Yes,8873,559,58093,330428,Personal Loan,433210,63,39762.799999999996,Not_Eligible
57,Female,Married,Professional,140015,Self-employed,27,Small,Rented,25112,1,1,11171,14138,12518,25222,2261,No,29837,368,988575,76036,Home Appliances,399088,36,6914.599999999999,Not_Eligible
28,Male,Single,Graduate,101940,Self-employed,24,Medium,Family,24637,6,1,12162,6704,3036,22756,9299,No,19609,608,618624,65542,Education,624875,77,1307.9499999999998,Not_Eligible
49,Female,Married,Graduate,31494,Self-employed,28,Medium,Rented,22245,5,4,13301,23852,8103,7747,6170,Yes,15851,682,226410,260554,E-commerce Shopping,798743,5,500.0,Not_Eligible
44,Female,Single,Graduate,190257,Government,18,Small,Family,21585,5,0,11144,203,4157,4646,6963,Yes,25337,784,244303,373606,Education,1417722,27,40677.7,Eligible
58,Female,Single,Professional,155750,Self-employed,30,Large,Own,18767,3,2,4745,6522,12917,22525,2241,Yes,8374,482,655723,182149,E-commerce Shopping,1460387,27,27880.649999999998,Not_Eligible
50,Female,Single,High School,183704,Self-employed,8,Large,Family,24786,4,4,14055,21618,11873,26412,13873,No,7370,743,898585,210866,Education,276438,67,22300.949999999997,Eligible
29,Female,Single,High School,61235,Private,9,Small,Family,18831,1,3,8185,25619,11156,23703,556,No,13382,813,883355,409552,E-commerce Shopping,906316,78,500.0,Not_Eligible
59,Female,Married,Graduate,147720,Government,4,Small,Family,4804,5,1,6400,13295,11651,17559,11539,Yes,10422,694,744651,264219,Vehicle,130288,84,25217.5,High_Risk
52,Male,Married,Professional,96213,Self-employed,9,Large,Rented,26970,2,2,9434,18004,8555,21138,18039,No,8364,400,887695,201528,E-commerce Shopping,101314,39,500.0,Not_Eligible
53,Male,Married,Professional,31489,Self-employed,21,Small,Family,14315,3,3,10883,27535,8567,3750,17350,No,10781,440,814817,378686,E-commerce Shopping,480457,15,500.0,Not_Eligible
33,Male,Single,Professional,92281,Self-employed,0,Large,Family,19653,4,0,10159,18827,9613,3842,8483,No,26433,467,570303,324005,Personal Loan,1496719,84,500.0,Not_Eligible
30,Female,Married,Graduate,151890,Government,24,Large,Family,8568,4,2,2404,20220,1958,16859,675,No,24930,689,485828,492242,Personal Loan,830340,17,26696.6,High_Risk
43,Male,Married,Professional,123190,Self-employed,24,Small,Own,9377,2,4,255,19507,6452,22798,13444,No,18585,823,572846,408112,E-commerce Shopping,553478,8,11470.199999999999,Eligible
35,Female,Single,Graduate,139613,Private,21,Medium,Family,27855,6,3,10847,20115,14971,14620,19667,No,23128,786,61275,405995,E-commerce Shopping,855213,41,2943.5,Not_Eligible
26,Male,Married,Graduate,179221,Government,23,Medium,Family,23348,2,2,13585,3257,14764,27342,6035,Yes,10624,371,242841,411403,Home Appliances,1019506,15,28093.1,Not_Eligible
33,Male,Single,Graduate,173384,Private,3,Medium,Family,7062,6,4,6477,28332,11238,22894,16564,Yes,25308,628,989160,456364,Vehicle,308476,78,19428.149999999998,High_Risk
45,Female,Married,Post Graduate,183196,Government,20,Medium,Rented,19882,3,1,10028,29024,9786,21687,16744,Yes,9111,815,391874,445797,E-commerce Shopping,1279075,76,23426.899999999998,Eligible
48,Male,Married,Graduate,119222,Self-employed,4,Medium,Own,14379,2,2,7535,17521,14460,20889,18855,No,25910,464,831001,76498,E-commerce Shopping,1485172,28,500.0,Not_Eligible
58,Male,Married,Professional,16316,Government,22,Medium,Own,2847,5,1,6140,10753,3217,20811,14459,No,24421,331,75753,36320,Vehicle,50457,29,500.0,Not_Eligible
46,Male,Single,Post Graduate,75046,Government,6,Medium,Family,24042,4,3,6158,8737,10540,23238,4258,Yes,16192,484,290438,291116,Home Appliances,763944,24,500.0,Not_Eligible
27,Female,Married,High School,93643,Government,22,Small,Family,23830,6,3,178,12569,3829,16699,18239,No,13336,439,772186,36228,Personal Loan,1139951,82,1737.05,Not_Eligible
36,Male,Married,High School,112504,Private,4,Small,Rented,24467,2,3,7612,25248,1227,16340,9004,No,21601,586,301489,127040,Personal Loan,1206193,67,2451.75,Not_Eligible
52,Female,Married,Professional,130594,Government,19,Medium,Family,25362,1,1,7939,23721,8493,7071,492,No,29225,794,918972,482210,Vehicle,1009467,45,9901.849999999999,High_Risk
54,Male,Married,Professional,79042,Self-employed,7,Small,Rented,732,2,1,5522,25335,1004,14466,18213,No,5419,662,128936,430242,E-commerce Shopping,621806,45,2922.85,Not_Eligible
50,Male,Single,Professional,143295,Government,16,Large,Family,21447,6,4,4183,9536,1151,5374,470,Yes,27716,722,670876,159598,Personal Loan,1413355,67,25696.3,Eligible
45,Male,Single,Professional,169174,Government,0,Medium,Rented,28444,4,2,6237,519,11460,16365,17764,No,24936,539,936259,201838,E-commerce Shopping,1158505,13,22207.149999999998,Not_Eligible
52,Male,Married,Post Graduate,129430,Self-employed,21,Large,Own,7313,5,4,4940,8000,13444,8609,10394,No,22411,610,551445,477854,Education,951251,36,19011.649999999998,High_Risk
50,Female,Married,Professional,140782,Self-employed,17,Small,Family,23620,2,1,11658,20589,12521,23189,19016,No,15111,518,781992,197877,E-commerce Shopping,1430458,69,5277.299999999999,Not_Eligible
57,Male,Married,Graduate,178029,Private,11,Medium,Rented,19083,5,2,27,15241,4077,23319,3330,No,9065,694,900875,284451,Personal Loan,801879,79,36360.45,High_Risk
45,Female,Single,High School,158944,Self-employed,2,Large,Rented,12809,1,3,14321,28191,7433,16309,11493,No,9278,652,230706,401831,E-commerce Shopping,265745,60,20688.5,High_Risk
59,Female,Married,Professional,65094,Self-employed,19,Small,Family,2158,6,4,10936,29624,11517,20767,14435,Yes,17101,540,139273,248418,E-commerce Shopping,483201,13,500.0,Not_Eligible
58,Male,Married,Graduate,62719,Self-employed,13,Medium,Rented,28196,4,4,14410,12967,4971,14812,12513,No,23187,509,951737,219559,Home Appliances,258305,52,500.0,Not_Eligible
42,Male,Single,Professional,136103,Government,15,Medium,Family,20048,3,4,8245,26177,2004,22660,13341,Yes,10734,831,167270,461500,Home Appliances,1246122,74,11512.9,Eligible
35,Female,Single,Graduate,143826,Private,17,Large,Family,27231,4,1,8512,11806,14168,3279,3293,Yes,12711,395,282054,390667,E-commerce Shopping,978481,12,21989.1,Not_Eligible
47,Female,Single,Post Graduate,165765,Self-employed,9,Large,Rented,25654,6,2,3630,13246,8301,24558,1039,No,21320,656,197432,433398,Vehicle,426931,81,23805.949999999997,High_Risk
46,Male,Married,High School,65478,Self-employed,22,Large,Rented,24195,3,3,6903,6467,9002,23362,10181,No,15739,326,13301,316113,Vehicle,184023,10,500.0,Not_Eligible
41,Male,Single,High School,58677,Self-employed,14,Small,Rented,11486,3,1,11497,6071,4660,5270,2765,No,24830,593,198373,215771,Vehicle,250455,66,500.0,Not_Eligible
29,Male,Single,Post Graduate,156832,Government,9,Large,Own,28222,4,3,6773,14347,4518,13347,10455,Yes,12026,642,428231,212748,Vehicle,1294164,32,23500.399999999998,High_Risk
35,Male,Married,Graduate,26584,Government,0,Large,Family,24537,6,0,14083,1822,14270,9861,611,No,4356,653,176185,307613,Personal Loan,523127,38,500.0,Not_Eligible
54,Male,Single,Professional,17106,Private,18,Large,Family,4619,3,0,13541,18408,10186,20067,10775,Yes,23680,375,995601,148007,Vehicle,1280080,32,500.0,Not_Eligible
39,Female,Married,Graduate,159741,Private,1,Medium,Own,18577,6,3,5921,15382,7489,19985,12720,Yes,522,530,950395,82832,Personal Loan,908941,58,27700.75,Not_Eligible
51,Male,Married,High School,40223,Government,12,Large,Own,10503,5,0,12016,1184,10928,21427,6701,No,6019,679,884188,356424,Vehicle,148836,71,500.0,Not_Eligible
59,Male,Single,Post Graduate,50706,Self-employed,24,Large,Rented,20947,1,2,331,14599,10814,20916,4071,No,14757,341,556025,312678,E-commerce Shopping,420539,21,500.0,Not_Eligible
57,Female,Married,Post Graduate,173554,Self-employed,15,Small,Family,26160,2,2,1717,28349,3627,3960,13103,No,5648,714,593915,24981,Vehicle,864314,51,31846.499999999996,Eligible
44,Male,Single,Graduate,75369,Private,7,Small,Own,19390,6,1,11735,16763,11145,6077,19498,No,19011,532,571934,351799,E-commerce Shopping,406361,79,500.0,Not_Eligible
40,Male,Single,Graduate,180215,Self-employed,2,Large,Own,20428,6,3,316,18511,5708,3506,17974,Yes,8607,824,775596,219965,E-commerce Shopping,679121,64,36807.75,Eligible
58,Female,Single,Post Graduate,170312,Government,20,Small,Family,1210,3,1,6244,25870,7087,13014,7585,Yes,19460,847,342479,377400,Home Appliances,1294372,63,31444.699999999997,Eligible
26,Male,Married,High School,25015,Private,18,Small,Family,11606,6,2,14583,14760,7817,28770,18752,Yes,917,374,211985,475790,Education,465100,27,500.0,Not_Eligible
59,Female,Single,Professional,97164,Government,13,Small,Family,18370,6,2,3551,8807,7456,28450,13979,Yes,8397,603,823584,116060,Education,231324,80,2853.8999999999996,Not_Eligible
52,Male,Married,Professional,66500,Government,10,Medium,Rented,3170,3,2,6098,435,12684,21699,12228,Yes,22996,549,630952,173431,E-commerce Shopping,1049467,13,500.0,Not_Eligible
30,Male,Married,Graduate,78925,Self-employed,28,Large,Own,27302,4,4,11100,5017,2925,15480,18234,No,10321,703,638360,83509,Education,379521,32,500.0,Not_Eligible
33,Male,Married,Post Graduate,105979,Government,11,Large,Rented,23857,6,0,2917,19533,6702,5803,6893,Yes,9282,830,112378,490127,Education,609541,73,10847.199999999999,Eligible
44,Female,Single,Post Graduate,111355,Government,10,Large,Family,18132,5,1,7792,1547,9364,8299,16828,No,21236,777,361528,141011,Vehicle,550664,68,9854.949999999999,High_Risk
25,Female,Married,Post Graduate,195703,Self-employed,27,Small,Family,15558,2,1,12508,21274,10384,13309,1854,Yes,24842,689,554609,266200,Education,158507,37,33590.9,High_Risk
32,Female,Married,High School,197159,Government,10,Small,Own,17141,6,2,9554,25710,10318,19092,18073,Yes,13038,508,150649,452327,Education,217953,45,29481.55,Not_Eligible
47,Female,Single,Graduate,69909,Self-employed,21,Small,Rented,25753,3,4,8339,8643,1227,8149,17100,Yes,26342,765,404901,192919,Education,277369,69,500.0,Not_Eligible
27,Male,Single,Graduate,26565,Government,20,Medium,Rented,918,5,1,14210,15773,8300,22574,5387,No,9955,701,301512,324175,Home Appliances,581009,53,500.0,Not_Eligible
28,Female,Married,Graduate,42597,Self-employed,26,Small,Rented,25695,2,1,7463,4355,4643,23172,9160,Yes,4570,503,647429,486258,Education,646114,48,500.0,Not_Eligible
49,Female,Married,High School,80623,Self-employed,17,Medium,Family,8897,4,4,9924,15157,11178,3733,4101,Yes,26085,597,408536,158415,Vehicle,400137,64,541.8,Not_Eligible
39,Female,Single,Graduate,155504,Private,29,Large,Own,22438,6,2,7574,15710,4728,7555,2595,Yes,16536,555,133795,196473,Personal Loan,1194941,64,27428.8,Not_Eligible
45,Male,Married,Professional,89300,Government,9,Small,Rented,21313,3,4,2628,24481,10426,4661,8829,Yes,16937,355,402324,431512,Home Appliances,364520,34,500.0,Not_Eligible
59,Male,Married,Graduate,106837,Government,15,Medium,Family,11622,4,0,4573,23235,6228,7553,2618,Yes,4582,558,576064,144510,Vehicle,596578,19,16249.099999999999,Not_Eligible
38,Female,Married,Graduate,64314,Private,7,Medium,Family,2861,6,1,14111,29879,12958,7662,3551,Yes,7970,794,660803,205741,E-commerce Shopping,1366264,53,500.0,Not_Eligible
60,Female,Married,Graduate,56965,Self-employed,5,Small,Rented,20878,4,0,8048,27281,5616,23518,16503,Yes,7758,765,95249,323439,Vehicle,1019976,30,500.0,Not_Eligible
36,Male,Single,High School,112449,Self-employed,29,Medium,Own,1807,3,1,12210,22702,4715,3969,5059,Yes,10810,342,550984,26496,Personal Loan,1196451,53,17911.949999999997,Not_Eligible
41,Female,Married,Professional,82957,Private,30,Small,Own,25975,5,0,1209,711,5521,3261,9039,Yes,27252,711,807131,27057,Home Appliances,1073929,21,3496.1499999999996,Not_Eligible
33,Female,Single,Professional,189787,Private,18,Medium,Rented,2649,5,1,169,22203,3121,23663,17258,Yes,15096,436,236814,291962,Personal Loan,352789,59,36969.799999999996,Not_Eligible
59,Female,Married,Post Graduate,199522,Self-employed,12,Large,Family,4423,4,2,14114,11881,8263,23999,19378,No,23599,639,390854,85169,E-commerce Shopping,1365537,77,32852.75,High_Risk
37,Female,Single,Post Graduate,43317,Self-employed,14,Large,Family,17679,4,3,9759,26554,8296,18208,14681,Yes,11988,573,194919,319392,E-commerce Shopping,1147328,9,500.0,Not_Eligible
39,Male,Married,Professional,134191,Private,12,Large,Rented,9812,6,4,14773,21889,1342,6599,5984,Yes,12034,644,807329,20208,E-commerce Shopping,883425,10,21615.3,High_Risk
42,Male,Single,Graduate,81753,Government,0,Small,Family,2442,1,1,4396,28536,13658,23343,10056,No,23575,320,299124,492659,Vehicle,22179,32,500.0,Not_Eligible
57,Male,Married,Graduate,50242,Self-employed,20,Large,Family,7639,2,4,3435,7439,7544,19769,1320,Yes,1398,453,248316,330566,Vehicle,1243057,9,594.3,Not_Eligible
30,Female,Single,Graduate,147001,Private,27,Large,Rented,2595,6,1,1877,28373,12123,17911,9930,Yes,9963,834,910670,149221,Education,1083440,60,22480.149999999998,Eligible
51,Female,Married,High School,121262,Government,26,Large,Family,21521,4,3,4052,14521,5317,15540,4020,No,23236,800,198061,387564,E-commerce Shopping,685442,29,11569.25,Eligible
47,Male,Married,Graduate,114806,Government,1,Small,Rented,13206,4,2,3035,27275,13927,4034,2675,No,3428,480,249021,234331,Personal Loan,1424070,42,16529.1,Not_Eligible
51,Male,Single,High School,113724,Government,12,Medium,Rented,12364,2,2,3248,6020,14823,20923,16351,No,25632,806,215476,231398,E-commerce Shopping,1357474,38,5027.049999999999,High_Risk
58,Male,Single,Professional,28580,Government,1,Small,Rented,17456,3,4,3873,8358,10550,16954,19045,No,24023,783,218479,269979,Home Appliances,287550,21,500.0,Not_Eligible
38,Female,Single,Graduate,119134,Private,24,Small,Family,4075,5,3,10383,6286,11613,4806,9563,No,25413,302,103671,402591,Vehicle,291264,58,16448.25,Not_Eligible
60,Male,Single,Graduate,110967,Self-employed,10,Large,Rented,9641,3,4,8714,4588,14318,15355,14263,Yes,14510,653,737857,125527,E-commerce Shopping,442066,72,10352.3,High_Risk
32,Female,Single,Post Graduate,35742,Government,12,Medium,Family,20326,2,2,3552,18503,5832,17160,16658,Yes,2612,457,661552,216583,Education,501730,82,500.0,Not_Eligible
59,Female,Married,Professional,32833,Government,30,Large,Rented,1771,2,0,5605,7511,14700,21440,10869,Yes,27308,837,549940,31531,E-commerce Shopping,989412,26,500.0,Not_Eligible
43,Male,Single,Graduate,111421,Private,9,Large,Own,22059,1,4,2706,27122,14427,4600,19520,Yes,25542,764,956514,430175,Education,950318,26,500.0,Not_Eligible
54,Male,Single,High School,86347,Government,22,Small,Family,17401,6,1,2532,22674,4174,23071,68,Yes,17905,473,389417,373787,Vehicle,1481760,32,500.0,Not_Eligible
38,Female,Married,Professional,89155,Private,21,Small,Family,3692,6,2,821,24052,9929,7790,19158,No,27346,797,914899,447611,Vehicle,279309,41,500.0,Not_Eligible
44,Male,Single,Post Graduate,104791,Private,14,Small,Family,28800,6,1,3508,5457,13852,16484,4404,Yes,3796,715,725587,357231,Education,414404,47,9971.5,High_Risk
49,Male,Single,Professional,159599,Self-employed,28,Large,Own,25094,6,3,194,1108,9054,20184,18578,Yes,13509,539,651457,171714,Home Appliances,374978,51,25157.3,Not_Eligible
48,Female,Single,High School,129527,Government,0,Medium,Rented,18735,1,2,465,18224,2026,5069,8769,No,7975,501,858582,52870,Vehicle,1337511,37,23892.399999999998,Not_Eligible
38,Female,Married,Post Graduate,56057,Self-employed,30,Medium,Own,9327,5,2,3025,11130,6949,10209,4271,Yes,25597,621,665691,123903,Education,28660,22,500.0,Not_Eligible
50,Female,Single,High School,59261,Private,13,Large,Rented,19156,6,4,11339,19238,5639,14467,14913,No,7170,437,983057,431237,Vehicle,82936,38,500.0,Not_Eligible
47,Female,Married,Professional,146114,Government,9,Medium,Rented,911,4,4,8145,19598,2103,14786,10440,Yes,19504,403,986752,2524,E-commerce Shopping,1196401,77,24719.449999999997,Not_Eligible
46,Female,Married,Post Graduate,37769,Private,17,Large,Rented,9007,2,1,2537,25466,3683,20869,15377,Yes,19469,619,889973,244268,Personal Loan,1386019,21,500.0,Not_Eligible
43,Male,Single,High School,37449,Private,10,Medium,Rented,17357,1,4,99,9526,5944,23557,19791,No,24444,701,463621,378893,Home Appliances,1069888,42,500.0,Not_Eligible
27,Female,Married,Professional,184725,Private,6,Large,Rented,10154,3,0,8307,19824,7964,25631,14118,No,15763,419,319969,67756,Personal Loan,965817,24,29037.399999999998,Not_Eligible
43,Female,Single,High School,174931,Government,14,Medium,Own,27442,6,2,12667,5826,9587,25506,11390,No,28365,368,548632,308922,Home Appliances,1476763,67,18951.8,Not_Eligible
33,Female,Single,Graduate,154648,Private,2,Small,Family,26986,1,3,5714,1719,12131,19008,6856,Yes,11457,361,229969,369575,E-commerce Shopping,363851,25,24771.949999999997,Not_Eligible
52,Male,Single,Professional,191946,Private,1,Small,Own,13377,3,2,11063,2860,13676,24198,15851,Yes,11032,420,579780,376402,Education,826417,26,34961.149999999994,Not_Eligible
44,Female,Single,Post Graduate,51345,Government,21,Small,Family,19486,1,1,10302,9162,12523,16050,5758,No,10152,815,306687,240301,Education,544972,41,500.0,Not_Eligible
31,Female,Single,Post Graduate,132926,Self-employed,7,Small,Family,23846,3,4,6275,11704,14623,17048,9366,No,16630,704,928658,352570,Education,1427716,40,11701.9,Eligible
38,Female,Married,Graduate,139576,Private,30,Large,Family,1800,1,2,9463,66,8503,11530,1184,No,28222,669,163096,225112,E-commerce Shopping,1183314,49,27582.8,High_Risk
33,Male,Married,High School,84428,Self-employed,7,Medium,Own,17192,1,4,14730,24285,8377,10966,16613,Yes,25007,400,707666,464676,Personal Loan,591389,9,500.0,Not_Eligible
43,Female,Married,High School,19321,Self-employed,10,Large,Rented,21822,6,1,2690,20229,10726,11465,7098,Yes,16950,531,501131,283729,Vehicle,540026,46,500.0,Not_Eligible
38,Female,Married,Post Graduate,20776,Self-employed,15,Small,Rented,5133,5,4,1434,25413,9236,10051,10137,No,25056,471,866016,153539,Education,436213,75,500.0,Not_Eligible
60,Female,Single,High School,31119,Self-employed,1,Medium,Family,8761,4,3,1902,17310,2979,27231,9037,Yes,12545,518,795243,186358,Vehicle,10245,43,500.0,Not_Eligible
41,Male,Single,Professional,176641,Self-employed,21,Large,Rented,969,2,1,3023,3605,2864,23345,3788,Yes,25110,631,715836,421440,Personal Loan,143928,44,39877.95,High_Risk
54,Male,Married,Professional,145078,Self-employed,27,Small,Rented,4079,4,2,13739,16724,10999,29468,13781,No,22635,547,961846,97632,Vehicle,639737,76,11778.55,Not_Eligible
33,Male,Single,Post Graduate,184668,Government,4,Medium,Own,18263,5,2,7057,20133,11466,23140,8618,Yes,20655,461,382566,22427,Vehicle,1328507,81,26367.6,Not_Eligible
57,Male,Married,Professional,67967,Government,6,Medium,Rented,15601,6,3,6813,16485,5444,7528,5935,No,468,791,910628,377896,Vehicle,641852,50,3392.5499999999997,Not_Eligible
49,Female,Married,Post Graduate,179135,Self-employed,19,Small,Rented,14688,3,0,10967,11577,11352,11064,11345,No,3958,606,552358,137042,E-commerce Shopping,1210201,74,36464.399999999994,High_Risk
38,Female,Married,High School,168412,Government,27,Small,Own,3319,4,4,6062,24517,4101,26137,9619,No,18958,715,425168,199776,Personal Loan,27510,24,26494.649999999998,Eligible
35,Male,Married,High School,90723,Government,12,Medium,Rented,4705,2,2,2593,16284,11515,13630,1954,No,13106,449,282039,404238,Vehicle,543595,65,9427.599999999999,Not_Eligible
59,Male,Single,High School,127620,Self-employed,1,Small,Family,6611,6,3,6518,13239,4433,13113,1056,Yes,4247,318,790591,480492,Education,181765,59,27441.05,Not_Eligible
38,Female,Single,Graduate,152740,Self-employed,25,Large,Own,15259,2,4,4939,1133,14013,25392,13037,Yes,21779,319,507720,264534,Education,35836,84,20015.8,Not_Eligible
54,Female,Married,Post Graduate,95880,Private,2,Small,Rented,387,3,1,4393,21386,12699,4283,2640,Yes,13111,655,326666,119772,Personal Loan,753005,58,12943.349999999999,High_Risk
28,Male,Married,Professional,23195,Government,8,Small,Rented,13985,2,3,7139,13743,9995,7091,2914,No,23589,313,613003,452262,E-commerce Shopping,915299,36,500.0,Not_Eligible
28,Male,Married,High School,117658,Self-employed,9,Small,Own,8067,5,1,12583,26965,3069,5221,19915,No,10520,600,950426,491981,Vehicle,624931,25,10961.3,High_Risk
52,Male,Married,Graduate,72995,Government,23,Medium,Family,13046,4,1,11790,17211,13672,12939,513,Yes,1621,602,334640,388061,E-commerce Shopping,1481326,30,771.05,Not_Eligible
32,Male,Married,Professional,145112,Government,12,Medium,Own,22341,2,1,12402,29874,6140,14458,4427,No,19379,538,366109,233665,Personal Loan,515439,43,12631.849999999999,Not_Eligible
26,Female,Single,Professional,53250,Government,24,Small,Family,2489,4,4,12239,10918,14999,10121,15961,No,18354,330,148730,477516,Home Appliances,648958,12,500.0,Not_Eligible
46,Male,Married,Professional,162148,Private,20,Medium,Own,23893,1,0,14828,26757,9682,22896,532,No,8622,399,218447,144359,Education,25219,54,19228.3,Not_Eligible
40,Male,Married,High School,30376,Self-employed,12,Small,Rented,8707,4,1,7224,5149,14778,9415,14619,No,12285,762,725920,285979,Vehicle,90645,58,500.0,Not_Eligible
53,Female,Single,Professional,79723,Government,4,Large,Own,22321,3,2,2926,23402,2479,15595,3926,Yes,28239,706,71553,482718,Vehicle,230320,25,500.0,Not_Eligible
54,Female,Single,Post Graduate,58442,Self-employed,22,Medium,Own,20228,5,4,11405,15832,12127,25152,12591,No,4415,394,571659,152203,Personal Loan,188183,12,500.0,Not_Eligible
36,Female,Single,Graduate,20392,Government,6,Small,Family,2890,6,4,6862,5091,2703,5642,2911,No,27818,408,868212,329996,Personal Loan,1361564,67,500.0,Not_Eligible
59,Female,Single,Professional,173178,Self-employed,16,Medium,Own,12332,2,1,14987,16768,5316,27453,19652,No,2118,458,79036,61954,E-commerce Shopping,1193266,31,26093.199999999997,Not_Eligible
35,Female,Single,Professional,39809,Self-employed,27,Large,Family,1442,6,2,10858,25173,12857,3555,1277,No,17495,346,703546,80446,Education,1453932,48,500.0,Not_Eligible
45,Male,Single,Post Graduate,130095,Self-employed,14,Large,Own,722,5,3,6004,8,11204,5254,17250,No,28641,655,613461,232818,E-commerce Shopping,481969,43,21354.199999999997,High_Risk
45,Male,Single,Professional,146765,Government,29,Small,Rented,8947,4,4,1826,28807,5686,4140,7929,No,28728,829,889740,277567,Personal Loan,736666,71,21245.699999999997,Eligible
29,Male,Single,High School,114473,Private,4,Medium,Own,2250,2,1,6552,17697,6617,17213,16107,No,2214,501,843961,482635,Education,1085493,46,16038.05,Not_Eligible
44,Female,Single,High School,109769,Self-employed,23,Large,Rented,18292,5,1,1025,13263,5908,25532,12662,Yes,4726,562,525369,425812,Personal Loan,143852,31,9926.349999999999,Not_Eligible
27,Male,Married,High School,89710,Private,6,Medium,Family,2586,3,0,785,978,4230,14996,15682,No,17180,849,177346,183421,E-commerce Shopping,122044,52,11645.55,Eligible
57,Female,Single,Professional,26352,Self-employed,26,Small,Family,8577,1,0,12322,20107,9334,17253,5800,No,3307,327,824036,30529,E-commerce Shopping,817509,22,500.0,Not_Eligible
33,Male,Married,Graduate,198268,Private,1,Large,Family,22510,1,3,1800,18474,2849,27346,5143,Yes,2969,317,38684,247473,E-commerce Shopping,1464521,65,41011.95,Not_Eligible
33,Male,Married,Graduate,151064,Self-employed,29,Large,Family,6773,3,3,14730,11368,5020,8745,2156,No,9613,308,876246,496847,Home Appliances,356741,10,32430.649999999998,Not_Eligible
28,Female,Married,Professional,68076,Private,23,Medium,Own,11207,6,3,11481,26423,9236,21169,10449,No,22847,827,88606,25951,E-commerce Shopping,753073,67,500.0,Not_Eligible
59,Female,Married,Graduate,38354,Self-employed,17,Large,Own,15073,1,3,5186,19486,1450,18660,9625,No,5934,617,514520,294856,Vehicle,1145213,46,500.0,Not_Eligible
41,Male,Married,Graduate,149384,Self-employed,9,Small,Own,12647,3,1,7236,20137,2259,10592,2049,Yes,4627,339,183306,252405,E-commerce Shopping,508506,18,31442.949999999997,Not_Eligible
58,Male,Married,Professional,60833,Private,0,Small,Rented,8190,4,1,8552,3744,10195,25515,10013,Yes,20486,772,165992,302736,Personal Loan,129899,71,500.0,Not_Eligible
48,Male,Married,High School,19318,Self-employed,26,Large,Own,4087,6,1,6601,6930,5777,28689,10982,No,26321,393,320383,322680,E-commerce Shopping,1040518,52,500.0,Not_Eligible
56,Male,Married,Professional,127363,Government,26,Small,Rented,26067,6,2,12581,1788,8392,6099,19197,No,28650,357,564409,403511,Personal Loan,1430999,15,8606.15,Not_Eligible
25,Male,Single,High School,114992,Self-employed,13,Large,Rented,5078,3,3,3397,17626,8575,22999,17518,Yes,10697,649,357565,22641,Personal Loan,369063,67,10185.699999999999,High_Risk
32,Female,Married,High School,81003,Self-employed,26,Large,Own,8142,1,2,1226,10199,14605,4240,7753,No,24813,574,192482,213714,Education,1317209,74,3508.75,Not_Eligible
47,Female,Married,Graduate,173264,Government,18,Large,Rented,26543,4,4,2640,8304,8986,27646,14547,No,24413,838,705303,346630,Home Appliances,10462,3,21064.75,Eligible
36,Female,Married,Graduate,122841,Government,15,Large,Family,12492,6,4,5050,15067,12543,10931,1976,No,2498,585,722061,281507,Personal Loan,224334,22,21799.399999999998,Not_Eligible
36,Female,Married,High School,115726,Government,18,Medium,Own,19702,3,1,3649,3766,2996,15317,15989,Yes,15231,344,143024,23847,Personal Loan,1027318,27,13676.599999999999,Not_Eligible
39,Male,Single,High School,104199,Private,5,Large,Own,3038,3,4,14632,19715,12866,18615,9448,Yes,5233,714,394557,240896,Vehicle,912036,31,7228.2,High_Risk
43,Male,Married,Graduate,134195,Government,11,Small,Rented,9264,6,1,5911,6155,12680,22252,3013,No,12779,335,9617,132265,E-commerce Shopping,1479667,69,21749.35,Not_Eligible
50,Female,Single,Post Graduate,183561,Private,2,Medium,Own,29037,6,3,13233,11734,5888,15958,4983,No,8640,605,434173,20643,Home Appliances,925185,20,32930.799999999996,High_Risk
53,Male,Single,High School,122507,Government,6,Small,Own,26876,4,2,12548,1363,12845,16707,12498,Yes,19613,337,510274,56176,Home Appliances,610879,84,7019.95,Not_Eligible
46,Female,Married,High School,186381,Private,23,Large,Rented,14413,6,1,5637,11111,8136,20928,18753,No,9196,538,242136,38694,Education,1263110,59,34372.45,Not_Eligible
45,Male,Married,High School,123173,Government,2,Small,Own,768,2,0,3203,28571,12224,24473,16590,No,8001,758,200942,446328,Personal Loan,713884,55,10270.05,Eligible
44,Male,Single,Graduate,43273,Government,24,Medium,Own,27255,1,0,9992,10485,2494,21754,14993,Yes,21902,466,84021,235648,Personal Loan,841489,72,500.0,Not_Eligible
53,Male,Married,Professional,193625,Self-employed,16,Small,Own,9178,6,3,11588,15609,10264,27484,4160,Yes,17022,512,454997,348911,Vehicle,1473918,64,34412.0,Not_Eligible
28,Female,Married,High School,44473,Government,14,Medium,Rented,29088,2,2,7235,6652,13304,29993,17406,No,10442,665,375059,38615,Home Appliances,1373354,54,500.0,Not_Eligible
31,Female,Single,High School,76410,Self-employed,18,Large,Own,11298,4,1,7293,3375,13436,28755,14211,No,7903,620,341101,389310,E-commerce Shopping,1468950,80,500.0,Not_Eligible
52,Female,Single,High School,143536,Government,27,Large,Own,5557,4,3,9608,12151,2578,16293,2524,No,19013,604,797732,355913,Education,725880,28,26534.199999999997,High_Risk
52,Female,Married,Professional,159751,Government,18,Small,Own,10551,5,2,12689,16251,2235,25741,16355,No,15813,481,890069,133962,Education,1387497,73,21040.6,Not_Eligible
28,Male,Married,Professional,107981,Self-employed,22,Small,Family,21646,5,0,7850,5632,10931,4106,14330,Yes,11099,382,69199,94053,Education,1047277,13,11335.449999999999,Not_Eligible
46,Male,Married,High School,60310,Self-employed,10,Large,Own,16580,4,1,8527,3432,10207,13644,9656,No,28791,403,587960,182101,Education,364578,23,500.0,Not_Eligible
36,Male,Single,High School,98406,Private,26,Large,Rented,27620,5,2,11201,16074,14004,24092,15078,No,24504,476,609903,408375,Home Appliances,207543,71,500.0,Not_Eligible
27,Male,Married,Post Graduate,127765,Self-employed,20,Small,Family,18691,3,4,14364,5438,7993,10177,4388,No,4760,581,601944,14750,Personal Loan,740425,33,21683.899999999998,Not_Eligible
46,Female,Single,Professional,40992,Private,19,Large,Rented,1389,2,1,7855,14942,12157,25351,6380,No,1558,665,865458,146688,Home Appliances,514217,47,500.0,Not_Eligible
26,Male,Single,Post Graduate,44433,Government,1,Medium,Own,6739,4,4,5938,15653,2559,14543,18225,Yes,13231,779,360942,496168,E-commerce Shopping,947417,66,500.0,Not_Eligible
48,Male,Married,High School,40933,Self-employed,6,Medium,Own,21695,3,3,1961,23036,10760,19664,5845,No,10863,535,954590,258309,Education,866867,29,500.0,Not_Eligible
58,Male,Single,High School,191092,Self-employed,18,Small,Own,19942,1,2,6947,7688,11178,12907,8036,No,24201,744,389518,345010,Home Appliances,256059,36,35067.549999999996,Eligible
51,Female,Married,High School,175308,Government,6,Small,Family,10773,1,2,843,5893,8888,12305,6565,Yes,2960,628,381459,450751,E-commerce Shopping,388876,52,44478.35,High_Risk
25,Female,Married,High School,155842,Government,9,Large,Own,10263,5,2,9832,17733,10702,13368,4525,Yes,2227,366,945751,171244,Vehicle,284239,71,30517.199999999997,Not_Eligible
32,Female,Single,Graduate,84285,Government,11,Large,Rented,19374,5,2,4140,29948,5575,7404,9711,No,29302,747,744340,61136,Education,229162,28,500.0,Not_Eligible
47,Male,Married,Graduate,125121,Government,22,Medium,Family,13386,3,1,1124,307,4856,13179,4388,Yes,12929,587,411204,260173,Personal Loan,1081751,50,26233.199999999997,Not_Eligible
30,Female,Single,Graduate,137747,Self-employed,26,Small,Rented,22381,1,4,13537,9538,10903,6021,2842,Yes,17336,487,775430,160095,Personal Loan,160142,54,19316.149999999998,Not_Eligible
46,Male,Single,Post Graduate,181343,Government,17,Small,Rented,9861,6,4,6562,13919,5139,22454,9472,Yes,9727,704,492598,385022,Personal Loan,664344,80,36473.149999999994,Eligible
49,Male,Married,Professional,126682,Government,22,Small,Rented,15258,4,3,4711,25442,8832,12720,5532,Yes,492,661,474394,375187,E-commerce Shopping,860401,7,18793.25,High_Risk
42,Male,Married,High School,38439,Self-employed,5,Small,Rented,25993,6,3,10501,23439,4527,14031,4476,No,18000,454,886282,409460,Home Appliances,901316,14,500.0,Not_Eligible
41,Female,Married,Professional,110826,Private,25,Medium,Rented,27302,2,2,764,7809,14162,15570,16608,Yes,7880,407,814834,294659,Education,573343,15,7255.849999999999,Not_Eligible
36,Female,Married,Graduate,157173,Self-employed,19,Medium,Own,15817,5,0,9892,5736,7498,4130,14108,Yes,19374,301,973311,453370,Education,1227225,18,28216.3,Not_Eligible
30,Male,Single,High School,107776,Private,26,Small,Rented,6253,3,0,10531,12998,6819,25682,5413,No,3398,342,937295,492590,Education,1033383,53,12838.699999999999,Not_Eligible
50,Male,Single,High School,134070,Government,20,Medium,Rented,6233,6,2,11919,29986,4868,11023,14855,Yes,10636,428,280111,111509,Education,1492057,56,15592.499999999998,Not_Eligible
51,Female,Single,Post Graduate,190989,Self-employed,27,Small,Own,12324,5,4,5575,8055,14323,10616,8798,No,15945,475,111763,350556,Vehicle,552893,70,40373.549999999996,Not_Eligible
32,Female,Married,Professional,107345,Government,7,Medium,Family,27445,3,3,7403,24093,5451,14596,15012,Yes,19967,389,392742,265001,Education,95916,15,500.0,Not_Eligible
43,Female,Single,Post Graduate,127923,Self-employed,4,Large,Own,29664,1,1,4629,8109,8304,9739,12730,No,25365,551,979719,249292,Vehicle,1250792,20,10284.05,Not_Eligible
25,Male,Single,Graduate,98459,Private,2,Medium,Family,26162,5,0,9284,13916,13761,19291,2655,Yes,13979,394,120362,201678,Home Appliances,1181688,78,500.0,Not_Eligible
53,Male,Married,Professional,187268,Self-employed,1,Small,Rented,4667,6,3,1604,9704,12861,26627,5401,No,6065,780,148699,387874,Personal Loan,265773,21,42118.649999999994,Eligible
59,Male,Married,Graduate,169641,Government,21,Large,Own,20786,3,0,9461,15296,12836,25468,13231,Yes,25705,644,846537,360600,Vehicle,961730,83,16400.3,High_Risk
38,Female,Married,Post Graduate,134598,Self-employed,5,Small,Family,22589,3,4,12862,2283,9094,10504,15472,No,28539,674,186274,231026,Personal Loan,95714,44,11639.25,High_Risk
59,Female,Single,Post Graduate,187959,Government,6,Large,Family,28976,6,4,12524,7552,11352,4929,12554,No,15857,355,516234,479106,Personal Loan,372013,73,32975.25,Not_Eligible
44,Female,Married,High School,166965,Self-employed,7,Large,Own,10418,5,2,11594,12216,6739,26511,11798,Yes,2381,358,103095,361778,E-commerce Shopping,406577,23,29857.8,Not_Eligible
37,Male,Single,Professional,102971,Private,3,Medium,Own,16111,2,2,6506,24518,10693,15508,2977,No,29330,699,568092,309515,Vehicle,1049347,55,500.0,Not_Eligible
32,Male,Single,Professional,138299,Self-employed,11,Medium,Own,14055,4,0,530,20162,1814,28268,800,No,25973,389,707322,193447,Education,938018,3,16343.949999999999,Not_Eligible
44,Female,Single,High School,178471,Self-employed,23,Large,Own,28312,1,0,2790,21759,8584,13637,18896,Yes,28122,353,900539,357663,E-commerce Shopping,171179,16,19729.85,Not_Eligible
57,Male,Single,Professional,40236,Self-employed,11,Large,Own,9123,6,3,10704,25443,14378,20097,992,No,2499,508,752654,26929,Education,849685,5,500.0,Not_Eligible
50,Female,Single,Graduate,129679,Self-employed,16,Large,Rented,6988,6,2,1252,1382,5065,14036,14843,Yes,4279,345,131258,158787,Personal Loan,529312,11,28641.899999999998,Not_Eligible
45,Male,Married,Graduate,195603,Private,21,Small,Rented,13755,5,4,3941,19998,12517,7725,6256,No,27735,417,883048,491804,E-commerce Shopping,1053556,13,36286.6,Not_Eligible
33,Female,Single,Post Graduate,95570,Government,21,Medium,Own,9734,5,3,5628,26648,13688,9544,7484,Yes,6847,516,44724,150046,Education,706922,25,5598.95,Not_Eligible
48,Male,Married,Graduate,111621,Self-employed,18,Small,Own,15936,2,3,10621,27438,2323,29305,15883,Yes,29252,453,361141,202207,Education,788090,32,500.0,Not_Eligible
41,Male,Single,Professional,24442,Self-employed,8,Medium,Rented,1992,1,1,12414,23479,9196,21211,16105,No,22867,811,827048,28695,Home Appliances,581555,49,500.0,Not_Eligible
48,Female,Single,High School,71437,Self-employed,11,Small,Family,11898,5,4,8849,9175,12709,29097,2025,Yes,29589,829,348843,437258,E-commerce Shopping,1213712,7,500.0,Not_Eligible
45,Female,Married,Post Graduate,93179,Private,27,Medium,Rented,4059,2,3,10056,17408,10450,27167,18158,Yes,29293,604,726936,399998,E-commerce Shopping,1299359,32,500.0,Not_Eligible
37,Female,Single,High School,181141,Government,20,Large,Own,23587,6,1,5233,26981,3034,9317,4777,No,14207,492,856333,421149,Personal Loan,826174,70,32901.75,Not_Eligible
35,Female,Single,Post Graduate,184632,Government,30,Large,Family,6893,4,2,6386,24693,7590,27876,11218,No,22375,457,968187,289776,Personal Loan,730918,31,27160.35,Not_Eligible
43,Female,Married,Post Graduate,188499,Self-employed,16,Medium,Own,11741,3,4,9360,2526,6966,7092,3256,Yes,12459,452,639772,480018,E-commerce Shopping,1303023,47,47284.649999999994,Not_Eligible
35,Male,Married,High School,140608,Self-employed,22,Large,Family,19528,4,2,10792,15012,1199,9246,18566,Yes,10617,334,394925,233123,Home Appliances,120013,9,19476.8,Not_Eligible
37,Female,Single,Graduate,79557,Government,9,Large,Own,15389,4,1,5792,22986,2705,26715,693,No,26800,406,937912,209669,Home Appliances,1033979,18,500.0,Not_Eligible
25,Female,Single,Graduate,87752,Self-employed,30,Small,Rented,23266,4,4,2486,26736,13133,20412,9875,No,4706,637,79812,317569,Personal Loan,1246052,74,500.0,Not_Eligible
43,Female,Single,Graduate,63534,Self-employed,29,Medium,Own,23854,4,0,10647,25794,4931,6918,12099,No,10275,713,213185,37606,Vehicle,69735,43,500.0,Not_Eligible
36,Male,Married,Graduate,119303,Self-employed,18,Large,Rented,15706,3,0,14924,24203,3068,17152,19330,Yes,17860,569,483191,333586,Education,1419602,63,2471.0,Not_Eligible
32,Female,Single,High School,174002,Private,25,Medium,Family,29468,6,0,2843,17427,4758,8720,12753,Yes,224,845,672211,363949,Personal Loan,1167586,53,34233.15,Eligible
32,Female,Married,Professional,138295,Private,25,Small,Rented,9726,1,3,7789,18889,12337,17513,17407,No,10232,818,457363,352495,Home Appliances,1083031,57,15540.699999999999,Eligible
36,Female,Married,Post Graduate,130287,Government,10,Medium,Family,15876,1,0,9922,12006,3843,13011,9657,No,6999,723,908313,269863,E-commerce Shopping,883842,66,20640.55,Eligible
57,Male,Single,High School,22288,Private,19,Small,Own,27712,6,3,12003,11711,3196,4710,8218,Yes,27553,487,89669,24721,Home Appliances,579515,53,500.0,Not_Eligible
50,Male,Married,Graduate,124570,Private,21,Small,Rented,13034,2,3,12234,24142,9816,10328,771,No,17700,800,231799,253800,E-commerce Shopping,982007,23,12790.75,Eligible
52,Female,Single,Graduate,110547,Government,23,Small,Family,19058,2,1,3238,2687,3133,15665,6463,No,3544,568,792461,9507,Personal Loan,1464565,60,19865.649999999998,Not_Eligible
29,Male,Single,High School,96122,Private,12,Large,Family,4548,5,0,7700,3156,14413,23576,18261,Yes,15612,559,376916,235437,Education,1049897,82,3099.6,Not_Eligible
32,Female,Married,Post Graduate,47400,Government,3,Small,Family,29502,4,4,5284,16959,3578,26205,17577,Yes,13362,347,915174,30007,Education,1350098,49,500.0,Not_Eligible
49,Male,Married,High School,137609,Self-employed,14,Medium,Family,29429,4,3,2689,27921,7206,28735,1615,No,27940,407,391297,49459,Personal Loan,1014703,13,4225.9,Not_Eligible
51,Female,Married,High School,147639,Government,11,Medium,Own,25436,3,1,11525,11039,14939,3387,2466,No,14488,440,930016,319285,Education,927311,63,22525.649999999998,Not_Eligible
47,Male,Married,Professional,62878,Government,24,Large,Own,14263,4,3,14899,402,9883,4903,3187,No,22357,648,369975,258871,Education,554810,74,500.0,Not_Eligible
54,Female,Married,High School,63850,Government,23,Large,Own,1552,3,4,3332,8444,3597,23643,1998,Yes,2796,844,634079,312180,Vehicle,1436543,8,6470.799999999999,High_Risk
47,Female,Married,Professional,147166,Self-employed,25,Small,Family,6014,5,4,1198,1629,1813,29474,14404,No,7428,834,779761,269941,Vehicle,322042,77,29822.1,Eligible
44,Male,Single,Post Graduate,157207,Self-employed,9,Small,Own,13106,2,0,6954,24352,7551,12630,5406,Yes,1671,738,968338,336497,Vehicle,416985,30,29937.949999999997,Eligible
42,Female,Single,High School,94044,Self-employed,21,Small,Family,17776,2,3,7263,15293,2627,24160,15018,Yes,19197,814,629032,322067,E-commerce Shopping,1381965,44,500.0,Not_Eligible
42,Female,Single,High School,60113,Government,6,Large,Family,15396,5,4,9572,2709,5616,4001,7774,No,6964,423,148892,485604,Vehicle,828416,54,2828.35,Not_Eligible
26,Female,Married,Graduate,73791,Government,23,Large,Family,26455,5,2,14705,15724,4592,20543,11208,Yes,4462,611,48007,375296,Personal Loan,412826,13,500.0,Not_Eligible
28,Female,Married,High School,24684,Government,1,Medium,Rented,16243,6,4,13863,12956,3580,23637,2508,No,5402,495,767342,233238,Vehicle,1187717,72,500.0,Not_Eligible
54,Male,Married,Graduate,107783,Government,20,Small,Own,8572,4,4,7050,21207,7238,25925,1002,No,17890,844,62239,318245,Personal Loan,203997,42,6614.65,High_Risk
57,Female,Single,Graduate,86727,Government,28,Small,Own,21722,2,3,5261,11523,4932,12004,148,No,832,331,451518,54291,Vehicle,476479,32,10606.75,Not_Eligible
60,Male,Single,Graduate,98378,Government,6,Medium,Rented,648,1,4,13057,4043,9487,28965,18285,No,29779,808,48184,84227,Education,799381,58,500.0,Not_Eligible
42,Male,Married,Post Graduate,73552,Government,7,Medium,Rented,12533,5,1,9382,2659,8113,8421,10432,No,22214,576,662131,128754,Vehicle,1357824,80,500.0,Not_Eligible
43,Male,Married,Professional,154118,Private,20,Medium,Rented,28197,2,4,7870,5241,4251,21780,11496,Yes,9215,558,700155,203760,Personal Loan,480581,79,23123.8,Not_Eligible
52,Male,Married,Graduate,19934,Self-employed,18,Medium,Rented,22778,2,2,1342,16003,2154,15681,18124,Yes,29740,530,339291,78437,Personal Loan,807501,8,500.0,Not_Eligible
44,Female,Married,High School,192878,Private,30,Small,Family,4660,3,4,1654,13828,13172,20731,4257,No,1410,494,654710,444612,Personal Loan,476046,51,46608.1,Not_Eligible
57,Female,Single,High School,16354,Self-employed,5,Large,Own,11609,2,0,4753,9170,1532,16635,19407,Yes,1212,592,737680,168325,Vehicle,246469,35,500.0,Not_Eligible
36,Male,Single,Graduate,119777,Government,20,Small,Own,820,5,3,7136,3816,6127,20921,5577,Yes,23017,535,686822,189118,E-commerce Shopping,1098994,13,18327.05,Not_Eligible
39,Female,Single,Graduate,110352,Private,7,Medium,Own,16855,4,2,5981,19110,1887,16130,12840,Yes,12279,844,702307,57689,Personal Loan,312433,67,8844.5,High_Risk
26,Male,Married,High School,68046,Government,24,Large,Family,24438,2,1,11598,568,4272,20870,14497,Yes,22577,481,813053,354944,E-commerce Shopping,382970,29,500.0,Not_Eligible
53,Female,Single,Graduate,126098,Private,24,Small,Own,26592,1,4,9180,12830,3925,4782,14488,No,13103,308,404141,171135,Vehicle,1253703,32,14419.3,Not_Eligible
34,Female,Married,Professional,80064,Private,27,Medium,Rented,15920,5,4,11737,29190,3432,21932,8571,Yes,2248,503,139532,465009,E-commerce Shopping,522337,48,500.0,Not_Eligible
26,Female,Married,Professional,72184,Government,27,Large,Own,16505,4,1,11408,4105,4597,4750,7605,No,8366,827,487916,297918,E-commerce Shopping,393389,28,5196.799999999999,High_Risk
35,Male,Married,Post Graduate,149035,Private,21,Large,Own,21829,6,4,1077,12444,9011,9885,8056,No,26765,545,627504,478414,Personal Loan,477839,30,20988.8,Not_Eligible
37,Male,Single,Graduate,42424,Private,30,Large,Family,16290,4,0,121,2772,6525,8873,10005,No,3346,808,846121,2895,Vehicle,804366,34,500.0,Not_Eligible
34,Female,Single,Post Graduate,149114,Self-employed,19,Small,Rented,7695,5,2,3195,12428,11612,13205,17084,Yes,16346,484,296017,286550,Personal Loan,1207314,76,23642.149999999998,Not_Eligible
38,Male,Married,Post Graduate,22139,Government,3,Medium,Rented,4876,6,4,2214,4054,12427,5235,9341,Yes,2237,662,829159,425064,Education,697502,14,500.0,Not_Eligible
42,Male,Single,Post Graduate,26226,Government,24,Small,Rented,19179,4,1,2991,27262,5618,25656,7873,Yes,23685,385,789228,449237,Home Appliances,289838,18,500.0,Not_Eligible
33,Female,Married,Graduate,120234,Private,19,Small,Own,4216,1,1,9025,24261,10026,6564,15276,Yes,8070,316,360262,49077,E-commerce Shopping,1414230,84,14978.599999999999,Not_Eligible
52,Male,Married,Post Graduate,98652,Government,23,Small,Rented,18570,2,2,9870,20382,10569,25624,5319,Yes,18020,494,194584,213700,Vehicle,608986,73,500.0,Not_Eligible
27,Female,Married,Professional,184180,Self-employed,8,Large,Rented,2134,5,0,2069,136,4480,13740,5344,Yes,9049,304,992316,230570,E-commerce Shopping,1490687,54,50000.0,Not_Eligible
44,Female,Single,Post Graduate,85647,Self-employed,4,Medium,Own,2177,2,2,5395,21170,5606,24398,16964,No,11020,705,670635,278788,Vehicle,871051,4,500.0,Not_Eligible
30,Female,Single,Professional,83617,Government,28,Small,Family,18683,2,4,10076,25999,9403,21608,15551,Yes,15204,474,915371,108485,Personal Loan,716787,75,500.0,Not_Eligible
51,Male,Married,Professional,175887,Government,5,Medium,Own,22365,4,0,12248,17849,10118,26535,12226,Yes,7981,431,125204,253249,Home Appliances,984762,30,23297.75,Not_Eligible
26,Female,Single,Graduate,153874,Self-employed,18,Large,Family,17767,5,0,1962,27914,3672,7724,1269,Yes,1568,409,354413,306953,Home Appliances,1201021,64,32199.3,Not_Eligible
53,Female,Single,Post Graduate,188302,Government,11,Small,Family,11693,2,1,4023,4771,5032,3969,8603,No,1651,752,727130,223093,Home Appliances,951927,31,50000.0,Eligible
27,Male,Single,Graduate,163537,Private,4,Medium,Rented,4142,3,0,8599,20216,9536,11127,9988,No,27744,527,640349,85155,Home Appliances,659496,58,25264.75,Not_Eligible
40,Male,Single,Professional,154066,Government,4,Large,Rented,18352,1,4,12769,17920,12274,27848,5643,No,29736,847,473751,107757,E-commerce Shopping,835296,27,10333.4,Eligible
54,Male,Married,High School,18531,Private,30,Small,Own,11854,6,4,6442,2324,13623,9542,10795,Yes,18760,790,659341,25250,Vehicle,778950,76,500.0,Not_Eligible
26,Male,Single,Post Graduate,155415,Self-employed,29,Small,Family,23028,4,4,6420,11947,14651,29162,7257,Yes,28366,567,423250,252844,Education,509575,43,12104.4,Not_Eligible
41,Female,Married,Graduate,152301,Government,17,Medium,Own,26409,5,3,2369,9571,6993,22208,1485,No,11204,813,919825,130582,Vehicle,998721,7,25221.699999999997,Eligible
36,Male,Married,High School,109311,Self-employed,25,Medium,Rented,28523,5,0,10354,9124,7003,16375,19746,No,7668,640,474150,241341,E-commerce Shopping,1364277,64,3681.2999999999997,Not_Eligible
59,Male,Single,Post Graduate,97124,Government,5,Small,Family,2472,4,0,2319,12037,10893,6518,12656,No,24092,604,657433,189742,Personal Loan,1262019,64,9147.949999999999,High_Risk
25,Male,Married,Post Graduate,190861,Private,8,Small,Rented,21878,2,4,3239,16013,8425,29964,17679,No,1396,667,371943,449423,Education,64611,7,32293.449999999997,High_Risk
39,Male,Married,Graduate,59069,Government,10,Large,Rented,15300,4,1,7956,7260,13892,23404,16170,No,3582,768,27184,30884,Education,646873,70,500.0,Not_Eligible
50,Female,Single,High School,155596,Self-employed,30,Large,Rented,13018,5,0,5555,6784,4846,16540,2191,Yes,2822,524,988913,483241,Education,37723,39,36344.0,Not_Eligible
45,Male,Married,Graduate,136907,Private,22,Small,Family,12398,3,3,1892,7303,5016,24340,7244,Yes,26718,484,827318,476399,E-commerce Shopping,830396,70,18198.6,Not_Eligible
55,Female,Married,Post Graduate,103074,Government,13,Medium,Family,25826,2,0,6407,14446,1295,27361,12807,Yes,15029,708,809375,162343,Home Appliances,459760,34,500.0,Not_Eligible
49,Male,Single,Post Graduate,123345,Self-employed,23,Medium,Rented,22290,6,2,10489,9259,8724,15012,6233,Yes,2529,721,570357,472591,Home Appliances,1051007,16,17083.149999999998,Eligible
47,Female,Single,Professional,154175,Self-employed,1,Small,Family,3110,4,3,13773,27514,8384,13976,10615,No,26634,599,876375,491716,Home Appliances,196386,65,17559.149999999998,Not_Eligible
48,Female,Single,Post Graduate,69203,Government,26,Large,Rented,8326,5,1,14774,16594,11940,28204,8068,Yes,9769,849,954852,99594,Vehicle,1481231,74,500.0,Not_Eligible
52,Male,Single,Post Graduate,161162,Self-employed,28,Small,Rented,13606,6,3,3838,10582,5483,23729,3045,No,5586,555,730478,66610,Home Appliances,671124,32,33352.549999999996,Not_Eligible
45,Female,Single,High School,30915,Private,13,Medium,Rented,8801,5,3,7509,23910,2496,18429,3265,No,15108,533,33888,235228,Education,843772,79,500.0,Not_Eligible
42,Male,Married,High School,56477,Government,24,Small,Family,25633,5,0,1489,6504,12271,7607,5917,No,430,542,117743,286063,Home Appliances,872841,45,500.0,Not_Eligible
60,Female,Married,Professional,199310,Private,18,Small,Own,11226,3,3,13369,15690,2567,19728,14841,Yes,19969,764,748128,347501,Education,268140,55,35672.0,Eligible
59,Female,Single,Professional,131740,Self-employed,9,Large,Own,22955,2,4,10244,22938,7033,7642,6750,Yes,13354,687,919087,261578,Education,642676,55,14288.4,High_Risk
33,Female,Single,Professional,137217,Self-employed,4,Medium,Family,26564,4,3,4009,27382,6450,18632,510,No,6147,649,797108,450797,Vehicle,350975,31,16633.05,High_Risk
54,Male,Married,Graduate,161101,Self-employed,29,Medium,Family,3774,2,0,10092,12795,2975,11747,2368,Yes,20816,511,393434,306511,Home Appliances,652880,30,33786.9,Not_Eligible
58,Female,Single,Graduate,104067,Private,22,Small,Rented,26822,5,4,1821,24807,5132,8082,1499,Yes,12662,590,457297,128344,Personal Loan,1496411,80,8134.7,Not_Eligible
56,Male,Single,Professional,68520,Self-employed,3,Medium,Rented,21039,3,1,11102,17187,8398,7010,6958,No,25694,809,430728,492465,Home Appliances,779998,76,500.0,Not_Eligible
27,Female,Married,Graduate,85053,Government,6,Medium,Own,258,6,2,12552,25769,5278,22303,7518,Yes,7614,806,485538,252226,Personal Loan,11829,73,1316.35,Not_Eligible
27,Female,Married,Post Graduate,66464,Government,23,Medium,Rented,6868,3,3,1272,28051,8925,18704,855,Yes,4125,633,864163,90818,Vehicle,1178522,51,500.0,Not_Eligible
52,Female,Married,Professional,168033,Self-employed,30,Medium,Own,6817,5,4,14430,24809,14833,19843,18334,Yes,25473,724,478853,320576,E-commerce Shopping,427052,38,15222.9,Eligible
39,Female,Single,Professional,172907,Government,12,Large,Own,5744,2,4,10078,18951,5165,24610,4027,No,15447,437,730935,122891,Vehicle,716317,29,31109.749999999996,Not_Eligible
47,Female,Married,Graduate,173797,Private,9,Large,Family,12092,6,1,10024,18531,9428,22172,19700,Yes,25417,417,264618,363434,Vehicle,1392105,59,19751.55,Not_Eligible
35,Female,Single,High School,40357,Private,29,Large,Family,25491,2,1,11058,6396,1463,22195,16745,Yes,26843,479,532874,236524,Personal Loan,993521,30,500.0,Not_Eligible
56,Male,Married,Professional,147316,Self-employed,9,Large,Family,20326,3,2,8888,26931,6237,6115,14773,Yes,22655,521,35117,16173,Vehicle,1376601,32,14486.849999999999,Not_Eligible
60,Male,Single,Graduate,82952,Government,3,Large,Own,16621,6,2,13768,15129,13478,27485,14176,Yes,27818,669,395873,152927,Education,464490,46,500.0,Not_Eligible
57,Male,Single,Graduate,63061,Government,15,Medium,Family,3355,1,0,4836,11042,1929,8544,19717,No,1887,459,401075,186133,Vehicle,1350152,45,4112.849999999999,Not_Eligible
48,Female,Single,High School,21490,Self-employed,14,Small,Own,25263,3,2,10556,1723,2886,16208,15936,No,24800,503,301189,79179,Vehicle,861563,57,500.0,Not_Eligible
58,Male,Married,Professional,92219,Private,20,Small,Family,7904,6,2,13061,29058,8673,17384,5068,Yes,3345,827,812812,322437,Personal Loan,193528,67,2704.1,Not_Eligible
52,Female,Married,High School,141305,Self-employed,10,Large,Own,22985,3,4,4214,17530,8671,27635,18980,No,16791,411,802935,130597,Vehicle,1028840,29,8574.65,Not_Eligible
31,Male,Married,Post Graduate,20839,Government,18,Medium,Rented,22090,4,3,1769,8323,8918,15864,5090,Yes,23204,514,975992,49318,Vehicle,1225241,3,500.0,Not_Eligible
28,Male,Single,High School,39992,Government,20,Large,Rented,1158,3,3,2841,15595,4911,14377,13291,No,18589,725,442382,370405,Home Appliances,94006,12,500.0,Not_Eligible
25,Female,Married,High School,128154,Self-employed,23,Small,Own,26705,1,2,10441,22748,7544,29370,7401,Yes,29380,832,47461,130491,Education,1028463,45,500.0,Not_Eligible
25,Female,Married,Graduate,191010,Private,2,Medium,Own,594,6,0,7941,10301,5412,23828,11464,No,6550,345,221536,64104,Education,845809,71,43722.0,Not_Eligible
44,Male,Single,High School,71249,Private,14,Medium,Rented,27277,6,0,11316,25407,1717,9541,3992,Yes,12317,356,376041,44628,Education,1303920,11,500.0,Not_Eligible
43,Male,Single,Post Graduate,190807,Self-employed,15,Medium,Own,18134,3,3,2364,28337,7365,21348,10801,Yes,17576,785,607478,244925,Vehicle,573605,69,29708.699999999997,Eligible
53,Male,Married,Graduate,118313,Government,13,Small,Own,16786,2,1,11936,17115,1657,7769,12795,Yes,11058,714,897472,232539,Education,803557,31,13718.949999999999,Eligible
34,Male,Married,Post Graduate,65734,Private,28,Small,Rented,25397,4,4,5363,8594,2212,12685,9082,No,18775,730,875484,430047,Home Appliances,779396,4,500.0,Not_Eligible
42,Female,Married,High School,193152,Self-employed,4,Large,Own,20222,4,2,1117,22698,13013,15963,14312,No,1422,430,167972,109210,E-commerce Shopping,602214,84,36541.75,Not_Eligible
52,Male,Single,Post Graduate,140626,Government,25,Large,Family,10427,3,4,7447,5595,7435,21980,19230,Yes,12471,317,951512,149296,E-commerce Shopping,643238,16,19614.35,Not_Eligible
59,Female,Married,Post Graduate,39260,Private,16,Small,Rented,18924,4,2,11355,9809,13244,7233,1695,Yes,16109,711,247878,406384,Home Appliances,148173,64,500.0,Not_Eligible
55,Female,Single,High School,76852,Private,17,Large,Family,22262,4,2,812,28685,11462,16105,9007,Yes,23039,442,894763,38414,E-commerce Shopping,605677,57,500.0,Not_Eligible
51,Male,Single,High School,43380,Self-employed,18,Small,Own,10494,3,3,37,16362,1757,18266,7378,No,15296,605,175919,409376,E-commerce Shopping,676898,31,500.0,Not_Eligible
35,Female,Married,Graduate,86257,Government,0,Medium,Own,7490,1,4,2460,269,7902,22049,498,Yes,19657,716,774522,282719,Personal Loan,1108366,7,9076.199999999999,High_Risk
29,Male,Married,Graduate,187263,Private,28,Large,Family,26273,6,4,4338,13365,6536,16585,1680,No,29292,839,990108,176353,Vehicle,155792,71,31217.899999999998,Eligible
32,Female,Single,Professional,19930,Self-employed,26,Small,Own,28504,3,1,5483,23964,4478,10280,11452,No,12608,412,692713,470515,Personal Loan,1251761,68,500.0,Not_Eligible
58,Female,Single,Graduate,150425,Private,27,Small,Own,14760,2,1,14286,17538,6572,5456,9528,Yes,26625,675,90684,398965,Personal Loan,527807,41,19481.0,High_Risk
36,Male,Married,High School,153904,Government,26,Small,Family,5534,5,4,3719,15969,10422,17242,12741,Yes,18426,787,50711,56518,Home Appliances,1240380,25,24447.85,Eligible
25,Female,Married,Post Graduate,195626,Private,24,Large,Own,5286,1,1,7231,23240,12165,13959,248,Yes,15882,393,514613,94860,E-commerce Shopping,351259,18,41165.25,Not_Eligible
55,Female,Married,Post Graduate,69017,Government,8,Large,Rented,1613,3,1,9046,23399,11639,5412,9888,No,3659,300,705907,271028,Home Appliances,89963,24,1526.35,Not_Eligible
28,Male,Single,Graduate,197461,Private,20,Medium,Family,12772,1,2,12138,24284,7069,14254,17042,Yes,27739,754,956432,342182,Education,1137716,31,28757.05,Eligible
29,Female,Single,Graduate,171597,Private,13,Large,Family,22963,5,3,10440,22020,12450,29712,15118,Yes,22112,761,755827,262065,Personal Loan,1353131,71,12873.699999999999,Eligible
54,Female,Married,High School,95630,Self-employed,19,Large,Family,5651,4,2,2354,6772,6479,27246,688,No,25769,448,331658,28613,E-commerce Shopping,1428195,14,7234.849999999999,Not_Eligible
48,Male,Single,Post Graduate,46280,Private,20,Large,Family,20063,4,1,4042,2348,11204,8391,10469,No,19202,377,873374,498802,Vehicle,146321,15,500.0,Not_Eligible
27,Male,Single,Professional,139130,Government,19,Medium,Rented,3552,5,2,9989,19135,12867,11023,18083,Yes,9520,378,654356,498491,Personal Loan,456948,10,19236.35,Not_Eligible
35,Female,Married,Professional,157312,Self-employed,27,Medium,Family,26803,4,2,174,10175,6125,23724,223,Yes,27218,547,966573,23432,E-commerce Shopping,689872,26,22004.5,Not_Eligible
28,Female,Single,Graduate,21544,Government,20,Medium,Family,11870,1,0,9904,6058,6093,12995,1759,No,4177,309,466985,132201,Education,1136189,39,500.0,Not_Eligible
50,Female,Married,Professional,163404,Government,22,Large,Own,23622,4,2,11211,4522,6592,26650,16437,No,1316,520,615525,226169,Home Appliances,288243,38,25568.899999999998,Not_Eligible
51,Male,Married,High School,172908,Self-employed,10,Small,Family,16061,5,2,11255,2163,14915,26098,13347,Yes,15707,426,454254,374787,E-commerce Shopping,697531,75,25676.699999999997,Not_Eligible
51,Female,Single,Professional,29388,Government,23,Large,Own,4996,5,3,6740,18667,1082,12288,5684,No,12510,340,373025,112884,E-commerce Shopping,1082361,17,500.0,Not_Eligible
30,Female,Single,Graduate,16694,Private,1,Medium,Family,1464,6,4,671,13874,8966,26151,17083,No,6918,713,908071,323549,Personal Loan,81569,61,500.0,Not_Eligible
39,Female,Married,High School,142727,Self-employed,19,Large,Family,29315,5,0,693,22540,4762,14940,16969,Yes,17262,477,162715,382811,E-commerce Shopping,1482548,7,12686.099999999999,Not_Eligible
54,Female,Single,Post Graduate,103202,Private,23,Large,Rented,6282,2,0,8739,15577,2400,26839,19755,Yes,9253,381,733621,188180,Education,248133,17,5024.95,Not_Eligible
59,Female,Married,High School,128057,Private,22,Small,Own,21266,1,0,5976,4163,1658,26480,4384,No,22969,685,864237,81035,Vehicle,375438,20,14406.349999999999,High_Risk
47,Female,Single,Graduate,64294,Government,24,Small,Rented,6245,5,0,1122,10982,7245,27786,1451,Yes,19588,816,215742,427084,Education,695160,7,500.0,Not_Eligible
30,Male,Single,Graduate,53769,Government,4,Large,Own,6611,6,3,3297,28638,14599,3533,310,No,16978,632,208656,433021,E-commerce Shopping,1178024,19,500.0,Not_Eligible
28,Male,Single,Professional,185492,Private,21,Medium,Family,3100,1,4,3986,15172,12064,12132,18889,No,15564,595,766318,75825,Vehicle,1301955,24,36604.75,Not_Eligible
42,Female,Married,Professional,128289,Self-employed,30,Large,Rented,4113,6,3,2596,4486,6150,12457,13867,No,29606,740,239802,193164,Education,1347072,66,19254.899999999998,Eligible
33,Female,Single,Post Graduate,117885,Private,26,Large,Own,26532,2,0,4368,29787,2337,19395,14386,No,26651,794,827328,463539,Vehicle,929742,30,500.0,Not_Eligible
53,Male,Married,Post Graduate,52855,Private,23,Large,Own,4093,1,4,3023,26727,8140,29577,17506,No,20664,828,461527,371702,Personal Loan,1213086,83,500.0,Not_Eligible
37,Male,Married,Graduate,147532,Government,14,Medium,Rented,8124,3,3,8975,14295,14864,3516,341,Yes,13441,420,801588,224730,E-commerce Shopping,605757,15,29391.6,Not_Eligible
41,Male,Married,Graduate,62646,Government,11,Medium,Own,21235,2,4,9401,13737,12416,18475,12850,Yes,14405,850,925229,262491,Vehicle,1019719,47,500.0,Not_Eligible
56,Female,Single,Graduate,187324,Private,13,Medium,Family,25262,2,3,9131,10853,14230,13259,9174,No,17051,494,914123,109521,Home Appliances,23425,36,30927.399999999998,Not_Eligible
46,Female,Married,Post Graduate,155907,Private,30,Medium,Own,10228,4,4,12739,25348,9885,4724,16012,No,21028,797,469011,301540,Personal Loan,537385,56,19580.05,Eligible
28,Female,Married,Graduate,128947,Government,10,Medium,Family,3579,5,3,14896,10158,5327,5183,5423,Yes,16600,452,889185,180431,E-commerce Shopping,79741,35,23723.35,Not_Eligible
29,Female,Single,Post Graduate,25910,Private,30,Large,Own,25176,2,0,1528,26927,10336,23925,14206,Yes,6007,643,965628,341620,Personal Loan,742095,18,500.0,Not_Eligible
37,Male,Married,Graduate,97757,Government,20,Medium,Rented,25619,1,0,93,18810,4256,26989,9841,Yes,4703,415,944145,178836,Home Appliances,476835,45,2606.1,Not_Eligible
58,Male,Married,High School,23463,Private,29,Large,Family,21829,3,0,9522,16097,12719,17159,18094,Yes,25848,340,709463,171190,E-commerce Shopping,946386,63,500.0,Not_Eligible
46,Male,Single,High School,159408,Self-employed,8,Large,Own,9571,1,3,9953,19630,11044,18929,17966,No,12982,403,419016,263689,Personal Loan,1251240,5,20766.55,Not_Eligible
47,Male,Married,Graduate,41534,Self-employed,19,Large,Family,20912,1,4,6660,21895,13675,27748,14601,No,23140,547,23699,185293,Personal Loan,1460772,61,500.0,Not_Eligible
27,Female,Single,High School,148441,Private,7,Small,Rented,7566,3,4,14176,19860,11871,18040,13230,Yes,10979,663,210235,442998,Vehicle,586161,22,18451.649999999998,High_Risk
58,Female,Married,Post Graduate,171453,Government,11,Medium,Own,9233,6,1,5049,4183,1863,17852,16299,No,24541,565,405125,338011,Vehicle,257284,34,32351.55,Not_Eligible
56,Male,Married,Professional,127296,Private,29,Medium,Own,1573,4,2,2221,27253,2249,15446,6784,No,14316,685,989114,51868,Personal Loan,1201525,23,20108.899999999998,High_Risk
45,Male,Single,High School,100094,Private,2,Large,Family,12663,5,0,2742,5911,14935,13006,8556,Yes,12759,448,677725,439406,Vehicle,270567,48,10332.699999999999,Not_Eligible
45,Male,Married,Professional,102905,Government,20,Small,Rented,22104,2,0,1096,13964,10410,16716,17552,No,9553,502,539847,240010,E-commerce Shopping,955512,71,4028.4999999999995,Not_Eligible
35,Male,Married,High School,40407,Private,14,Medium,Rented,9555,5,0,8191,12912,5904,9655,8336,No,4480,673,332352,130077,Vehicle,177448,4,500.0,Not_Eligible
28,Male,Married,Post Graduate,77552,Government,7,Large,Own,15509,4,1,13456,29944,10241,4675,6310,No,12290,324,666084,437927,E-commerce Shopping,79824,73,500.0,Not_Eligible
25,Female,Single,High School,182011,Private,30,Small,Family,9202,6,1,5003,5208,8361,27579,1066,Yes,14918,752,623002,126426,E-commerce Shopping,934447,76,38735.899999999994,Eligible
52,Female,Single,High School,107303,Government,25,Large,Own,13003,3,1,13975,8178,3902,20994,17355,Yes,4192,756,987685,106672,E-commerce Shopping,68111,54,8996.4,High_Risk
48,Male,Single,Graduate,172242,Private,27,Small,Own,17640,5,0,2103,11116,13824,5793,9768,No,25172,310,718435,196226,E-commerce Shopping,748670,3,30389.1,Not_Eligible
59,Male,Single,Professional,86908,Self-employed,6,Large,Family,17511,1,4,2742,3892,5806,25631,7182,Yes,20365,560,625244,47616,Personal Loan,236176,82,1322.6499999999999,Not_Eligible
37,Male,Single,Professional,139506,Government,16,Medium,Rented,25599,2,0,4729,19163,6383,29996,12416,Yes,2798,817,22745,380191,Education,881351,30,13447.699999999999,Eligible
58,Female,Married,Post Graduate,37369,Self-employed,11,Large,Own,11886,2,1,10483,13286,14826,25152,12341,No,4783,524,546416,478502,Education,346415,63,500.0,Not_Eligible
35,Female,Single,Post Graduate,190616,Government,19,Large,Own,19168,6,1,4299,6599,10686,7377,11978,Yes,21122,571,830367,239188,E-commerce Shopping,719870,28,38285.45,Not_Eligible
60,Female,Single,Professional,20900,Government,17,Small,Family,28892,4,2,3662,27038,3336,13982,8324,Yes,3578,345,663713,57473,Education,1393812,81,500.0,Not_Eligible
41,Male,Single,Graduate,55733,Government,17,Small,Family,22465,4,3,8207,8646,1367,13522,11837,No,21168,707,968619,302793,E-commerce Shopping,391961,14,500.0,Not_Eligible
59,Female,Married,Graduate,102236,Government,28,Medium,Own,1049,3,2,125,20018,1411,4500,1266,No,29284,313,173810,474782,Education,598757,4,15604.05,Not_Eligible
42,Male,Married,Professional,146661,Private,14,Large,Rented,5183,4,2,14934,23038,4093,19109,209,Yes,5559,835,640703,297617,Home Appliances,235130,76,26087.6,Eligible
46,Female,Single,High School,75044,Private,22,Small,Family,2301,5,0,14801,19630,9034,7330,6526,Yes,18136,664,888513,53382,Vehicle,403543,23,500.0,Not_Eligible
48,Female,Married,Professional,100553,Government,27,Medium,Own,29497,2,3,5997,13222,1353,21109,11473,No,699,553,999803,66308,Education,736803,57,6021.049999999999,Not_Eligible
43,Female,Married,High School,103435,Private,27,Medium,Rented,25730,3,3,11614,4304,10757,18537,9005,No,16380,706,757159,217500,E-commerce Shopping,768104,18,2487.7999999999997,Not_Eligible
45,Male,Married,Professional,64008,Government,2,Small,Family,16413,4,0,5674,24180,6678,23312,19904,No,19701,788,814217,294851,Vehicle,1298587,39,500.0,Not_Eligible
32,Male,Married,High School,81794,Government,18,Small,Family,25362,1,4,4174,27960,2338,18861,3449,Yes,352,411,246608,343223,Vehicle,1359721,47,500.0,Not_Eligible
52,Female,Single,Graduate,94134,Self-employed,14,Large,Own,12297,2,0,11764,26994,5877,24725,2131,Yes,23549,500,35033,258050,Personal Loan,1135822,41,500.0,Not_Eligible
29,Male,Single,Professional,148938,Government,15,Medium,Family,11352,3,4,8980,5432,1328,3455,6127,No,15628,601,588856,366732,Personal Loan,1234089,43,33822.6,High_Risk
41,Male,Married,Post Graduate,67890,Government,21,Small,Own,9362,2,4,5498,2850,10685,19085,14998,No,24446,404,151928,42050,Education,552537,24,500.0,Not_Eligible
60,Male,Married,High School,130259,Private,21,Medium,Family,3198,5,3,6407,22007,9155,29494,18079,Yes,14516,527,899381,336967,Personal Loan,58879,51,9591.05,Not_Eligible
43,Male,Married,Graduate,187576,Government,16,Large,Rented,10937,6,0,2352,18517,8016,20766,17893,Yes,10033,724,321908,364209,E-commerce Shopping,735564,83,34671.7,Eligible
51,Male,Married,Post Graduate,199446,Government,30,Small,Rented,13930,4,0,9703,29318,12021,15697,10150,No,8668,787,81370,496754,Personal Loan,704670,19,34985.649999999994,Eligible
58,Male,Single,Graduate,44404,Self-employed,30,Medium,Family,17748,6,3,6883,27444,2486,25108,6225,Yes,9618,752,347905,377731,Home Appliances,227759,28,500.0,Not_Eligible
35,Male,Married,High School,80223,Private,30,Small,Own,9733,4,2,4220,11529,8607,29564,6944,Yes,20474,486,96958,364969,Education,1362799,40,500.0,Not_Eligible
36,Female,Single,Professional,15637,Private,0,Large,Family,28722,4,0,12905,21723,4735,3557,15545,Yes,23193,622,768621,497250,Vehicle,1241637,40,500.0,Not_Eligible
45,Male,Married,Graduate,118186,Self-employed,10,Large,Own,20877,1,1,4837,14630,1737,15749,15067,No,15540,638,861331,295499,Vehicle,1180955,43,10412.15,High_Risk
35,Male,Single,Professional,30828,Government,5,Large,Family,24889,5,1,11909,1721,6367,15478,1228,No,11320,382,960084,449815,Home Appliances,750159,69,500.0,Not_Eligible
52,Female,Married,Professional,199616,Self-employed,22,Large,Rented,2695,1,0,8272,18410,4888,25498,10754,Yes,22518,641,906566,160018,E-commerce Shopping,1180250,75,37303.35,High_Risk
29,Female,Single,Graduate,116976,Private,8,Small,Own,29185,5,4,7015,23033,14482,6990,4211,No,10661,446,908842,216822,Vehicle,406631,67,7489.65,Not_Eligible
41,Female,Single,Graduate,60097,Self-employed,19,Small,Rented,6645,5,3,9836,14300,7892,20552,3418,No,1069,634,160887,326755,Home Appliances,113146,58,500.0,Not_Eligible
44,Female,Single,Graduate,128271,Private,15,Medium,Rented,25105,5,4,174,17570,5843,4367,2448,No,861,522,873468,236514,Personal Loan,562424,21,25166.05,Not_Eligible
36,Male,Married,Professional,47022,Self-employed,29,Medium,Rented,22264,4,1,8867,17534,10986,14879,4394,Yes,85,675,688593,311377,Education,400351,16,500.0,Not_Eligible
30,Female,Single,Post Graduate,47202,Government,25,Small,Family,8149,4,1,8539,27450,10494,12791,12797,No,6890,547,20765,348967,Home Appliances,1038623,68,500.0,Not_Eligible
41,Female,Married,High School,43704,Government,5,Small,Own,15032,4,3,10104,20596,7291,11348,1007,No,28035,763,760977,201463,Home Appliances,1142850,73,500.0,Not_Eligible
43,Male,Single,Post Graduate,106411,Private,11,Medium,Rented,22243,1,1,9582,1429,3668,7989,8403,Yes,16326,723,585913,159358,Personal Loan,697830,40,12869.849999999999,Eligible
50,Male,Single,Professional,144688,Self-employed,18,Small,Own,13147,3,2,1558,648,5238,24341,5228,Yes,15228,567,946474,310527,E-commerce Shopping,397035,45,27755.0,Not_Eligible
56,Male,Married,Graduate,38641,Private,12,Large,Own,10658,6,1,1438,24319,13074,26679,8097,No,2641,697,596852,477985,Personal Loan,515375,12,500.0,Not_Eligible
30,Female,Single,Graduate,52479,Government,12,Large,Rented,10433,5,4,2925,355,6071,28623,14287,No,28849,560,353815,327384,Personal Loan,363906,24,500.0,Not_Eligible
60,Male,Married,High School,37027,Private,26,Large,Family,24887,1,4,6986,2823,5166,3930,4070,No,10053,719,85675,299643,Vehicle,845197,77,500.0,Not_Eligible
35,Female,Married,High School,57912,Government,3,Medium,Rented,17379,4,2,14909,8157,1637,10342,3893,Yes,11356,742,760703,162822,Home Appliances,430788,66,500.0,Not_Eligible
57,Male,Married,Post Graduate,123227,Private,8,Small,Rented,6865,6,4,4819,21502,5562,28700,17777,No,6020,740,598468,174154,Home Appliances,753651,47,11193.699999999999,Eligible
48,Male,Married,Post Graduate,143773,Self-employed,13,Medium,Own,13610,4,4,5371,15581,3641,4281,10768,Yes,28357,779,824786,462373,Personal Loan,1113076,76,21757.399999999998,Eligible
47,Female,Single,High School,124658,Government,13,Medium,Family,23880,3,4,4703,7543,9232,12320,9455,Yes,15521,746,896920,443282,Personal Loan,722050,20,14701.4,Eligible
39,Male,Single,Professional,57692,Private,16,Small,Own,10715,4,0,11984,27961,13177,13274,15059,Yes,25825,607,654048,378594,Home Appliances,1414812,71,500.0,Not_Eligible
51,Male,Married,Post Graduate,113884,Government,4,Medium,Family,2631,5,2,6712,28542,12138,17763,19857,No,14528,443,529160,137004,Home Appliances,825067,13,4099.55,Not_Eligible
35,Male,Single,Graduate,47209,Self-employed,30,Large,Rented,263,2,2,6377,12126,9962,19034,9204,No,5265,846,568211,304787,Home Appliances,1442923,29,500.0,Not_Eligible
41,Male,Single,Graduate,71738,Government,30,Small,Family,7684,6,1,357,5269,14455,7815,17179,No,7421,629,101770,76250,E-commerce Shopping,721481,29,4045.2999999999997,Not_Eligible
38,Male,Married,Professional,52242,Self-employed,26,Large,Own,28428,4,2,3397,22763,6802,20560,17587,Yes,15130,460,61178,479454,Personal Loan,419623,62,500.0,Not_Eligible
51,Female,Single,High School,156013,Government,22,Large,Rented,13830,3,3,9280,3934,5374,19889,19727,Yes,24073,606,73168,173784,Personal Loan,1352476,38,20967.1,High_Risk
42,Female,Married,Post Graduate,153145,Self-employed,18,Small,Family,24596,6,2,292,25767,8638,9223,12372,No,14822,616,187354,403319,Vehicle,369319,59,20102.25,High_Risk
52,Male,Single,Graduate,122966,Government,30,Large,Family,10716,2,3,5443,21998,4016,18390,5892,No,23169,426,438810,474241,Vehicle,114016,15,11669.699999999999,Not_Eligible
28,Female,Single,High School,183899,Self-employed,1,Large,Own,29220,6,4,9182,28059,4710,11416,15854,Yes,12754,755,238854,143324,Education,653531,30,25446.399999999998,Eligible
31,Female,Married,Post Graduate,192297,Private,12,Large,Family,25772,5,3,11594,7085,1057,6838,3372,No,22490,303,953849,23076,Home Appliances,268422,68,39931.149999999994,Not_Eligible
59,Female,Single,Professional,183168,Private,10,Small,Rented,5043,5,0,2576,28740,13455,7052,420,No,6588,791,951259,268318,Home Appliances,1250752,9,41752.899999999994,Eligible
33,Male,Single,Graduate,196618,Government,1,Small,Family,5116,5,4,6278,14032,10845,27755,2257,Yes,9077,685,242130,237806,Education,1316912,72,42440.299999999996,High_Risk
32,Male,Married,Professional,81457,Self-employed,0,Small,Own,16303,3,3,819,16650,4237,18856,6079,Yes,21909,804,137055,349737,Personal Loan,180910,21,500.0,Not_Eligible
41,Male,Single,Professional,144257,Private,20,Medium,Family,19517,2,4,11682,7317,7516,19278,61,No,3977,485,201373,18029,Home Appliances,164102,17,26218.149999999998,Not_Eligible
41,Female,Married,Professional,83309,Government,28,Large,Rented,24781,5,0,4225,29486,1081,28904,19562,Yes,19770,361,284040,469972,Vehicle,134908,48,500.0,Not_Eligible
57,Female,Single,Post Graduate,101496,Private,2,Medium,Rented,1636,4,4,14247,18264,6989,15943,17930,Yes,29560,580,80316,198624,E-commerce Shopping,853615,54,500.0,Not_Eligible
56,Male,Married,Professional,176340,Self-employed,26,Medium,Family,8822,2,4,3620,17932,13421,3741,5973,No,4075,580,377220,203465,Personal Loan,466734,26,41564.6,Not_Eligible
32,Male,Married,Post Graduate,125078,Government,11,Large,Family,26802,5,2,7929,381,7507,7409,9942,Yes,26714,661,261171,67579,E-commerce Shopping,45682,56,13437.9,High_Risk
43,Female,Married,Post Graduate,188150,Self-employed,6,Small,Rented,7811,2,1,6712,1635,2508,24837,7554,No,28043,482,9586,178773,E-commerce Shopping,1198942,55,38167.5,Not_Eligible
27,Female,Married,Professional,16865,Self-employed,0,Medium,Own,15223,6,3,11620,29045,6165,18423,8370,Yes,8254,430,246929,123358,Education,1377322,58,500.0,Not_Eligible
29,Male,Married,Professional,111242,Self-employed,8,Small,Rented,10581,4,1,14857,25260,9453,27883,5609,No,12302,485,242002,66740,E-commerce Shopping,317386,24,1853.9499999999998,Not_Eligible
37,Female,Single,High School,43887,Private,29,Small,Family,20919,1,0,10699,12793,4706,9183,14008,Yes,1777,694,401295,318346,Home Appliances,1066118,72,500.0,Not_Eligible
55,Female,Single,Graduate,195948,Government,17,Large,Family,17482,5,0,4688,10476,7235,12458,1410,Yes,4030,342,465944,221557,Education,1083536,49,48359.149999999994,Not_Eligible
40,Female,Married,High School,111047,Self-employed,23,Medium,Own,16673,4,4,11181,11850,5114,17696,14722,Yes,11254,303,88653,152936,Vehicle,1293147,6,7894.95,Not_Eligible
56,Female,Single,Graduate,179551,Private,25,Medium,Rented,2604,3,1,1924,26948,3317,20652,10791,No,26472,624,748162,469963,E-commerce Shopping,1130662,36,30395.05,High_Risk
46,Female,Married,Graduate,143863,Self-employed,19,Small,Rented,207,6,3,5751,7417,5672,10989,8527,Yes,13527,497,45070,457203,Home Appliances,544269,53,32120.55,Not_Eligible
53,Female,Single,High School,55478,Private,5,Large,Own,28390,5,3,12901,2637,12994,27433,16190,Yes,14085,658,837124,207077,Home Appliances,1135217,29,500.0,Not_Eligible
46,Female,Single,High School,172473,Government,8,Medium,Rented,8463,1,4,5614,15125,12103,6680,15619,Yes,27356,305,716486,120079,Vehicle,1096259,24,28529.55,Not_Eligible
27,Male,Married,Graduate,174574,Government,22,Small,Own,3678,6,3,4634,5570,9860,14220,13008,Yes,19589,463,327398,480268,Education,1256136,56,36405.25,Not_Eligible
34,Male,Married,Graduate,126750,Government,30,Small,Rented,24990,4,2,4356,21233,14976,10312,16594,No,17199,678,219436,152997,Education,469350,18,5981.5,High_Risk
45,Female,Single,Graduate,28394,Government,7,Small,Own,3468,6,1,3644,6050,2270,23431,9859,Yes,9742,478,711627,251788,Education,93922,59,500.0,Not_Eligible
40,Female,Single,Post Graduate,155334,Self-employed,30,Large,Own,12671,4,0,3207,18335,10926,18927,17838,Yes,28188,346,676295,343057,Vehicle,749450,71,15834.699999999999,Not_Eligible
36,Female,Married,Graduate,19487,Private,22,Large,Own,9476,2,3,2656,26021,4814,12245,5030,Yes,14593,736,325765,89487,Vehicle,1084643,61,500.0,Not_Eligible
26,Male,Single,Professional,173413,Government,17,Small,Family,4986,5,3,9876,22329,14613,21027,15955,Yes,6856,686,827022,69800,Vehicle,1074126,43,27219.85,High_Risk
48,Male,Single,Professional,123924,Self-employed,24,Small,Family,9854,1,3,1250,29911,5019,13220,440,No,22415,352,675095,1073,Education,772110,35,14635.249999999998,Not_Eligible
59,Female,Married,Professional,159642,Government,14,Large,Family,28590,3,4,10004,29403,5715,16217,8846,Yes,11705,586,283488,309353,E-commerce Shopping,697836,47,17206.699999999997,Not_Eligible
54,Male,Single,High School,72268,Government,0,Small,Rented,15526,2,0,10034,16404,7646,10595,12534,No,28247,682,235755,248939,Vehicle,1458780,71,500.0,Not_Eligible
54,Female,Married,High School,44605,Government,13,Small,Own,9233,5,1,14158,12592,13049,13217,6504,No,18593,636,236138,241860,Vehicle,870443,25,500.0,Not_Eligible
59,Female,Married,High School,86602,Private,17,Large,Rented,20474,1,3,227,28000,11091,24885,667,No,3069,482,190101,85210,Education,462887,48,500.0,Not_Eligible
43,Female,Married,Graduate,172795,Private,18,Small,Rented,6803,2,2,3898,12891,7839,13222,6159,Yes,8618,530,554113,7873,Vehicle,1106981,34,39677.75,Not_Eligible
32,Female,Single,Professional,93206,Private,18,Small,Own,18678,1,4,10497,15142,14289,18812,10629,No,24599,749,806955,131112,E-commerce Shopping,1474789,54,500.0,Not_Eligible
50,Female,Single,Graduate,108375,Government,29,Small,Family,11905,6,1,13725,1009,3231,22047,14683,Yes,13552,688,702204,204145,Education,865207,80,9878.05,High_Risk
31,Female,Married,Post Graduate,194779,Self-employed,9,Large,Rented,29991,1,3,2873,12732,9632,16492,15263,No,5093,692,287440,1655,Vehicle,799706,35,35946.049999999996,High_Risk
54,Female,Married,Post Graduate,195100,Self-employed,19,Large,Rented,2461,2,1,11483,7779,1580,13200,10192,Yes,5221,584,370834,447002,Vehicle,319127,71,50000.0,Not_Eligible
31,Male,Single,High School,108937,Self-employed,20,Large,Rented,7945,2,4,9451,14601,4321,15785,3622,Yes,1304,462,615687,273082,Personal Loan,492399,59,18167.8,Not_Eligible
27,Female,Single,Post Graduate,71921,Government,5,Medium,Family,25919,5,2,5139,7140,1375,29238,14381,Yes,11688,403,20744,181568,Personal Loan,501275,37,500.0,Not_Eligible
25,Male,Single,Professional,75760,Private,16,Medium,Own,5673,2,3,6567,21671,7081,9341,18894,No,10868,462,653456,244094,Home Appliances,1036992,56,500.0,Not_Eligible
60,Female,Married,Post Graduate,156321,Self-employed,13,Medium,Own,10954,6,2,6556,25657,6577,22798,1393,Yes,14880,605,644512,59533,Home Appliances,47479,60,23627.1,High_Risk
49,Female,Married,High School,82847,Government,12,Medium,Rented,14004,5,4,3460,19032,4801,3032,7569,No,3947,570,268783,263074,Vehicle,677284,72,9450.699999999999,Not_Eligible
25,Male,Single,Graduate,112547,Government,7,Large,Own,10420,1,2,10584,7824,7489,9477,6637,Yes,24317,840,659094,407830,Personal Loan,963727,58,12529.65,Eligible
39,Male,Single,Post Graduate,58839,Self-employed,21,Small,Family,19751,2,4,10889,14968,10999,5281,17939,Yes,20778,708,330372,26090,Home Appliances,1314386,6,500.0,Not_Eligible
37,Female,Single,Professional,54673,Self-employed,9,Large,Own,13967,5,2,2514,21236,1728,18907,3414,Yes,13328,374,540097,353818,Education,741965,68,500.0,Not_Eligible
32,Male,Married,Professional,18642,Government,8,Medium,Rented,17327,5,1,4284,12611,11629,28105,6276,No,3078,784,678815,225713,Personal Loan,627809,11,500.0,Not_Eligible
29,Female,Married,Professional,152410,Self-employed,4,Large,Rented,29564,3,1,13928,5385,5275,7982,3389,No,7098,612,369103,251928,E-commerce Shopping,22265,21,27926.149999999998,High_Risk
33,Female,Single,Graduate,66761,Government,22,Small,Own,4156,5,4,11631,16244,7780,24298,18278,Yes,7706,411,508155,42849,E-commerce Shopping,240457,65,500.0,Not_Eligible
25,Male,Single,Professional,24622,Self-employed,26,Medium,Rented,12251,5,1,5504,29757,3423,18288,12555,Yes,25123,547,721380,116917,E-commerce Shopping,834253,62,500.0,Not_Eligible
60,Male,Married,High School,63423,Private,3,Small,Family,13520,3,2,6062,14424,7326,26271,6736,Yes,22504,790,364366,58032,E-commerce Shopping,711637,53,500.0,Not_Eligible
59,Male,Married,High School,57873,Government,5,Small,Family,16549,4,2,3169,27039,12083,4289,11218,Yes,21906,779,811014,470874,Personal Loan,790195,75,500.0,Not_Eligible
26,Male,Single,Professional,62565,Private,5,Small,Family,1905,6,3,6413,15017,3376,24484,6367,Yes,10510,624,600117,270306,Education,572860,7,500.0,Not_Eligible
47,Female,Single,Post Graduate,153878,Self-employed,12,Medium,Family,19440,2,4,664,28332,11160,20702,9103,Yes,10309,661,908185,68948,E-commerce Shopping,526735,18,18958.8,High_Risk
33,Male,Single,Professional,15757,Government,3,Large,Rented,9515,3,1,5337,29771,7633,20847,971,No,23736,784,649546,411750,Education,1228894,9,500.0,Not_Eligible
58,Male,Married,High School,167542,Self-employed,21,Medium,Rented,29326,5,4,12308,18836,3247,20968,7408,Yes,18659,720,214982,304002,Home Appliances,1318144,4,19876.5,Eligible
38,Male,Single,High School,21220,Government,7,Medium,Own,16734,5,1,1183,6508,11935,19953,3847,No,23620,708,780790,221507,Home Appliances,1289293,80,500.0,Not_Eligible
28,Male,Married,High School,123408,Self-employed,26,Large,Rented,15420,2,3,13803,28570,7622,18691,15908,No,14572,707,886815,104248,Vehicle,1248181,33,3087.7,Not_Eligible
54,Male,Married,Post Graduate,106851,Private,4,Large,Own,26886,6,2,12716,12159,12048,11037,16820,Yes,16580,429,215771,60174,Personal Loan,1131907,35,500.0,Not_Eligible
55,Female,Single,Post Graduate,108329,Private,1,Large,Rented,3309,1,2,14911,11933,10951,27726,19671,Yes,9729,424,185697,331458,E-commerce Shopping,1007107,42,3534.6499999999996,Not_Eligible
35,Female,Single,Post Graduate,142636,Self-employed,8,Large,Own,5661,3,0,6739,12105,6574,25150,17968,No,9322,583,633218,251995,Education,1199574,61,20690.949999999997,Not_Eligible
59,Male,Married,High School,168577,Private,10,Small,Own,931,4,4,2632,11988,14279,10468,7156,No,7313,487,533293,268802,Education,631448,8,39833.5,Not_Eligible
32,Male,Single,Graduate,43288,Private,19,Medium,Family,3838,2,1,3065,24960,8160,24357,4312,No,19615,737,187267,129148,Personal Loan,1403354,48,500.0,Not_Eligible
27,Female,Married,Professional,89492,Self-employed,19,Medium,Own,14192,2,0,1889,20488,6993,19728,12858,Yes,29934,343,864886,398323,Home Appliances,548575,42,500.0,Not_Eligible
38,Male,Single,Professional,34109,Government,10,Medium,Own,9305,3,4,13278,10754,6559,26862,1595,Yes,16752,821,487029,179729,Personal Loan,1272534,45,500.0,Not_Eligible
37,Female,Single,High School,149569,Self-employed,6,Large,Own,10378,5,1,14994,7536,2912,4659,10317,No,15485,304,830130,328557,Education,775848,76,29150.8,Not_Eligible
56,Female,Single,Post Graduate,72326,Government,25,Medium,Own,8058,5,3,11310,22836,12864,27268,19574,No,19612,675,102287,268980,Personal Loan,483677,14,500.0,Not_Eligible
58,Male,Single,Graduate,24864,Private,13,Small,Own,1989,4,4,12510,2217,4808,3933,17726,Yes,9008,474,795751,92424,Home Appliances,1464016,6,500.0,Not_Eligible
43,Female,Married,Graduate,102562,Private,25,Medium,Family,9577,3,1,959,16530,11174,7716,9854,No,1491,458,158799,118398,Home Appliances,1451171,61,15841.349999999999,Not_Eligible
40,Male,Married,Post Graduate,89310,Private,5,Medium,Own,19868,2,2,8349,28165,3677,23629,11470,Yes,11730,543,513036,246094,E-commerce Shopping,1364981,51,500.0,Not_Eligible
26,Male,Married,Professional,134454,Private,29,Small,Own,15195,3,4,2007,18310,14467,16032,5441,Yes,23411,328,696023,415847,E-commerce Shopping,934449,7,13856.849999999999,Not_Eligible
41,Female,Single,Professional,36017,Private,3,Small,Own,24270,1,1,13088,3754,6578,15554,10836,No,17103,686,347554,493383,E-commerce Shopping,744227,26,500.0,Not_Eligible
58,Female,Married,Graduate,147893,Government,5,Medium,Rented,1116,2,2,721,8271,10886,8609,7344,Yes,2762,453,509189,137127,Home Appliances,652154,37,37864.399999999994,Not_Eligible
40,Male,Married,Graduate,65337,Government,2,Large,Rented,24709,4,2,7700,29475,5531,25658,10549,Yes,11579,301,692294,137655,Education,286325,7,500.0,Not_Eligible
26,Female,Married,Post Graduate,191557,Government,22,Large,Family,28527,4,0,7518,6595,2737,15434,5883,No,21118,634,218696,382733,E-commerce Shopping,984558,7,36310.75,High_Risk
26,Male,Single,Professional,98557,Self-employed,5,Medium,Own,9419,2,1,14654,28113,6697,9746,10132,Yes,8987,760,937414,381285,Personal Loan,1314597,74,3783.1499999999996,Not_Eligible
50,Female,Married,Graduate,25372,Private,2,Medium,Own,6962,5,0,1254,26335,1045,17710,19535,Yes,26965,355,620300,499388,Education,844764,57,500.0,Not_Eligible
37,Female,Single,Professional,115050,Private,0,Medium,Rented,5967,2,0,2345,17361,8019,29084,7059,No,18586,697,260980,192268,Vehicle,217918,67,9320.15,High_Risk
55,Male,Single,Graduate,108938,Private,27,Medium,Own,15981,2,3,4540,21286,6891,6575,9199,Yes,3207,631,345019,253926,E-commerce Shopping,654245,68,14440.65,High_Risk
58,Male,Married,Post Graduate,86333,Self-employed,25,Large,Family,27685,1,0,104,13866,2941,5551,13017,Yes,2503,826,965848,53166,Vehicle,1234293,9,7233.099999999999,High_Risk
27,Male,Single,Professional,31283,Self-employed,20,Medium,Own,29689,2,0,1661,6052,7060,27570,8080,Yes,5782,673,898920,490825,E-commerce Shopping,705414,17,500.0,Not_Eligible
32,Female,Married,Graduate,55857,Self-employed,25,Small,Family,27080,6,3,13170,19188,13531,25049,1035,No,22559,344,817931,295531,Education,1319843,80,500.0,Not_Eligible
47,Male,Married,Graduate,66772,Private,17,Large,Rented,11797,6,3,5418,23963,9347,26562,15052,Yes,13291,831,607444,368349,Vehicle,347887,79,500.0,Not_Eligible
38,Male,Married,Graduate,110856,Government,22,Large,Family,24288,3,4,1091,26161,12657,27549,17533,No,21518,423,506170,140676,Home Appliances,161759,46,500.0,Not_Eligible
51,Female,Married,Graduate,177333,Self-employed,28,Small,Family,26457,3,0,8729,4390,1961,8380,14683,Yes,18266,529,129657,70997,E-commerce Shopping,1092356,31,33063.45,Not_Eligible
53,Female,Married,Post Graduate,21107,Self-employed,22,Medium,Family,20917,4,2,10912,9345,1944,20395,7239,No,10367,634,495166,242530,Personal Loan,323363,4,500.0,Not_Eligible
25,Male,Single,Professional,50561,Government,3,Medium,Family,8871,5,3,5739,6012,8774,23550,8631,No,9594,420,607585,147716,Vehicle,886501,60,500.0,Not_Eligible
41,Male,Married,Professional,181340,Self-employed,5,Medium,Family,27270,4,1,13088,5883,10470,26715,785,Yes,1987,555,478896,93945,Personal Loan,808313,73,33299.7,Not_Eligible
54,Male,Single,High School,177680,Government,16,Medium,Family,19053,1,4,6960,21668,10577,13500,14323,No,14759,781,250406,207243,Vehicle,641141,12,26894.0,Eligible
37,Male,Married,Professional,28138,Private,17,Medium,Family,25823,2,4,9256,8804,13246,15983,18986,Yes,24671,816,932226,442274,Education,934808,57,500.0,Not_Eligible
45,Female,Married,High School,183765,Government,30,Small,Family,1191,4,0,1571,27506,4919,25298,12495,Yes,17198,613,286378,2644,Personal Loan,262516,44,32755.449999999997,High_Risk
43,Female,Married,Graduate,139143,Government,5,Medium,Family,17514,2,2,3015,10002,10928,3860,6617,No,19044,636,902743,479641,E-commerce Shopping,1372091,72,23857.05,High_Risk
43,Male,Single,Post Graduate,167320,Private,1,Small,Rented,17787,4,3,7006,19962,12058,29010,1358,Yes,25717,376,825024,38272,Home Appliances,1485413,70,19047.699999999997,Not_Eligible
49,Male,Single,Post Graduate,33632,Self-employed,11,Small,Family,26647,2,1,3446,20548,7058,4439,10316,No,18953,399,739615,151280,Education,1108123,74,500.0,Not_Eligible
46,Male,Single,Graduate,62547,Private,11,Small,Family,5630,4,0,1429,4651,11616,6416,9365,Yes,14263,595,727740,219273,Vehicle,1094314,15,3211.95,Not_Eligible
55,Female,Single,High School,27100,Self-employed,26,Medium,Own,9522,6,2,13819,2956,13440,6953,10811,No,27764,557,466597,128254,E-commerce Shopping,1329826,39,500.0,Not_Eligible
41,Male,Married,Graduate,62930,Self-employed,3,Medium,Own,5030,6,0,241,5781,4838,9760,212,No,27995,736,238850,12709,Vehicle,1303550,10,3175.5499999999997,Not_Eligible
47,Male,Married,Post Graduate,68025,Government,15,Large,Own,1381,6,0,7086,29171,12011,16665,7742,Yes,7347,822,661123,458903,Personal Loan,1302440,42,500.0,Not_Eligible
56,Female,Single,Post Graduate,93944,Private,19,Large,Family,16753,3,4,9554,3206,12415,12653,8220,Yes,12511,839,805757,367731,Personal Loan,1440264,11,6521.2,High_Risk
34,Female,Single,Professional,196912,Government,9,Small,Rented,5092,1,1,2067,16257,6559,16331,2944,Yes,21727,418,646744,334558,Home Appliances,459471,80,44077.25,Not_Eligible
34,Male,Single,High School,165441,Private,24,Large,Rented,20178,4,1,10070,17213,3650,26287,7680,Yes,10487,694,76884,333548,Personal Loan,1493516,62,24456.6,High_Risk
60,Male,Married,Professional,164532,Private,30,Small,Own,22698,3,1,7831,4597,9431,9615,6216,No,7421,796,926957,475182,Education,1103447,77,33853.049999999996,Eligible
32,Female,Single,Post Graduate,106641,Government,9,Large,Own,22084,5,1,7338,9165,4254,19545,18637,Yes,15678,548,285824,171862,Vehicle,542326,12,3479.0,Not_Eligible
44,Male,Single,Post Graduate,111920,Self-employed,6,Medium,Family,14557,4,3,14179,27992,7402,28214,3739,No,4018,306,130830,335700,Vehicle,368738,73,4136.65,Not_Eligible
56,Male,Married,Professional,147533,Self-employed,13,Medium,Rented,27066,2,3,11080,25305,8627,20441,14330,No,17358,712,894736,339201,Education,255014,79,8164.099999999999,High_Risk
38,Female,Single,Professional,57362,Private,6,Small,Rented,25752,1,1,6887,25476,13718,20837,9441,Yes,1861,735,268316,400756,Personal Loan,1188711,24,500.0,Not_Eligible
52,Female,Married,Post Graduate,43610,Self-employed,11,Small,Own,8567,3,2,5135,659,9691,7826,9815,Yes,648,818,607781,108126,Personal Loan,251214,58,500.0,Not_Eligible
48,Female,Married,Professional,119334,Government,10,Medium,Rented,14616,3,3,7450,7805,13061,26281,15421,No,25317,751,721260,310651,Education,1294755,48,3284.0499999999997,Not_Eligible
39,Male,Married,Professional,167067,Government,16,Medium,Own,19144,1,3,300,760,7219,16332,14081,No,15197,319,329373,239233,Home Appliances,1420392,20,32911.9,Not_Eligible
46,Female,Married,High School,22717,Government,10,Medium,Own,27866,4,2,12452,8523,5392,22168,7877,Yes,17960,302,532278,183453,E-commerce Shopping,968063,75,500.0,Not_Eligible
54,Female,Married,Post Graduate,79022,Private,20,Large,Family,1943,2,1,2828,958,11422,25694,19087,Yes,2599,712,200901,330904,E-commerce Shopping,323585,61,5071.849999999999,High_Risk
28,Male,Single,Graduate,199740,Private,2,Large,Own,17341,5,0,11954,28067,14370,6367,7923,No,4879,319,11654,285040,Personal Loan,1470668,63,38093.649999999994,Not_Eligible
37,Male,Single,High School,66645,Self-employed,18,Large,Family,15975,4,3,5377,9950,8719,23651,84,Yes,18171,744,410790,235090,E-commerce Shopping,483564,54,500.0,Not_Eligible
47,Female,Married,Graduate,44550,Government,21,Large,Rented,25386,1,0,5707,5840,12820,14427,4866,No,11288,526,986379,301245,E-commerce Shopping,136894,11,500.0,Not_Eligible
32,Female,Married,Professional,149648,Government,3,Small,Rented,21306,4,0,11880,23183,10621,9966,13554,No,137,645,259729,281341,E-commerce Shopping,483461,65,20650.35,High_Risk
42,Male,Single,Professional,55868,Private,7,Small,Own,14133,4,2,2400,4408,9718,26768,12692,No,15261,639,553637,271616,Personal Loan,834880,66,500.0,Not_Eligible
36,Male,Single,Graduate,113039,Private,13,Large,Own,23013,1,1,3158,1855,6851,7294,3114,Yes,2056,350,407141,129892,Vehicle,35593,16,22994.3,Not_Eligible
55,Female,Married,Professional,192452,Private,19,Small,Family,17917,1,0,7994,27785,2808,21481,3672,No,1831,672,966512,282075,Personal Loan,607323,78,38137.399999999994,High_Risk
38,Female,Single,Professional,151800,Government,23,Large,Family,29006,5,1,1020,16738,10402,12657,5924,Yes,25144,652,853774,337086,Personal Loan,208176,19,17818.149999999998,High_Risk
58,Male,Single,High School,47800,Government,13,Large,Rented,6885,1,4,1549,5621,13139,23809,1373,Yes,21110,329,625686,440275,Home Appliances,253286,19,500.0,Not_Eligible
42,Female,Married,Graduate,25886,Self-employed,27,Medium,Rented,8601,1,1,11110,2272,9175,26881,9655,No,5894,777,131354,492730,Home Appliances,158301,53,500.0,Not_Eligible
58,Male,Single,High School,193308,Government,15,Large,Own,53,1,2,14256,29285,10240,23773,5011,No,20650,543,902609,214639,Personal Loan,468006,58,31513.999999999996,Not_Eligible
35,Female,Single,Graduate,60805,Self-employed,14,Small,Own,4796,3,2,7965,20578,5394,5327,5952,Yes,9075,707,524334,85301,Education,728832,26,601.3,Not_Eligible
36,Male,Single,High School,47532,Self-employed,11,Large,Family,14045,1,4,6902,14642,5668,23843,12308,Yes,20991,714,813794,457668,Education,178116,79,500.0,Not_Eligible
39,Male,Single,Post Graduate,127765,Government,15,Medium,Own,25674,1,2,877,4890,10346,7041,19036,Yes,10111,322,830090,281014,Home Appliances,1087540,38,17426.5,Not_Eligible
55,Female,Married,Post Graduate,43688,Self-employed,19,Small,Family,18780,1,1,7009,27014,6880,5618,18474,Yes,12207,352,565738,183901,Home Appliances,506405,64,500.0,Not_Eligible
53,Female,Single,Graduate,157135,Self-employed,18,Medium,Rented,25550,5,1,3080,3162,1675,18532,296,No,14704,341,372155,73686,Vehicle,486380,20,31547.6,Not_Eligible
50,Male,Married,Post Graduate,38089,Private,4,Large,Rented,24235,4,1,3534,20264,12230,15441,1130,Yes,7678,461,735491,378153,Home Appliances,597235,57,500.0,Not_Eligible
42,Female,Single,High School,197901,Government,11,Large,Own,29064,1,2,11799,6517,4278,19093,19368,Yes,20854,453,602201,168922,E-commerce Shopping,702865,44,30424.8,Not_Eligible
56,Female,Married,Graduate,196625,Self-employed,28,Large,Family,12841,1,1,7791,8395,11477,4754,8908,Yes,18279,626,340703,203572,Personal Loan,1016596,67,43463.0,High_Risk
46,Female,Married,Post Graduate,48585,Self-employed,4,Large,Own,15516,5,3,9512,20349,3239,10659,12923,No,24779,708,689812,233,Personal Loan,1140970,16,500.0,Not_Eligible
41,Male,Single,Post Graduate,17438,Self-employed,9,Small,Own,27470,4,4,14267,26349,10243,18954,11376,Yes,20536,814,495539,429120,Personal Loan,1345121,12,500.0,Not_Eligible
47,Female,Married,Graduate,108095,Government,25,Large,Family,14416,5,3,5336,608,12370,11128,16027,Yes,17040,672,493976,118408,Vehicle,1064165,7,10909.5,High_Risk
48,Female,Married,Post Graduate,169284,Private,16,Medium,Own,27855,6,1,14563,27256,12486,10089,9499,Yes,25624,765,461010,112753,Vehicle,424924,24,14669.199999999999,Eligible
32,Male,Married,Post Graduate,196434,Private,14,Small,Family,21305,2,2,3103,8076,14691,25143,4426,Yes,15982,793,714264,257222,E-commerce Shopping,1228315,39,36297.799999999996,Eligible
30,Female,Married,Graduate,163055,Government,7,Small,Family,7253,2,4,12718,1140,1428,20081,9053,Yes,19846,824,28859,288818,Personal Loan,837833,35,32037.6,Eligible
29,Female,Married,Post Graduate,29026,Government,7,Small,Own,21223,2,3,2836,12353,3131,23341,14620,No,19510,749,301624,165081,E-commerce Shopping,1271539,12,500.0,Not_Eligible
53,Male,Single,Post Graduate,135168,Government,7,Medium,Family,10416,1,1,6313,26754,9689,16729,15089,Yes,3024,355,601818,340341,Home Appliances,1394390,66,16503.899999999998,Not_Eligible
52,Male,Married,Post Graduate,65998,Government,29,Medium,Rented,18942,5,2,13542,4874,11476,27293,15799,No,11807,403,351182,347151,Personal Loan,41783,60,500.0,Not_Eligible
35,Female,Married,Post Graduate,72013,Private,9,Medium,Rented,11882,1,1,2117,4996,4866,15559,15608,No,15446,474,853786,392628,E-commerce Shopping,398670,65,538.65,Not_Eligible
25,Female,Single,Professional,66039,Self-employed,19,Medium,Rented,24714,2,3,9326,21307,1850,13682,18868,Yes,3743,621,121603,139077,Vehicle,203626,37,500.0,Not_Eligible
43,Male,Single,Graduate,195903,Self-employed,12,Large,Rented,11365,4,3,11352,13697,11851,11704,9289,Yes,27545,367,492644,24765,Vehicle,1427412,51,34685.0,Not_Eligible
33,Male,Married,Professional,180675,Government,29,Large,Own,18904,4,4,12289,8173,3891,20192,16954,No,16455,824,899621,440041,Vehicle,1367048,30,29335.949999999997,Eligible
51,Female,Single,Professional,121446,Government,15,Medium,Rented,14133,6,2,14238,6235,10250,9555,17698,No,5653,791,761329,161828,E-commerce Shopping,946274,57,15289.4,Eligible
58,Female,Single,High School,113452,Self-employed,8,Medium,Rented,21021,5,0,11319,5196,14231,4038,9139,No,17133,631,293254,137660,E-commerce Shopping,1398488,11,10981.25,High_Risk
28,Female,Single,Professional,159177,Private,15,Large,Rented,10433,6,1,2717,7917,3144,11735,7971,No,16054,598,595364,17080,E-commerce Shopping,1195073,77,34722.1,Not_Eligible
60,Male,Single,Professional,82182,Government,9,Large,Rented,20211,4,2,8126,15611,9035,14968,12345,No,952,342,118125,131244,Education,1334544,47,500.0,Not_Eligible
42,Female,Single,High School,67147,Government,2,Medium,Own,23013,2,0,6414,738,12496,18599,4595,Yes,6279,498,942135,109899,Personal Loan,1294936,29,500.0,Not_Eligible
39,Male,Single,Post Graduate,90400,Private,22,Small,Rented,17721,6,2,7441,14183,7550,18964,8922,Yes,13357,391,627983,382039,Education,400054,34,791.6999999999999,Not_Eligible
37,Male,Married,Post Graduate,61434,Private,21,Small,Family,12281,6,1,10783,23871,8103,25616,11035,Yes,4612,789,642507,250493,Education,273305,43,500.0,Not_Eligible
43,Male,Married,Professional,41515,Private,24,Medium,Family,14008,6,1,14605,10892,11764,24450,5588,No,29707,843,428219,384784,Home Appliances,1071488,23,500.0,Not_Eligible
30,Female,Single,High School,73001,Government,27,Small,Own,27428,5,4,8381,3723,10973,29877,16709,Yes,4122,335,884178,398589,Home Appliances,24058,78,500.0,Not_Eligible
36,Female,Single,Post Graduate,163032,Private,13,Large,Own,2294,5,3,10961,657,14213,24225,12121,Yes,20563,581,428508,270200,Vehicle,99101,9,27299.3,Not_Eligible
41,Female,Married,High School,124591,Government,12,Small,Own,19061,2,3,11746,23696,9680,9282,19619,No,6026,504,525046,274817,Education,880445,24,8918.349999999999,Not_Eligible
47,Male,Single,Graduate,60778,Government,3,Medium,Rented,22965,2,3,3379,19110,9595,11901,9575,Yes,27171,472,256961,10718,Home Appliances,1146167,56,500.0,Not_Eligible
50,Female,Married,Graduate,177013,Private,3,Small,Own,72,2,4,12309,9301,14061,20697,11473,No,5171,589,705399,494372,Education,643816,69,36375.149999999994,Not_Eligible
53,Male,Single,Graduate,110849,Self-employed,5,Small,Rented,7236,6,3,14349,19596,6342,7401,16243,No,73,717,736196,338869,Personal Loan,1174434,78,13863.15,Eligible
57,Male,Married,Graduate,118083,Private,23,Small,Own,15089,2,2,11749,22572,9594,15459,8746,No,12777,587,884015,53161,Education,104439,60,7733.95,Not_Eligible
51,Male,Married,Professional,187027,Self-employed,18,Large,Family,23703,5,3,14029,24421,4657,26053,11396,Yes,11718,401,995815,403740,Vehicle,1491160,79,24867.5,Not_Eligible
49,Male,Single,Graduate,116276,Private,10,Large,Family,27454,4,3,1569,2164,10993,10345,15065,No,11511,750,832664,436032,E-commerce Shopping,1468368,66,13011.25,Eligible
34,Male,Single,Graduate,71908,Private,7,Large,Rented,16346,2,1,3925,8338,1183,15894,1587,Yes,18443,420,871529,21227,Vehicle,608085,44,2167.2,Not_Eligible
47,Male,Single,High School,164501,Government,13,Medium,Own,18525,3,4,1487,12247,7420,26380,452,No,11830,356,766168,49357,Education,1102901,55,30155.999999999996,Not_Eligible
45,Female,Single,Post Graduate,109048,Government,7,Small,Family,20914,5,4,8759,6802,14182,12964,13894,Yes,9551,406,929371,123254,Education,94837,30,7693.7,Not_Eligible
45,Male,Married,High School,160919,Government,29,Large,Rented,26382,1,3,3823,21524,12831,29015,3074,No,17661,538,96494,398247,E-commerce Shopping,840310,60,16313.15,Not_Eligible
37,Female,Single,Professional,193263,Government,13,Large,Family,10237,4,0,14260,4631,14880,26117,1112,Yes,10910,712,798482,364656,Vehicle,881292,7,38890.6,Eligible
57,Male,Married,Graduate,49256,Government,22,Small,Own,11694,5,1,3504,3229,2516,22699,16265,No,21082,320,882906,295690,Vehicle,561056,57,500.0,Not_Eligible
48,Female,Single,Post Graduate,142025,Government,6,Medium,Rented,20936,2,3,2622,21551,8462,27984,1074,Yes,25577,832,9959,207801,Education,751500,62,11836.65,Eligible
35,Female,Married,Post Graduate,174846,Government,20,Small,Family,3501,6,0,5519,20898,5156,18579,3524,Yes,29503,715,889695,138463,Personal Loan,91716,47,30858.1,Eligible
41,Female,Single,Graduate,142343,Self-employed,17,Medium,Own,10468,3,2,6735,5229,10900,7814,8671,Yes,17511,597,597709,291091,Home Appliances,663687,22,26255.25,Not_Eligible
28,Female,Single,Graduate,24127,Self-employed,11,Small,Rented,18461,1,1,14887,27194,6085,24106,3318,No,602,310,574681,413377,Education,619425,11,500.0,Not_Eligible
49,Male,Married,Professional,133251,Government,13,Large,Family,9840,4,4,13093,29669,4693,8243,2933,No,22842,653,44288,65950,Education,106108,9,14678.3,High_Risk
54,Male,Single,Professional,174277,Self-employed,14,Large,Family,8526,2,0,913,19984,11139,23717,3794,Yes,29464,385,354871,316804,Home Appliances,70653,9,26859.0,Not_Eligible
33,Male,Single,Graduate,96163,Private,17,Large,Rented,21139,5,3,14614,27951,13433,5453,18827,Yes,10087,524,585876,469343,E-commerce Shopping,1063412,52,500.0,Not_Eligible
45,Male,Single,Graduate,133279,Self-employed,28,Medium,Own,29240,5,0,13055,23009,10741,29158,18896,Yes,16324,493,279038,351281,Education,660054,16,500.0,Not_Eligible
44,Female,Single,Graduate,116824,Government,11,Small,Rented,12464,4,4,5229,11830,13470,28797,9365,No,28739,402,830497,453672,Personal Loan,989238,37,2425.5,Not_Eligible
43,Female,Single,Graduate,53664,Self-employed,9,Medium,Family,11063,3,2,8239,15496,5410,19946,11253,Yes,17908,601,886671,429566,E-commerce Shopping,1018138,65,500.0,Not_Eligible
43,Female,Married,Post Graduate,71795,Private,11,Large,Family,2615,6,0,8935,5196,13140,14969,15667,No,21675,347,369825,24073,E-commerce Shopping,12313,21,500.0,Not_Eligible
36,Male,Single,Professional,136729,Self-employed,7,Medium,Family,14744,2,3,5201,18701,13946,17917,13809,Yes,9898,592,68344,436212,E-commerce Shopping,201615,75,14879.55,Not_Eligible
41,Female,Married,Graduate,178405,Government,26,Medium,Own,13064,4,0,10925,921,3791,11054,18280,No,1166,321,801045,51892,Education,881777,61,41721.399999999994,Not_Eligible
52,Male,Single,Graduate,51079,Private,5,Medium,Family,21740,4,2,10864,21171,1995,23566,15664,Yes,18316,474,82045,316259,E-commerce Shopping,624231,84,500.0,Not_Eligible
59,Female,Single,Post Graduate,99225,Private,23,Small,Family,13589,5,0,5397,29780,3856,19345,14297,No,9952,632,604976,243888,Vehicle,721048,66,1053.1499999999999,Not_Eligible
42,Female,Married,High School,39259,Self-employed,18,Medium,Rented,20556,4,2,12668,29483,9843,12947,6686,No,4292,316,466957,154009,Education,839797,67,500.0,Not_Eligible
38,Female,Married,Graduate,41571,Private,0,Medium,Family,932,1,2,12597,28115,14971,14029,2294,Yes,25240,695,870935,169067,Education,601469,19,500.0,Not_Eligible
59,Female,Married,Post Graduate,66119,Private,12,Medium,Rented,17019,1,1,6695,22154,8073,27488,7402,Yes,11928,375,972906,163394,Home Appliances,1151471,14,500.0,Not_Eligible
31,Female,Married,Post Graduate,23009,Private,21,Large,Family,23067,2,1,541,20274,10084,10500,1355,Yes,14857,502,110767,239651,E-commerce Shopping,1474327,57,500.0,Not_Eligible
37,Male,Married,High School,125210,Government,15,Large,Rented,22157,4,3,4862,7849,7179,11936,1194,Yes,22717,532,52578,260502,Education,1382180,20,16560.6,Not_Eligible
42,Female,Single,Professional,76829,Private,17,Small,Rented,19613,5,3,9398,20721,12028,18790,1498,Yes,28683,414,129899,428381,Personal Loan,1099743,68,500.0,Not_Eligible
37,Male,Married,Professional,53230,Self-employed,11,Large,Rented,17574,6,3,8375,20413,3002,11561,2889,No,962,395,415763,248998,Personal Loan,1359728,26,500.0,Not_Eligible
60,Male,Married,Professional,126364,Self-employed,30,Small,Rented,15544,2,2,7721,2978,10256,25243,515,No,9244,573,717702,71994,Education,1451769,6,19202.05,Not_Eligible
55,Male,Single,Graduate,71049,Private,24,Large,Own,5508,3,2,12201,9279,11622,17229,6798,No,9180,675,412936,485142,Education,727656,6,500.0,Not_Eligible
26,Male,Single,Professional,116762,Self-employed,4,Small,Family,11,5,1,10173,29935,9360,21475,1671,Yes,6698,633,433023,14614,Personal Loan,1464834,23,13103.65,High_Risk
40,Male,Married,Graduate,138273,Private,20,Small,Own,12194,3,2,8180,27742,1170,20704,14271,No,16471,648,886948,136106,Personal Loan,1016182,29,13139.349999999999,High_Risk
33,Male,Married,Graduate,134466,Self-employed,12,Small,Family,13118,2,1,6609,5777,4689,8886,19155,Yes,21335,798,127064,467555,Vehicle,305173,13,19213.949999999997,Eligible
33,Male,Married,Post Graduate,182570,Private,25,Large,Rented,26025,1,0,4734,22925,1738,11657,5399,No,8664,475,45017,224024,Personal Loan,992979,64,35499.799999999996,Not_Eligible
35,Male,Single,Professional,134053,Private,7,Medium,Family,8060,5,3,13748,23415,12719,3472,3042,No,12398,662,184632,450899,Vehicle,1115224,66,20019.649999999998,High_Risk
46,Female,Married,Professional,174892,Private,5,Large,Rented,448,6,3,4689,2096,4562,12488,15670,Yes,14192,344,678527,37947,Education,464090,29,42261.45,Not_Eligible
57,Female,Single,Professional,186387,Government,2,Medium,Family,7661,5,4,9448,5572,2317,26516,693,Yes,18852,678,577815,327781,E-commerce Shopping,775858,66,40364.799999999996,High_Risk
60,Male,Single,Graduate,110018,Self-employed,24,Large,Rented,2496,2,1,14132,18576,8825,15460,6352,Yes,22596,729,735466,460448,E-commerce Shopping,364699,38,7553.349999999999,High_Risk
47,Male,Single,Graduate,47795,Private,25,Medium,Family,5885,5,4,10943,17300,2287,19619,13636,No,14454,606,484880,164000,Home Appliances,68082,64,500.0,Not_Eligible
58,Male,Single,Professional,128812,Government,19,Large,Family,426,5,3,4096,12685,11486,8165,14285,No,21258,715,177986,424933,Vehicle,595670,49,19743.85,Eligible
33,Female,Married,Graduate,100411,Government,25,Small,Family,7099,2,4,11768,29442,7081,27284,6861,No,19879,542,556275,122560,Personal Loan,551340,68,500.0,Not_Eligible
48,Female,Single,Graduate,54191,Private,3,Small,Rented,25491,4,0,7151,21150,13435,4678,13037,Yes,8042,436,395438,359214,Vehicle,709092,43,500.0,Not_Eligible
32,Male,Single,High School,27453,Private,11,Small,Family,19553,2,4,14697,5422,5036,23712,7658,No,246,357,516397,346656,Home Appliances,868434,47,500.0,Not_Eligible
31,Male,Married,High School,135848,Private,12,Medium,Rented,12918,5,0,4814,25003,5536,25944,11795,No,2878,468,93042,167205,Home Appliances,169292,81,16436.0,Not_Eligible
60,Female,Single,Professional,196397,Private,1,Medium,Own,12513,6,3,3780,19472,13649,9064,14796,No,26645,761,458637,74903,Vehicle,855372,26,33767.299999999996,Eligible
42,Female,Married,Professional,195562,Private,18,Small,Family,16830,6,2,8474,4176,11461,19649,6197,Yes,6131,709,290264,241096,Personal Loan,681959,21,42925.399999999994,Eligible
27,Male,Single,High School,129165,Self-employed,3,Medium,Rented,26486,2,1,3600,10423,9849,9333,4488,No,4494,683,272095,361822,Education,1467181,73,21172.199999999997,High_Risk
52,Male,Married,Graduate,64993,Private,22,Small,Rented,11927,5,4,6974,6610,5203,5404,8435,No,20360,744,689617,160613,Education,1002510,83,500.0,Not_Eligible
30,Male,Single,Graduate,125780,Private,12,Large,Rented,2250,3,0,14504,7238,9123,11330,3745,No,26097,772,602471,252720,Education,496876,70,18022.55,Eligible
45,Male,Single,Post Graduate,60706,Self-employed,18,Medium,Own,23495,3,3,9401,22617,6334,16816,5835,No,325,541,451266,442331,Home Appliances,1259821,42,500.0,Not_Eligible
52,Female,Married,Professional,188889,Government,7,Medium,Rented,29346,1,3,6265,25284,8924,18711,7311,Yes,13503,523,84362,485078,Vehicle,14963,66,27840.75,Not_Eligible
25,Female,Single,Professional,106434,Self-employed,7,Large,Own,13608,2,2,440,20047,4201,12557,2949,No,25177,421,158490,493341,Home Appliances,193446,54,9609.25,Not_Eligible
60,Male,Single,Professional,65799,Government,15,Medium,Own,2681,2,3,3807,1981,9767,19003,8482,Yes,29317,807,331882,365009,Personal Loan,1211444,45,500.0,Not_Eligible
45,Male,Married,Post Graduate,134586,Government,25,Medium,Rented,17785,3,3,12926,17772,9491,18220,5736,No,12639,543,781858,140345,E-commerce Shopping,1467049,64,14005.949999999999,Not_Eligible
59,Male,Single,Post Graduate,75964,Self-employed,10,Medium,Family,3407,3,2,473,24778,12698,21336,8322,Yes,810,520,43168,48857,Home Appliances,723457,57,1449.0,Not_Eligible
37,Female,Single,Graduate,199750,Private,17,Large,Own,6761,3,3,7289,19686,2892,11264,17798,No,8595,434,139868,266592,Personal Loan,768691,80,43912.75,Not_Eligible
34,Male,Married,High School,112379,Government,3,Small,Rented,16133,6,0,1857,29270,6481,19546,12565,Yes,6780,334,147017,46010,Personal Loan,249835,44,6911.45,Not_Eligible
34,Male,Married,High School,124987,Private,23,Small,Own,17427,6,4,2779,16098,1223,10973,6070,No,22370,466,186587,54904,Personal Loan,209090,61,16816.45,Not_Eligible
37,Male,Married,High School,76926,Self-employed,0,Large,Rented,21747,1,4,5036,20485,7720,19606,3928,No,21930,561,373022,347100,E-commerce Shopping,936531,50,500.0,Not_Eligible
48,Female,Married,Graduate,18801,Government,0,Large,Rented,13555,1,0,12947,10596,8654,25477,13700,No,6845,633,966403,454048,Education,1403003,48,500.0,Not_Eligible
26,Male,Married,High School,187120,Private,29,Large,Own,27594,4,4,12579,11712,4648,19568,15218,No,14658,364,61894,87334,Vehicle,1292540,55,28400.05,Not_Eligible
46,Female,Single,Post Graduate,55144,Government,13,Small,Rented,391,6,3,4342,16096,14685,19478,15418,Yes,21073,409,247105,178733,Home Appliances,35892,66,500.0,Not_Eligible
41,Male,Married,Post Graduate,109478,Government,3,Large,Own,4819,2,4,10133,3217,3741,23256,5865,Yes,18658,710,360040,339438,E-commerce Shopping,513392,22,13926.15,Eligible
60,Male,Single,Professional,156220,Self-employed,10,Small,Rented,23263,1,4,12475,10294,8152,3683,8584,Yes,18611,694,148153,272805,Personal Loan,534914,31,24905.3,High_Risk
38,Male,Married,High School,127364,Private,17,Large,Family,5984,5,3,9738,29762,6227,14572,11365,No,19401,308,152847,42134,E-commerce Shopping,133422,56,10610.25,Not_Eligible
34,Female,Single,Post Graduate,97819,Private,15,Medium,Family,17669,2,4,11547,5816,14662,3975,18468,Yes,8089,481,572159,106521,Home Appliances,48605,55,6157.549999999999,Not_Eligible
59,Male,Single,Professional,165933,Government,16,Small,Own,6363,4,3,8748,8338,6511,14411,15683,No,7133,342,19770,325424,Vehicle,158632,10,34561.1,Not_Eligible
49,Male,Married,High School,168552,Private,23,Small,Own,5127,3,2,5243,4681,11050,18678,15251,Yes,1438,605,807039,390757,Home Appliances,1178045,22,37479.399999999994,High_Risk
27,Female,Single,High School,33637,Government,1,Large,Own,6589,4,2,7033,25555,12886,26730,10673,No,29622,412,903345,465516,E-commerce Shopping,250600,67,500.0,Not_Eligible
41,Female,Single,Post Graduate,59621,Self-employed,3,Medium,Own,28685,2,4,4342,25311,7219,27433,10735,No,11075,618,995173,467223,Personal Loan,493613,82,500.0,Not_Eligible
36,Female,Married,Professional,62431,Self-employed,2,Small,Family,10626,3,2,11669,15827,3297,26852,9751,No,3384,732,203462,457342,Personal Loan,446502,60,500.0,Not_Eligible
48,Male,Married,Professional,114937,Private,14,Large,Own,25217,4,4,13648,25270,5336,14424,11245,No,663,530,254246,76394,Education,1421214,67,6696.9,Not_Eligible
53,Female,Married,Post Graduate,71172,Self-employed,1,Medium,Rented,25621,4,2,5054,13407,8393,3060,3197,No,10176,779,830448,286546,Education,299812,37,792.4,Not_Eligible
49,Male,Married,Post Graduate,40437,Self-employed,23,Small,Rented,12512,2,4,11422,7658,12056,18196,10544,Yes,24729,714,361410,201897,Vehicle,139309,10,500.0,Not_Eligible
60,Female,Single,Post Graduate,154221,Private,18,Large,Own,15700,1,1,3338,6052,12736,9215,9607,No,28464,435,423001,68733,Vehicle,665614,10,24188.149999999998,Not_Eligible
50,Female,Single,High School,160743,Government,30,Medium,Rented,4037,5,0,14627,853,10891,4460,10861,Yes,732,811,756710,334362,Education,1351962,68,39998.7,Eligible
25,Female,Single,Post Graduate,38119,Self-employed,8,Small,Own,27623,4,2,7757,247,4334,28057,17413,Yes,805,714,308705,192641,Education,1197953,30,500.0,Not_Eligible
44,Male,Single,Post Graduate,192189,Private,9,Small,Rented,6854,5,3,10018,26755,3062,23462,13863,No,27683,346,174303,79475,Home Appliances,345795,46,28172.199999999997,Not_Eligible
52,Male,Single,Graduate,162351,Private,20,Medium,Rented,25733,6,0,10390,13836,9856,8325,848,No,20601,441,310202,496775,Home Appliances,1296045,18,25466.699999999997,Not_Eligible
40,Male,Single,Post Graduate,83835,Private,24,Large,Own,19633,6,4,11548,15429,9687,18693,19381,Yes,24757,384,719680,334670,Personal Loan,491928,77,500.0,Not_Eligible
41,Male,Married,Post Graduate,150875,Self-employed,18,Large,Own,28203,2,0,6294,22876,2464,18665,5484,Yes,8072,730,483084,483708,Personal Loan,82260,66,20585.949999999997,Eligible
52,Male,Single,High School,75805,Self-employed,27,Medium,Family,1543,2,3,12267,4537,13837,15841,9522,No,13737,392,501116,346252,Education,812350,80,1582.35,Not_Eligible
36,Male,Single,Professional,33201,Government,4,Small,Own,17175,1,3,4219,10495,11276,9001,17409,Yes,20063,729,519762,98394,Home Appliances,420862,39,500.0,Not_Eligible
51,Male,Single,High School,43634,Government,13,Medium,Family,13850,3,4,8186,9601,4705,25035,11421,Yes,4068,728,699835,43669,Education,671153,35,500.0,Not_Eligible
54,Male,Married,Graduate,160832,Government,9,Medium,Own,25012,5,2,12003,27128,7912,6651,15263,Yes,27751,458,856927,188278,Education,833840,10,13689.199999999999,Not_Eligible
58,Male,Married,Post Graduate,156898,Government,15,Medium,Rented,21554,4,2,6415,11963,14486,27129,1222,No,11345,417,834120,55342,Vehicle,997001,36,21974.399999999998,Not_Eligible
30,Female,Married,Post Graduate,101821,Government,5,Small,Family,22427,3,1,1894,2463,1435,11008,7931,Yes,18087,456,155667,454958,Education,390992,15,12801.599999999999,Not_Eligible
31,Female,Married,Post Graduate,60775,Government,24,Medium,Rented,28090,6,3,5459,14654,11532,12366,11214,No,24913,732,722925,266816,Personal Loan,216002,18,500.0,Not_Eligible
56,Male,Single,Post Graduate,141546,Private,7,Medium,Own,12868,6,1,9944,20121,5396,13787,19894,Yes,22630,492,698142,94404,Vehicle,356526,38,12917.099999999999,Not_Eligible
56,Male,Single,Post Graduate,129090,Government,1,Small,Own,6098,5,3,12946,9177,8096,15427,19917,Yes,11527,556,315391,467356,Home Appliances,1261706,56,16065.699999999999,Not_Eligible
49,Male,Single,Post Graduate,89676,Self-employed,17,Small,Own,7448,5,1,3801,29669,2697,9550,19500,No,12518,767,414907,233806,Personal Loan,55367,83,1572.55,Not_Eligible
57,Male,Married,Graduate,21798,Government,28,Medium,Own,7211,3,2,2655,22165,9129,23190,12462,No,5301,531,663283,79221,E-commerce Shopping,1279190,41,500.0,Not_Eligible
31,Female,Single,Post Graduate,92160,Self-employed,20,Large,Family,21166,3,3,3518,6473,9094,28065,17952,No,23154,720,456032,484125,Home Appliances,1082172,55,500.0,Not_Eligible
36,Female,Single,Post Graduate,92751,Government,20,Medium,Family,7798,1,2,5681,28630,14650,29506,16791,No,29450,377,629062,355065,E-commerce Shopping,182576,36,500.0,Not_Eligible
40,Male,Single,Post Graduate,197482,Private,20,Small,Own,12652,4,0,5076,7311,8122,3896,14527,Yes,7018,677,463827,370989,Personal Loan,783225,20,48608.0,High_Risk
40,Female,Married,Graduate,55888,Private,19,Small,Rented,20343,4,2,9672,21750,13203,7300,1108,Yes,3298,547,677386,128261,Home Appliances,1276655,43,500.0,Not_Eligible
60,Female,Married,Post Graduate,64047,Self-employed,7,Small,Family,20748,4,3,14890,3134,10238,13534,2903,Yes,17111,674,539679,343941,E-commerce Shopping,232770,38,500.0,Not_Eligible
37,Male,Married,Graduate,124640,Government,26,Large,Rented,1716,6,0,10770,16041,11589,17917,15675,Yes,11763,811,387681,186931,E-commerce Shopping,472468,7,13709.15,Eligible
31,Male,Single,High School,117614,Private,4,Small,Own,3636,6,1,13012,4000,10281,5718,13008,Yes,11212,320,187862,72708,Home Appliances,199733,30,19861.449999999997,Not_Eligible
60,Male,Single,Post Graduate,60955,Private,16,Large,Family,11556,3,4,9745,26508,2418,24384,1071,Yes,4958,375,798438,117461,Education,421268,51,500.0,Not_Eligible
33,Male,Single,Professional,148054,Government,15,Small,Family,7870,1,3,645,16173,12213,11209,19601,Yes,19321,637,712050,437800,Personal Loan,689991,71,21357.699999999997,High_Risk
56,Female,Single,Graduate,179936,Self-employed,25,Small,Family,23745,2,4,10018,7670,4048,10550,6430,No,4023,721,80689,482707,Personal Loan,866912,70,39708.2,Eligible
35,Male,Married,High School,136298,Self-employed,29,Medium,Rented,13682,1,4,9741,23787,9761,18930,15852,Yes,18397,783,511260,202781,Vehicle,789206,5,9151.8,High_Risk
32,Female,Single,Graduate,100490,Self-employed,4,Large,Own,22055,6,0,14399,9612,8160,9879,3355,No,12188,725,980099,1583,Home Appliances,585938,35,7294.7,High_Risk
57,Male,Married,Graduate,54265,Private,16,Medium,Own,12365,3,1,13704,21280,9220,24122,376,Yes,1833,439,604764,193232,Personal Loan,1102899,59,500.0,Not_Eligible
47,Female,Single,High School,61313,Government,3,Large,Family,8380,1,2,1698,16506,12346,23460,19835,Yes,16133,612,324862,147131,E-commerce Shopping,887943,54,500.0,Not_Eligible
49,Male,Married,Post Graduate,59350,Private,0,Small,Family,5726,3,0,7937,18701,8643,11733,1851,Yes,12290,768,598236,399994,Home Appliances,1209579,69,500.0,Not_Eligible
32,Male,Single,Post Graduate,161450,Private,21,Small,Own,7557,5,1,3570,22535,12698,10675,4840,Yes,26075,819,780286,135318,E-commerce Shopping,774566,74,25725.0,Eligible
46,Female,Single,Graduate,124168,Private,5,Large,Rented,24166,5,2,12805,23257,1640,19581,10458,No,11593,455,522103,15719,Home Appliances,432791,25,7233.799999999999,Not_Eligible
28,Female,Married,High School,42924,Private,0,Medium,Family,29997,2,2,3426,22869,12396,20649,4152,Yes,28513,480,758816,3003,E-commerce Shopping,1168892,72,500.0,Not_Eligible
27,Female,Married,Post Graduate,97593,Government,27,Large,Rented,2718,6,1,11896,8877,13402,8121,4209,Yes,25483,503,489875,452273,E-commerce Shopping,85362,29,8010.45,Not_Eligible
53,Male,Single,Graduate,132490,Private,23,Large,Rented,18789,5,2,11416,1661,8201,16075,5849,Yes,5667,828,262839,134003,Home Appliances,1071864,36,22691.199999999997,Eligible
53,Female,Single,Professional,22312,Private,29,Large,Own,7887,2,3,12616,26496,14389,20360,14810,Yes,13495,576,395756,437260,Vehicle,815736,67,500.0,Not_Eligible
58,Female,Single,High School,45353,Self-employed,3,Small,Own,29630,4,3,4785,7482,7418,19992,7235,Yes,10419,724,94809,14445,E-commerce Shopping,17545,38,500.0,Not_Eligible
58,Female,Married,Professional,128744,Private,1,Large,Rented,28506,3,0,4574,19259,7487,19848,14130,Yes,22391,632,958417,143331,Home Appliances,450113,11,4392.15,Not_Eligible
52,Female,Single,Professional,31192,Government,12,Small,Rented,27741,4,2,390,28208,5775,17308,14393,No,28796,328,112205,222953,Education,1217196,27,500.0,Not_Eligible
37,Female,Married,Graduate,163522,Private,13,Medium,Own,8003,4,2,14910,29007,13368,18112,18735,No,13751,360,979520,131017,Education,910923,80,16672.6,Not_Eligible
39,Female,Single,High School,151504,Government,16,Small,Family,24102,2,1,12699,23275,2985,28603,19429,No,15754,360,805540,62501,Vehicle,976594,20,8629.949999999999,Not_Eligible
47,Female,Single,Post Graduate,111548,Government,10,Medium,Rented,15523,3,3,1281,29532,11846,20645,11578,No,14720,319,153636,367398,Home Appliances,698344,84,2248.0499999999997,Not_Eligible
50,Female,Single,Post Graduate,113991,Government,2,Medium,Family,9094,2,4,13156,12092,5816,26941,9291,No,10236,355,972900,494950,Vehicle,993147,29,9577.75,Not_Eligible
28,Female,Single,Graduate,93711,Self-employed,6,Medium,Rented,8532,1,0,506,2163,13223,21413,10542,No,15471,629,513077,120259,E-commerce Shopping,577656,11,7651.349999999999,High_Risk
50,Male,Married,Post Graduate,156367,Self-employed,9,Small,Own,19265,4,3,1722,19222,5167,14592,1647,No,10885,503,885877,45458,Education,1474673,78,29353.449999999997,Not_Eligible
33,Male,Married,Post Graduate,21774,Private,10,Large,Family,23094,3,1,14231,19844,3029,4817,19165,Yes,2010,739,995728,142003,Vehicle,560030,58,500.0,Not_Eligible
29,Female,Single,Professional,130107,Private,9,Small,Own,13353,4,0,957,7252,8312,19624,11847,No,28494,483,648835,448633,E-commerce Shopping,178678,49,14093.8,Not_Eligible
56,Male,Single,Professional,158262,Private,7,Medium,Rented,29082,1,4,5858,7799,8205,8734,8056,No,18633,345,617895,483419,Education,1420222,84,25163.25,Not_Eligible
44,Male,Single,High School,177358,Government,4,Large,Own,13185,6,0,9926,26495,9665,22240,14328,No,8855,740,826743,395290,Vehicle,1362907,51,25432.399999999998,Eligible
35,Female,Married,Professional,87427,Government,22,Small,Family,15173,1,3,6437,26673,6116,24998,15198,No,8519,344,466964,322454,E-commerce Shopping,1378371,16,500.0,Not_Eligible
39,Female,Single,Post Graduate,102513,Government,1,Medium,Own,643,6,4,762,13475,1170,18231,1,Yes,25424,763,715509,169342,Personal Loan,1070695,76,14982.449999999999,Eligible
56,Female,Married,High School,79014,Private,27,Medium,Family,16404,3,1,5596,25747,11279,19333,16060,No,14743,745,627772,483346,Education,1076629,24,500.0,Not_Eligible
52,Female,Married,High School,70256,Private,27,Large,Own,11264,3,0,5949,554,4244,10228,15047,No,12876,307,494569,39247,E-commerce Shopping,122325,61,3532.8999999999996,Not_Eligible
46,Female,Married,Graduate,113743,Private,14,Small,Own,677,1,3,14016,11399,3471,18421,14276,No,8456,313,801981,347554,Personal Loan,527295,36,15059.449999999999,Not_Eligible
41,Female,Married,Professional,106190,Private,15,Large,Family,15931,4,1,10747,7925,8031,21145,18488,No,17850,528,23811,20868,Vehicle,642932,50,2125.5499999999997,Not_Eligible
50,Male,Single,High School,66715,Self-employed,3,Large,Family,9291,5,4,6262,27865,6975,26294,15871,Yes,8445,401,879483,52823,Personal Loan,213993,71,500.0,Not_Eligible
31,Female,Single,Post Graduate,22466,Self-employed,21,Large,Family,2650,4,0,14002,4008,2245,17076,6155,Yes,9285,800,174331,233348,Education,471151,32,500.0,Not_Eligible
50,Male,Married,High School,32637,Self-employed,27,Large,Rented,3469,5,2,6621,20985,8769,8571,8649,No,28636,596,762148,41052,Home Appliances,290721,3,500.0,Not_Eligible
49,Female,Single,High School,145424,Private,27,Small,Own,7886,2,3,10803,1816,9989,26828,7491,Yes,5654,328,634426,22789,Vehicle,470635,28,26234.949999999997,Not_Eligible
34,Female,Single,Graduate,83745,Self-employed,15,Large,Family,20567,3,3,11885,7539,12938,12374,4786,No,27989,653,306515,135208,Personal Loan,1394592,73,500.0,Not_Eligible
43,Male,Single,Post Graduate,51317,Self-employed,11,Medium,Rented,10256,1,2,9951,14569,11689,26790,15945,Yes,1236,773,59448,237352,E-commerce Shopping,1414703,9,500.0,Not_Eligible
35,Female,Married,Post Graduate,195838,Private,27,Medium,Rented,11592,2,1,2889,15474,14739,29666,8732,Yes,10000,742,177894,358069,Home Appliances,930276,7,35961.1,Eligible
37,Female,Single,Professional,149150,Self-employed,13,Medium,Family,23470,4,3,7777,26453,7019,4940,11355,Yes,16993,602,673584,40363,Home Appliances,84113,66,17900.05,High_Risk
32,Male,Single,Post Graduate,173371,Private,11,Large,Family,23761,5,1,1342,16572,6567,22306,18204,Yes,26585,515,95581,242415,Vehicle,1454006,25,20311.899999999998,Not_Eligible
28,Female,Single,High School,18543,Private,27,Medium,Family,11063,6,4,5514,17824,13932,3412,18770,No,18417,650,542305,428079,Personal Loan,1325216,10,500.0,Not_Eligible
55,Male,Single,Post Graduate,137790,Private,20,Small,Rented,10622,3,2,7215,1220,1321,10606,3442,Yes,19578,823,601970,220580,Education,589699,49,29325.1,Eligible
52,Female,Single,Post Graduate,66052,Government,15,Large,Rented,5684,5,1,12272,18981,4934,16625,8120,No,23064,323,383635,246364,Personal Loan,1198963,82,500.0,Not_Eligible
35,Female,Single,High School,37064,Private,15,Large,Own,19071,4,4,9828,23051,8319,22607,13357,No,25125,815,989866,478391,Personal Loan,339761,43,500.0,Not_Eligible
25,Male,Single,Graduate,87287,Self-employed,21,Large,Rented,13457,4,0,11701,13947,4895,19172,16337,Yes,1218,307,175352,207103,Vehicle,104013,50,2296.0,Not_Eligible
48,Female,Single,Professional,95442,Self-employed,11,Small,Family,6596,1,3,6618,11060,10260,20487,16759,Yes,26893,413,650605,479776,Vehicle,110767,72,500.0,Not_Eligible
55,Male,Single,Professional,135550,Private,1,Large,Own,15151,2,2,7753,10253,8163,14400,5155,Yes,26089,537,594571,313562,E-commerce Shopping,698725,77,17005.1,Not_Eligible
50,Male,Single,Graduate,29425,Government,22,Large,Own,17800,3,0,8741,29638,9515,17036,9728,No,13065,361,714164,214434,Education,1072385,79,500.0,Not_Eligible
29,Male,Married,High School,66481,Government,23,Medium,Own,20789,1,0,2005,2907,7555,8569,16566,No,4294,426,754360,231525,Vehicle,891452,68,1328.6,Not_Eligible
44,Female,Single,Professional,92347,Government,28,Medium,Own,7074,5,0,6871,22067,4332,12601,7761,Yes,18573,599,120657,415719,E-commerce Shopping,1493129,51,4573.799999999999,Not_Eligible
35,Female,Married,Graduate,87317,Self-employed,13,Large,Family,491,2,1,2183,15604,6338,25180,11934,No,25840,459,850043,314735,Home Appliances,221025,4,500.0,Not_Eligible
57,Male,Single,Graduate,65530,Government,10,Small,Own,17143,3,3,10757,1715,3667,25910,19683,Yes,21712,819,877574,473989,E-commerce Shopping,1485442,65,500.0,Not_Eligible
51,Female,Married,Graduate,96099,Government,8,Medium,Family,19885,5,2,8950,15661,11286,27740,2876,Yes,27773,737,447001,424237,Education,970343,15,500.0,Not_Eligible
58,Female,Married,Professional,40888,Private,21,Large,Rented,24576,3,3,323,11727,9836,24188,7216,Yes,25865,700,491189,69193,E-commerce Shopping,865361,35,500.0,Not_Eligible
39,Female,Single,Professional,173563,Government,6,Medium,Family,18472,3,3,7364,14248,4844,17637,19243,Yes,16738,543,141303,289827,E-commerce Shopping,295863,27,26255.949999999997,Not_Eligible
56,Male,Married,Professional,178424,Government,28,Medium,Own,20040,6,3,10117,7809,10903,16061,5043,No,19248,494,264026,487558,Vehicle,922103,84,31221.05,Not_Eligible
45,Female,Married,Professional,167748,Government,11,Small,Rented,21151,6,4,8302,6110,11872,19379,1822,Yes,24538,758,776513,14214,Education,1197379,31,26100.899999999998,Eligible
29,Male,Married,Post Graduate,80836,Private,28,Large,Rented,211,2,4,1823,16995,10032,20455,15175,No,28605,505,470166,175388,E-commerce Shopping,411409,39,500.0,Not_Eligible
30,Female,Single,Graduate,183535,Private,16,Medium,Rented,13644,6,4,3621,10701,9494,28726,15192,No,2223,370,377025,372431,Personal Loan,962218,77,34976.899999999994,Not_Eligible
46,Female,Married,Post Graduate,125478,Government,8,Large,Own,7975,5,4,1138,27501,4261,27943,2992,No,29058,716,841246,137792,E-commerce Shopping,818641,43,8613.5,High_Risk
42,Male,Married,Graduate,63990,Self-employed,5,Small,Family,3722,6,3,1720,283,14059,9791,4397,Yes,19502,727,731422,127291,Home Appliances,177254,37,3680.6,Not_Eligible
38,Female,Single,Professional,101544,Self-employed,11,Small,Family,11709,1,3,723,2670,4760,10199,13011,No,14907,795,125660,298274,Home Appliances,908977,5,15247.749999999998,Eligible
34,Male,Married,Professional,78627,Private,19,Medium,Own,10157,1,2,6631,28670,6079,5554,1088,Yes,2840,331,500513,450798,E-commerce Shopping,666317,49,6162.799999999999,Not_Eligible
37,Female,Married,Post Graduate,166293,Government,9,Small,Own,16687,1,2,2412,15135,8002,3612,1492,No,20102,511,727156,131768,E-commerce Shopping,992815,64,34597.85,Not_Eligible
55,Male,Married,High School,143345,Self-employed,8,Medium,Rented,21170,3,2,13795,26203,11816,11268,16016,Yes,10060,821,418857,329756,Personal Loan,762182,20,11555.949999999999,Eligible
54,Female,Single,Professional,87843,Government,11,Large,Family,3772,4,2,766,17995,14151,13946,10611,Yes,12920,762,514308,352037,E-commerce Shopping,678442,59,4788.7,Not_Eligible
27,Female,Married,High School,197385,Private,0,Medium,Own,18165,2,2,13119,25292,1335,14464,14875,No,8358,546,571056,250060,Vehicle,1086231,54,35621.95,Not_Eligible
54,Female,Single,Graduate,44251,Self-employed,1,Medium,Own,14121,1,4,11573,12821,2878,15355,13905,No,3626,428,581972,206323,Education,789955,75,500.0,Not_Eligible
30,Male,Married,Post Graduate,192658,Private,18,Small,Family,3225,2,3,10352,8873,12483,4051,5596,No,6701,632,282816,18663,Personal Loan,1324412,50,49481.95,High_Risk
53,Male,Married,High School,89418,Government,0,Large,Rented,29287,6,2,9485,11631,2852,5983,17737,Yes,15576,374,686240,185227,E-commerce Shopping,260166,22,500.0,Not_Eligible
32,Male,Married,High School,199956,Private,15,Large,Rented,29194,3,1,10559,7164,5755,25927,18440,Yes,5418,389,61245,408406,Vehicle,315480,83,34124.65,Not_Eligible
57,Female,Married,Professional,67620,Private,15,Medium,Rented,26648,2,2,4017,15516,3000,13296,14497,Yes,29468,351,460211,170605,E-commerce Shopping,845947,14,500.0,Not_Eligible
41,Male,Single,High School,25040,Private,17,Large,Family,8999,1,2,4270,7630,13899,4226,1427,No,17510,311,947048,29263,Personal Loan,999176,35,500.0,Not_Eligible
35,Male,Married,High School,191950,Private,17,Large,Own,28696,1,3,14133,13891,6238,24046,15070,Yes,16469,345,151139,444089,Personal Loan,93434,72,25692.449999999997,Not_Eligible
37,Male,Single,Graduate,152041,Self-employed,22,Medium,Own,23123,3,4,7186,4256,8788,6154,642,Yes,3777,591,223252,132941,Home Appliances,564895,72,34340.25,Not_Eligible
35,Male,Married,Post Graduate,28162,Government,25,Medium,Own,23657,3,0,13514,20653,14191,4274,14976,Yes,28373,436,858045,221519,Home Appliances,883550,50,500.0,Not_Eligible
55,Male,Single,Professional,80435,Self-employed,12,Large,Own,26352,5,3,1958,15240,3129,21773,4960,Yes,14178,396,801186,203141,E-commerce Shopping,717671,25,500.0,Not_Eligible
52,Male,Married,Professional,133504,Government,21,Medium,Family,11382,3,4,8128,17906,6132,15726,17297,No,15585,461,837007,44579,Education,1296311,48,14471.8,Not_Eligible
30,Male,Married,High School,89667,Government,11,Small,Rented,28618,4,1,12413,15909,1968,9557,3869,Yes,3572,387,865643,297011,Vehicle,870754,9,4816.349999999999,Not_Eligible
40,Male,Single,Graduate,143658,Government,8,Large,Rented,20587,4,0,9186,25935,11148,20255,6240,No,2714,352,283005,85847,Home Appliances,404228,28,16657.55,Not_Eligible
28,Male,Single,High School,20037,Government,29,Medium,Rented,1353,1,4,13778,2073,3525,21345,16208,Yes,5969,408,742450,140658,Home Appliances,1311526,69,500.0,Not_Eligible
59,Male,Single,High School,75526,Government,4,Large,Rented,8371,6,4,6397,18173,3346,29756,14825,Yes,18434,344,126207,462618,Education,1291373,59,500.0,Not_Eligible
50,Female,Single,Professional,102914,Self-employed,8,Large,Own,9072,3,3,1851,28151,1749,15132,12808,Yes,19255,460,886349,104984,Personal Loan,1142038,27,5213.599999999999,Not_Eligible
36,Female,Married,High School,160765,Government,29,Small,Own,22658,4,4,11168,3370,11935,13668,18709,No,2926,584,542676,446631,E-commerce Shopping,363082,69,26715.85,Not_Eligible
35,Male,Single,High School,107162,Private,12,Small,Family,18214,4,2,6910,2484,10491,29143,9097,Yes,15679,617,577243,478115,E-commerce Shopping,1140481,81,5300.4,High_Risk
49,Female,Single,Graduate,74090,Self-employed,15,Large,Rented,4698,5,4,3871,10010,9495,29891,992,No,17431,590,823358,314299,Vehicle,1258625,41,500.0,Not_Eligible
42,Female,Single,Professional,148523,Self-employed,27,Small,Own,20386,6,0,14627,6902,3915,21538,4591,Yes,5593,730,578119,53020,Education,779509,70,24839.85,Eligible
43,Male,Married,Post Graduate,80560,Government,9,Medium,Own,19184,6,4,3223,18442,6956,7161,19942,No,24211,685,228802,237918,Education,1243007,40,500.0,Not_Eligible
47,Male,Married,Graduate,152034,Private,29,Large,Own,6902,3,1,12202,7405,13257,4075,10562,Yes,10035,836,239732,395778,Education,708653,47,30658.6,Eligible
42,Male,Married,Graduate,104552,Private,15,Small,Rented,20647,5,2,12486,2666,4344,18046,9424,No,27589,352,891426,410252,Personal Loan,1085593,66,3272.5,Not_Eligible
50,Female,Married,Graduate,31444,Government,13,Large,Own,16606,6,0,9414,17817,8579,10330,1326,No,9433,679,430968,212291,Education,535409,56,500.0,Not_Eligible
30,Male,Single,Professional,55443,Government,24,Large,Rented,29140,6,0,7981,27981,9227,8360,14119,Yes,12783,413,391546,182271,Personal Loan,79798,73,500.0,Not_Eligible
28,Female,Married,High School,162578,Private,1,Medium,Rented,28949,2,3,12974,3384,13709,21419,4012,Yes,19114,611,941978,482442,E-commerce Shopping,576552,15,20655.949999999997,High_Risk
53,Male,Single,Post Graduate,184456,Self-employed,30,Medium,Family,2237,5,3,9668,27648,4549,3389,12114,No,27485,557,697288,346543,Personal Loan,262072,52,34078.1,Not_Eligible
58,Female,Married,Professional,112229,Self-employed,27,Medium,Family,18962,6,2,4877,16906,6621,24525,2720,Yes,25165,444,166603,369614,E-commerce Shopping,622577,45,4358.549999999999,Not_Eligible
41,Female,Single,High School,127314,Government,24,Small,Rented,1778,2,0,9132,18077,11577,14148,18174,Yes,22260,802,872649,74555,Vehicle,1270861,9,11258.8,Eligible
40,Male,Single,Graduate,39248,Self-employed,18,Small,Rented,17004,2,1,11443,4183,7725,23246,16793,Yes,28580,589,302195,135169,Education,1132791,46,500.0,Not_Eligible
26,Male,Single,Professional,192234,Self-employed,10,Small,Rented,16305,6,4,6361,26865,13915,14756,18038,No,3173,651,497185,261454,Vehicle,1367217,66,32487.35,High_Risk
58,Female,Single,High School,188762,Private,18,Medium,Own,25789,3,4,14965,15344,2433,25187,5537,No,29,561,578728,477038,Education,917598,9,34817.299999999996,Not_Eligible
32,Female,Single,Post Graduate,142521,Self-employed,27,Large,Own,20438,2,4,817,25731,13750,7077,5197,Yes,3854,839,261235,143116,Vehicle,724242,12,22979.949999999997,Eligible
37,Male,Married,Post Graduate,83008,Private,10,Medium,Own,12505,2,3,3916,597,1080,13760,19973,Yes,22994,435,198260,141858,Home Appliances,878787,80,2864.0499999999997,Not_Eligible
32,Male,Single,High School,75309,Government,13,Small,Family,23850,5,0,7487,9837,10694,27937,1069,No,6346,635,415021,348978,Home Appliances,1237002,71,500.0,Not_Eligible
54,Female,Single,Professional,58237,Government,14,Small,Rented,21814,3,0,2070,7495,6505,11250,14099,Yes,17107,789,361742,433899,Personal Loan,846705,64,500.0,Not_Eligible
56,Male,Single,Graduate,141967,Private,24,Small,Own,6379,3,1,8828,26734,13707,23964,6051,Yes,12440,573,97892,493675,Vehicle,1374292,21,15352.4,Not_Eligible
60,Female,Single,High School,181804,Private,30,Medium,Own,4263,2,3,4806,18720,4511,18988,19056,No,29349,521,968315,37488,Education,1164856,35,28738.85,Not_Eligible
54,Male,Married,Graduate,23104,Government,6,Small,Family,11019,5,1,6842,22601,7178,28700,7695,Yes,18474,635,436240,59447,E-commerce Shopping,1050853,64,500.0,Not_Eligible
25,Male,Married,Post Graduate,98230,Private,14,Medium,Family,2240,5,0,10568,26433,3942,29356,6394,No,14749,422,794900,225319,Personal Loan,947787,80,1591.8,Not_Eligible
41,Male,Single,High School,105266,Government,29,Large,Rented,14577,5,4,3675,24067,9986,9941,4551,Yes,17959,822,259701,344568,Personal Loan,910764,69,7178.499999999999,High_Risk
44,Female,Single,Post Graduate,49980,Government,26,Medium,Rented,29857,5,3,11593,18098,10922,27915,17324,No,2490,817,608183,86988,Home Appliances,1450259,9,500.0,Not_Eligible
48,Male,Single,Graduate,89990,Government,30,Small,Own,8043,1,3,7861,28314,9375,7581,6115,No,18582,833,214453,385722,Vehicle,209157,32,1441.6499999999999,Not_Eligible
46,Female,Single,Graduate,185632,Government,23,Large,Own,1362,6,3,2520,13088,5653,17123,7727,Yes,23595,514,10183,106507,Vehicle,1270531,38,40097.399999999994,Not_Eligible
53,Male,Married,High School,24554,Government,22,Small,Own,27414,2,4,2525,10976,10363,22120,15107,No,5712,714,779847,386831,Personal Loan,189480,77,500.0,Not_Eligible
46,Female,Married,High School,106049,Government,24,Large,Own,27078,2,3,13546,3176,3042,4039,2657,Yes,21760,702,679332,430004,Home Appliances,388107,18,10762.849999999999,Eligible
33,Female,Single,High School,192059,Self-employed,7,Small,Own,18624,2,2,5017,14412,2287,10665,7127,No,19945,684,233881,123114,E-commerce Shopping,917697,83,39893.7,High_Risk
34,Male,Single,Post Graduate,177057,Self-employed,29,Medium,Family,21905,3,3,6699,24778,12868,11312,13164,No,20429,812,346661,339571,Home Appliances,308238,21,23065.699999999997,Eligible
60,Female,Single,Graduate,63167,Government,3,Small,Rented,6535,3,4,2635,2898,14127,18573,10946,Yes,17510,840,299601,288040,Vehicle,679078,37,500.0,Not_Eligible
52,Female,Single,Graduate,186500,Self-employed,17,Medium,Family,6744,5,3,5772,28148,4560,6813,11677,Yes,20348,696,835482,499698,E-commerce Shopping,1325224,40,35853.299999999996,High_Risk
52,Female,Single,Post Graduate,82238,Private,13,Medium,Rented,29737,6,2,6837,17648,8793,25857,14620,No,28497,584,675895,291731,Personal Loan,677489,60,500.0,Not_Eligible
45,Female,Married,High School,32038,Private,28,Large,Rented,8284,3,2,12406,6943,11074,25611,8852,Yes,26152,699,989840,481703,E-commerce Shopping,132859,58,500.0,Not_Eligible
48,Male,Married,Professional,168291,Government,26,Medium,Rented,17622,4,3,5159,6850,1281,18540,5929,No,14011,404,129628,329276,Personal Loan,428913,65,34614.649999999994,Not_Eligible
26,Male,Single,High School,150343,Self-employed,20,Medium,Family,6492,2,0,259,15731,5710,11936,2943,No,11471,802,213384,432076,Home Appliances,1396603,50,33530.35,Eligible
32,Male,Married,Professional,42397,Private,17,Medium,Own,20992,2,0,2996,15564,11441,7481,305,No,25993,339,718463,241185,E-commerce Shopping,362605,68,500.0,Not_Eligible
51,Female,Married,Professional,89491,Private,3,Large,Rented,7502,1,1,8947,10651,13861,17658,2941,Yes,4203,648,37985,264466,Education,83015,65,8304.8,High_Risk
46,Female,Married,Post Graduate,44602,Private,29,Small,Rented,3470,1,2,7808,25813,8773,18913,14850,No,22856,521,187221,111788,Vehicle,714770,61,500.0,Not_Eligible
51,Male,Single,Graduate,69471,Private,27,Small,Family,27811,4,0,4101,1554,9608,7543,16832,Yes,3405,741,948654,119386,Personal Loan,438436,53,500.0,Not_Eligible
53,Male,Married,Graduate,190299,Self-employed,1,Medium,Family,4201,1,1,6454,11934,1316,14143,15126,No,26107,363,989796,203804,E-commerce Shopping,164834,67,38856.299999999996,Not_Eligible
27,Female,Married,Graduate,112081,Private,20,Medium,Own,5351,6,0,8257,23763,12491,25600,2794,No,7736,303,829886,498194,E-commerce Shopping,634594,68,9131.15,Not_Eligible
37,Male,Single,Graduate,38116,Private,5,Small,Own,15327,5,3,12269,24628,3963,17590,14912,Yes,4728,755,383615,380650,Education,976832,54,500.0,Not_Eligible
34,Male,Married,Post Graduate,21674,Private,10,Medium,Rented,15917,5,2,2778,28158,2091,10003,17614,Yes,18217,317,639346,60599,Home Appliances,249405,81,500.0,Not_Eligible
60,Female,Single,Professional,163541,Government,0,Small,Family,27340,2,0,1169,27735,6078,26444,5498,Yes,15285,641,849083,466458,Education,1003661,67,18897.199999999997,High_Risk
33,Male,Married,Graduate,20446,Private,14,Large,Own,28180,5,3,12316,671,12036,28598,16865,No,4692,309,314055,129665,E-commerce Shopping,1136221,72,500.0,Not_Eligible
51,Female,Single,Professional,139809,Private,11,Medium,Own,13488,1,1,1666,28680,4885,7960,15982,No,4521,673,384927,289191,Vehicle,1338707,32,21919.449999999997,High_Risk
58,Male,Single,Post Graduate,35760,Self-employed,23,Medium,Own,5413,4,3,8851,25266,6599,10867,6417,Yes,11841,665,162978,458342,E-commerce Shopping,18478,46,500.0,Not_Eligible
25,Female,Married,High School,16963,Private,17,Small,Family,7432,6,1,13187,8274,1676,18859,6424,Yes,11845,650,655985,307648,E-commerce Shopping,204861,66,500.0,Not_Eligible
56,Female,Married,Post Graduate,123281,Private,29,Small,Family,27411,5,0,4999,29720,2124,10043,3068,Yes,29578,398,516346,136269,E-commerce Shopping,1441498,83,5718.299999999999,Not_Eligible
49,Female,Single,Graduate,173334,Private,4,Large,Family,22355,2,4,11733,12512,11482,4775,19811,No,14568,718,256457,51719,Education,1336380,42,26634.3,Eligible
53,Female,Single,High School,20177,Government,10,Medium,Family,13831,2,3,360,19952,2113,4908,15744,No,754,333,309833,276192,Education,441024,61,500.0,Not_Eligible
31,Female,Married,Post Graduate,26160,Self-employed,23,Small,Family,23821,6,4,8021,10669,2972,19971,5053,No,13578,648,931838,47070,Personal Loan,145939,52,500.0,Not_Eligible
27,Male,Married,Post Graduate,117876,Self-employed,20,Large,Rented,20285,1,2,5714,1451,12140,9145,9352,Yes,6659,751,511104,91037,Personal Loan,1242508,17,18595.5,Eligible
44,Male,Married,Professional,22543,Government,18,Small,Rented,29907,5,4,6043,21697,8767,29606,1192,No,14926,475,857029,434840,Personal Loan,622047,23,500.0,Not_Eligible
44,Male,Married,Post Graduate,122211,Government,21,Small,Family,11426,1,2,7105,5237,5222,19766,4325,Yes,3801,346,866180,162352,E-commerce Shopping,999624,18,22865.149999999998,Not_Eligible
54,Female,Single,High School,54278,Self-employed,0,Large,Rented,3628,2,0,7752,23362,5714,11881,1517,Yes,28026,517,620823,14068,Personal Loan,298933,49,500.0,Not_Eligible
59,Male,Single,Post Graduate,175679,Private,16,Large,Family,29588,4,0,7522,23422,5929,8231,2024,Yes,14059,520,460819,60983,Personal Loan,517729,80,29716.399999999998,Not_Eligible
59,Female,Single,Graduate,163293,Self-employed,7,Large,Rented,18152,5,3,3797,22427,10614,9004,14259,No,2531,310,701871,248675,Home Appliances,335336,70,28878.149999999998,Not_Eligible
51,Female,Married,Professional,149395,Government,22,Large,Rented,13364,4,4,10265,26596,12565,11395,17683,No,28750,489,553057,101696,Education,545447,79,10071.949999999999,Not_Eligible
50,Male,Married,High School,67105,Private,15,Large,Own,5352,6,2,11553,23522,8661,15273,3723,No,15024,385,198545,216350,Personal Loan,209603,7,500.0,Not_Eligible
38,Female,Single,High School,91151,Self-employed,25,Large,Family,28085,5,2,10310,10317,8143,17061,14537,Yes,1265,844,302919,318690,Education,198198,35,501.54999999999995,Not_Eligible
41,Male,Single,Post Graduate,81968,Private,25,Medium,Rented,2901,2,4,12125,25751,9947,7121,10911,No,14741,629,603582,196923,Vehicle,259966,74,500.0,Not_Eligible
42,Female,Single,Graduate,169310,Private,10,Large,Rented,15018,5,0,3760,17463,12960,4876,17469,No,7844,718,108246,136404,Home Appliances,379736,58,31471.999999999996,Eligible
53,Female,Single,Professional,78830,Government,26,Medium,Own,17925,2,0,13400,7985,5871,9251,19588,Yes,29577,480,399223,204449,Vehicle,593844,41,500.0,Not_Eligible
44,Male,Single,High School,88967,Self-employed,18,Small,Rented,13238,3,2,8368,26980,14924,4700,10359,Yes,24851,583,405472,255632,Education,1453425,12,500.0,Not_Eligible
51,Female,Single,Professional,154402,Government,23,Small,Own,2091,2,3,4040,9474,4836,4590,2859,Yes,24415,834,969099,363548,Education,40113,41,35733.95,Eligible
42,Male,Married,Post Graduate,190225,Self-employed,10,Large,Rented,10842,2,0,6170,534,8309,20251,9372,No,18425,348,277857,384199,Vehicle,811831,33,40712.7,Not_Eligible
28,Female,Single,Graduate,23611,Self-employed,14,Small,Own,9923,6,1,8128,15009,13164,25045,5408,Yes,28488,301,553092,448210,Personal Loan,1074183,80,500.0,Not_Eligible
25,Male,Single,Post Graduate,28872,Private,7,Large,Own,13827,5,2,9504,12040,13360,5064,14209,Yes,8369,453,944390,355822,Home Appliances,367543,10,500.0,Not_Eligible
25,Female,Single,Professional,64455,Private,29,Large,Family,14968,4,4,6983,7761,8381,12679,19914,No,8862,444,67486,444037,Education,50740,6,500.0,Not_Eligible
50,Male,Single,Post Graduate,49930,Private,13,Medium,Family,24126,2,4,12862,4666,5474,5345,19962,Yes,811,598,268780,347479,E-commerce Shopping,92907,7,500.0,Not_Eligible
44,Male,Single,Professional,87022,Government,0,Small,Rented,8283,5,2,3999,4673,12184,5640,15633,Yes,11239,614,325048,332925,Home Appliances,947009,38,8879.849999999999,High_Risk
47,Female,Single,High School,77714,Private,9,Large,Family,4854,2,2,11239,10645,9683,26403,9793,No,26142,837,365809,443909,Vehicle,580863,8,500.0,Not_Eligible
34,Male,Single,High School,139906,Government,6,Small,Family,25306,1,0,8722,2162,1683,4050,18659,Yes,27611,643,761483,385666,Education,1473050,62,18099.55,High_Risk
35,Female,Married,Post Graduate,194788,Private,17,Medium,Family,5049,1,2,11747,10018,2975,29619,144,No,8522,328,53512,15454,Education,1066461,57,44349.899999999994,Not_Eligible
29,Female,Single,High School,123722,Government,11,Small,Rented,5557,1,2,11697,3998,1303,15470,2208,Yes,3555,414,231240,4254,Vehicle,1304138,45,27976.899999999998,Not_Eligible
25,Male,Married,Professional,81704,Self-employed,1,Medium,Rented,4432,1,1,12780,23001,13189,22971,8480,No,6696,565,527918,403019,E-commerce Shopping,1431209,84,500.0,Not_Eligible
41,Male,Married,High School,15415,Government,17,Medium,Family,12006,4,4,14613,15089,2952,26202,5471,Yes,11779,781,766218,129715,E-commerce Shopping,152267,23,500.0,Not_Eligible
46,Male,Married,Graduate,91441,Government,28,Medium,Family,29989,6,0,11609,23885,4569,9592,533,Yes,10097,409,41079,282759,Education,1230347,62,500.0,Not_Eligible
58,Male,Single,Graduate,126736,Government,20,Large,Rented,25275,2,3,11842,3692,8909,17236,6268,No,7437,704,875200,346346,Personal Loan,1123607,45,16126.949999999999,Eligible
53,Male,Single,Post Graduate,85779,Self-employed,6,Large,Family,7987,1,0,1261,26415,5004,29183,180,No,173,433,125122,217850,E-commerce Shopping,1283555,56,5451.599999999999,Not_Eligible
28,Female,Single,Post Graduate,103444,Government,19,Small,Own,5020,5,4,5256,7476,7065,16767,3032,No,26421,551,740438,352537,E-commerce Shopping,1081675,83,11342.449999999999,Not_Eligible
29,Male,Single,Post Graduate,119448,Self-employed,26,Large,Rented,19398,1,3,5282,4059,10452,9731,14765,Yes,23004,812,380542,106894,Personal Loan,1364495,33,11464.949999999999,Eligible
35,Female,Single,Post Graduate,24888,Private,11,Large,Rented,26887,3,2,2886,8522,8397,15707,11082,Yes,8283,804,653426,436684,E-commerce Shopping,1216616,77,500.0,Not_Eligible
45,Male,Single,Professional,191371,Private,19,Small,Own,22632,3,1,4942,22047,2030,9383,12657,Yes,2557,583,586493,137399,Personal Loan,205849,63,40293.049999999996,Not_Eligible
59,Male,Single,Professional,139790,Self-employed,24,Medium,Family,18400,6,1,7043,27348,6826,17847,929,No,7039,423,912537,119381,Vehicle,551246,82,19025.3,Not_Eligible
36,Male,Single,Graduate,73765,Government,13,Medium,Own,28066,4,4,12580,13270,5351,18649,7963,Yes,19032,496,571420,272505,Home Appliances,80645,75,500.0,Not_Eligible
50,Female,Single,Professional,30935,Private,9,Small,Family,977,3,4,5147,1527,10386,7899,4514,No,16982,701,679359,495933,Home Appliances,1481818,25,500.0,Not_Eligible
43,Male,Single,High School,88002,Government,8,Large,Family,20594,5,1,8447,12375,8719,7534,17347,Yes,5664,831,603707,186508,Vehicle,1497001,25,2562.7,Not_Eligible
31,Female,Married,Graduate,95631,Government,22,Small,Rented,7034,1,3,13192,7051,12551,28596,6920,No,29085,631,39685,223789,E-commerce Shopping,1113806,54,500.0,Not_Eligible
31,Female,Single,Post Graduate,16320,Self-employed,29,Small,Rented,1258,3,3,7970,16957,9425,3522,19733,No,2184,768,137999,427189,Home Appliances,363938,5,500.0,Not_Eligible
50,Female,Single,Post Graduate,61032,Private,14,Large,Family,12047,3,0,5871,6146,12112,11762,7384,No,2725,613,706720,6920,Vehicle,983969,51,1044.75,Not_Eligible
29,Male,Single,Professional,92763,Self-employed,25,Small,Own,17681,4,2,1778,7550,2718,22723,3156,No,20568,365,345127,334167,Home Appliances,1084353,72,5806.15,Not_Eligible
45,Female,Married,Graduate,163979,Self-employed,30,Large,Rented,10170,3,3,4760,3695,1492,7208,2840,Yes,5713,544,342783,187650,E-commerce Shopping,511478,22,44835.35,Not_Eligible
38,Male,Single,Professional,53002,Self-employed,19,Large,Family,7397,1,2,4360,523,12474,21836,7504,No,25642,658,548813,469910,Personal Loan,1307127,81,500.0,Not_Eligible
28,Female,Single,Professional,190910,Self-employed,23,Small,Rented,6872,6,4,1980,9363,3014,22857,18510,Yes,22150,620,390009,233483,Vehicle,870430,32,37157.399999999994,High_Risk
47,Male,Married,Professional,53912,Government,9,Medium,Rented,20513,6,3,1587,10745,9029,8125,3898,Yes,24919,425,203439,84520,Home Appliances,911135,34,500.0,Not_Eligible
44,Female,Single,Graduate,15552,Private,18,Large,Rented,1732,6,3,11744,12371,8534,27152,18143,No,26919,660,782555,283051,E-commerce Shopping,1192611,72,500.0,Not_Eligible
39,Male,Married,Post Graduate,35140,Private,18,Medium,Own,15860,2,3,8592,9613,13516,6185,1479,No,29012,582,684152,233145,Home Appliances,1438991,33,500.0,Not_Eligible
53,Male,Married,High School,100591,Private,11,Large,Own,2942,1,0,6603,10423,9536,17700,14624,Yes,19062,329,372516,426506,E-commerce Shopping,866210,18,6895.349999999999,Not_Eligible
32,Male,Married,Post Graduate,194809,Government,22,Medium,Family,27085,3,4,13064,2216,6886,12038,7651,Yes,17725,631,941644,12946,E-commerce Shopping,1057498,31,37850.399999999994,High_Risk
43,Female,Married,Graduate,48367,Government,28,Small,Own,16832,3,1,3637,10347,8627,20718,17360,Yes,24610,684,222250,268730,E-commerce Shopping,835798,24,500.0,Not_Eligible
52,Female,Single,Post Graduate,39061,Self-employed,26,Large,Family,9429,3,0,7300,6336,9456,18527,3427,No,28842,524,483290,462920,E-commerce Shopping,1025582,42,500.0,Not_Eligible
51,Male,Married,Post Graduate,111590,Self-employed,11,Small,Family,29741,4,0,7164,9043,12767,14089,16464,Yes,28170,596,485870,275620,Vehicle,153283,30,500.0,Not_Eligible
28,Female,Married,High School,57124,Self-employed,8,Small,Rented,4500,5,3,9406,15573,14031,9195,7289,Yes,12673,539,657747,44169,Personal Loan,736703,81,500.0,Not_Eligible
39,Female,Single,Post Graduate,191710,Self-employed,28,Small,Rented,24908,1,0,1147,21863,2672,13103,4665,Yes,20814,668,286760,81224,Vehicle,633623,10,35888.299999999996,High_Risk
59,Female,Single,Post Graduate,148054,Private,26,Large,Own,22517,6,1,5550,13406,4647,19683,19243,Yes,20558,370,289514,105504,Home Appliances,1333057,67,14857.499999999998,Not_Eligible
25,Female,Single,Post Graduate,131322,Self-employed,19,Small,Family,29949,3,0,7385,24094,7388,7958,9848,Yes,7300,581,109297,284364,Vehicle,1150412,32,13090.0,Not_Eligible
27,Female,Married,Professional,121134,Government,3,Small,Family,28899,2,0,12140,9371,9620,20469,1071,Yes,6515,604,868845,495763,Vehicle,879577,60,11567.15,High_Risk
48,Female,Single,Graduate,50765,Government,0,Large,Rented,15068,4,3,2450,3595,4162,3083,15268,No,5287,558,353399,303019,Home Appliances,575906,4,648.1999999999999,Not_Eligible
51,Female,Married,Graduate,97606,Government,15,Small,Rented,15226,5,4,7138,20751,14544,10915,10904,No,14287,466,777013,102730,Personal Loan,252097,26,1344.35,Not_Eligible
60,Male,Married,High School,111422,Self-employed,0,Large,Rented,165,3,1,3393,22240,3910,23440,18840,No,5933,569,801359,457052,Vehicle,708296,51,11725.349999999999,Not_Eligible
58,Male,Single,Professional,124910,Private,12,Small,Own,12872,6,3,14636,10051,9645,4376,9016,No,22036,831,689517,67182,E-commerce Shopping,816761,71,14797.3,Eligible
53,Female,Single,Professional,69681,Private,29,Medium,Family,21216,1,0,11334,21385,9540,21076,3084,No,4588,741,792102,475772,Vehicle,755312,14,500.0,Not_Eligible
48,Male,Single,Post Graduate,77349,Self-employed,2,Small,Family,29269,2,1,6357,737,9613,14766,18252,Yes,23176,727,204882,354939,Home Appliances,544685,7,500.0,Not_Eligible
48,Male,Single,Graduate,115063,Self-employed,11,Medium,Family,29264,6,2,9065,11004,11954,10826,3851,No,21830,436,277195,7436,Personal Loan,342765,16,6044.15,Not_Eligible
28,Male,Single,High School,78474,Government,28,Large,Rented,12219,4,0,5664,10984,7633,16306,6367,Yes,20634,805,707887,216187,Vehicle,779508,78,500.0,Not_Eligible
27,Female,Single,Professional,175585,Government,22,Medium,Own,19158,1,4,8565,19202,13973,20307,987,No,12048,745,542593,269035,Vehicle,1298764,29,28470.75,Eligible
58,Female,Married,Post Graduate,37592,Private,28,Large,Own,26275,1,0,1194,13086,1581,24369,5483,No,18497,561,415820,418622,Home Appliances,1013042,68,500.0,Not_Eligible
47,Female,Married,High School,127196,Government,30,Small,Rented,25989,4,4,6487,13491,3662,20882,8382,No,1767,749,702385,430733,Education,1434776,51,16287.599999999999,Eligible
47,Female,Single,Professional,38618,Government,8,Medium,Own,9638,1,2,3527,5342,6352,16946,6845,No,9580,404,535645,44744,Education,1441495,47,500.0,Not_Eligible
29,Female,Married,High School,66632,Self-employed,3,Small,Own,5020,2,3,13149,18547,5258,8010,1023,Yes,16583,598,724531,364597,Vehicle,1469567,40,500.0,Not_Eligible
55,Male,Married,Professional,161481,Private,1,Medium,Family,28058,2,3,3481,13248,7923,29602,12755,Yes,8703,396,996484,104873,E-commerce Shopping,933416,69,20198.85,Not_Eligible
30,Female,Married,High School,24529,Self-employed,21,Large,Rented,24132,1,3,12588,19460,11543,23982,12315,No,6641,304,975768,240549,Vehicle,858248,60,500.0,Not_Eligible
34,Male,Married,Professional,137164,Private,21,Large,Rented,21128,3,1,5615,23300,11558,6870,7606,Yes,2732,440,680475,45138,Education,498255,74,20424.25,Not_Eligible
31,Female,Married,Professional,39154,Self-employed,8,Large,Rented,26263,1,4,7458,28737,7828,15981,3294,No,10934,675,172914,232041,Vehicle,1486978,68,500.0,Not_Eligible
45,Male,Married,High School,47882,Private,30,Large,Rented,16830,3,0,8016,8718,10221,29722,8051,Yes,17447,811,62459,112238,E-commerce Shopping,454525,56,500.0,Not_Eligible
44,Female,Single,Professional,59917,Government,19,Small,Family,28050,1,1,14772,448,2324,4725,14026,No,22799,483,240387,188788,Personal Loan,1016582,31,500.0,Not_Eligible
27,Female,Single,Professional,97488,Private,23,Small,Own,96,6,1,10341,11412,1100,16197,19497,Yes,27347,500,399443,288253,Vehicle,1007156,6,4024.2999999999997,Not_Eligible
46,Female,Single,Professional,30701,Private,12,Small,Own,2426,5,0,2057,14436,1415,5810,3663,Yes,6303,645,939580,6983,Home Appliances,1183797,57,500.0,Not_Eligible
28,Female,Married,High School,83225,Self-employed,13,Small,Family,10909,2,2,11304,16326,6059,8561,10277,No,6178,329,218803,9041,E-commerce Shopping,333545,12,4763.849999999999,Not_Eligible
52,Female,Single,High School,134278,Private,28,Small,Own,19641,1,3,2417,23818,10575,5294,5745,No,11071,423,578328,376033,Vehicle,12378,46,19500.949999999997,Not_Eligible
36,Female,Single,Professional,198564,Private,2,Large,Rented,13555,2,2,125,6873,14442,13504,7531,Yes,22463,769,416635,4387,Education,807095,83,42024.85,Eligible
60,Male,Single,Professional,17988,Private,17,Small,Family,21110,4,2,2832,6697,11625,12784,17540,Yes,11662,787,968354,439304,Vehicle,639014,67,500.0,Not_Eligible
29,Female,Married,High School,50919,Self-employed,8,Small,Family,23235,5,3,4478,4161,2043,11616,13651,No,27049,623,381982,404175,Education,184303,5,500.0,Not_Eligible
37,Male,Single,Post Graduate,194498,Private,14,Small,Rented,8694,3,2,6470,7996,2746,7890,9903,No,10360,583,269437,131844,Home Appliances,1307536,64,49153.649999999994,Not_Eligible
47,Female,Married,Professional,198239,Self-employed,21,Large,Rented,28959,4,1,8641,10043,5491,8177,12797,No,13745,592,309185,89842,Personal Loan,132800,7,38635.1,Not_Eligible
54,Male,Single,Post Graduate,24013,Government,26,Large,Rented,8189,5,0,4618,24461,14756,27400,8354,No,10655,372,736844,211598,Education,1254143,46,500.0,Not_Eligible
49,Male,Single,High School,185185,Self-employed,23,Large,Own,12656,4,1,14142,119,8657,8603,4399,Yes,20765,550,112002,64407,Vehicle,600069,13,40545.399999999994,Not_Eligible
51,Male,Single,Professional,149646,Private,26,Large,Rented,8256,2,1,1009,14580,5443,21755,19178,Yes,13266,426,363640,168446,Home Appliances,158064,75,23155.649999999998,Not_Eligible
38,Male,Married,Post Graduate,22838,Government,9,Small,Family,28833,6,4,3778,20868,10480,10353,9068,No,23959,521,90687,9279,E-commerce Shopping,256111,49,500.0,Not_Eligible
60,Male,Married,High School,46368,Private,24,Small,Own,6740,5,3,941,12574,5860,8618,5546,Yes,3009,630,505827,383470,Vehicle,185751,16,1078.0,Not_Eligible
40,Male,Married,Post Graduate,47228,Self-employed,16,Medium,Own,23098,4,3,3603,19231,13331,27637,6893,No,24980,452,668140,140267,E-commerce Shopping,1247284,21,500.0,Not_Eligible
46,Female,Married,Graduate,195783,Government,12,Small,Family,15309,3,1,3980,18174,5170,17928,5161,Yes,15867,630,588261,250927,Education,411105,15,39967.899999999994,High_Risk
45,Male,Married,High School,61097,Government,0,Large,Own,14105,5,3,4368,12705,5148,24442,11921,Yes,20967,596,695092,236458,Home Appliances,373974,23,500.0,Not_Eligible
45,Female,Single,Graduate,174711,Government,10,Large,Rented,17045,5,4,14300,19401,8453,22942,7782,Yes,29926,770,830244,259238,Personal Loan,795681,65,19201.699999999997,Eligible
32,Female,Single,High School,160895,Private,4,Small,Rented,28065,4,0,8693,16734,13146,4784,19249,Yes,25699,356,127253,294552,Vehicle,1266559,41,15583.749999999998,Not_Eligible
40,Male,Married,High School,169582,Government,8,Medium,Rented,8672,6,2,12010,10394,7209,5916,19092,No,14265,800,230671,433871,Home Appliances,1377491,68,32208.399999999998,Eligible
55,Male,Married,Professional,144802,Government,6,Large,Rented,14078,1,3,1250,21841,1037,6444,19672,No,19176,302,844725,255977,Home Appliances,38748,32,21456.399999999998,Not_Eligible
34,Female,Single,Graduate,53333,Government,6,Medium,Own,6879,3,1,7009,27908,9957,3514,1654,Yes,9217,777,685090,368981,Personal Loan,437594,25,500.0,Not_Eligible
56,Male,Married,Graduate,19435,Government,1,Large,Family,4662,3,3,10580,9744,13069,25578,797,Yes,17916,468,999373,417137,Education,898911,66,500.0,Not_Eligible
58,Male,Single,Graduate,53418,Self-employed,18,Large,Own,7815,4,1,2319,2250,11656,24096,8901,No,527,373,279310,170703,Personal Loan,1013051,29,500.0,Not_Eligible
33,Male,Married,High School,72955,Private,19,Small,Family,3261,6,2,5910,21444,5806,27674,24,No,27356,461,517510,48352,Personal Loan,426845,3,500.0,Not_Eligible
41,Male,Single,Graduate,74507,Private,17,Large,Family,405,2,3,6538,14196,5843,27898,5060,No,11526,841,689313,100228,Personal Loan,178847,73,1064.35,Not_Eligible
35,Male,Married,Graduate,66033,Government,9,Medium,Rented,21244,2,2,3195,22967,14780,13831,10936,Yes,23222,388,174385,475579,E-commerce Shopping,1337539,68,500.0,Not_Eligible
56,Male,Married,Professional,87972,Self-employed,24,Medium,Own,3560,1,1,2957,19621,14366,17739,5114,No,18830,617,807845,415094,Vehicle,1066469,25,2024.7499999999998,Not_Eligible
34,Male,Single,Post Graduate,117012,Government,4,Small,Rented,11575,1,4,6338,22906,12083,8536,12392,No,7190,369,611928,381190,Personal Loan,126504,31,12597.199999999999,Not_Eligible
46,Female,Single,Post Graduate,62219,Private,15,Large,Own,11859,4,4,13894,11701,1115,10850,9648,No,24822,799,576653,227473,Vehicle,890674,16,500.0,Not_Eligible
41,Male,Married,Graduate,180549,Private,28,Medium,Own,13153,6,0,7911,24623,8764,11113,9427,Yes,26564,395,379866,436351,Personal Loan,694614,62,27647.899999999998,Not_Eligible
28,Female,Married,Graduate,188793,Private,22,Small,Rented,7856,2,1,9388,26852,1278,7250,4484,Yes,15616,674,692570,76549,Education,1497434,45,40624.149999999994,High_Risk
49,Female,Single,Graduate,161595,Government,26,Medium,Own,9309,3,1,3274,28372,1453,24021,7436,No,627,652,573245,191088,Education,90787,7,30486.05,High_Risk
45,Female,Married,Graduate,47326,Government,24,Small,Rented,27013,6,1,9248,22231,4213,7241,13502,No,2116,833,188511,426251,Personal Loan,695728,77,500.0,Not_Eligible
25,Female,Single,Post Graduate,127626,Self-employed,4,Medium,Family,6690,2,4,10450,13277,5703,14165,3366,Yes,16012,519,828003,425323,Home Appliances,318970,35,20287.05,Not_Eligible
49,Male,Single,Professional,188277,Self-employed,14,Large,Rented,11674,6,4,13100,14128,14360,16546,13251,Yes,22425,696,297642,433824,Vehicle,771036,72,28977.55,High_Risk
60,Female,Married,High School,146197,Private,21,Medium,Own,21715,4,4,3048,15016,5464,29073,2064,Yes,6707,765,945066,280033,Education,582751,9,22088.5,Eligible
41,Female,Single,Graduate,81735,Private,15,Medium,Own,28285,2,3,11314,15381,13657,8518,4538,No,12684,373,285580,184084,E-commerce Shopping,644762,47,500.0,Not_Eligible
48,Female,Single,Graduate,119396,Self-employed,3,Small,Family,19824,5,3,1906,12216,1300,25114,19810,No,8799,798,163565,464889,Home Appliances,966868,12,10649.449999999999,Eligible
26,Female,Married,Post Graduate,31375,Private,13,Small,Family,741,4,4,2939,16321,9908,22133,1016,Yes,15926,365,780173,143033,Education,1192181,75,500.0,Not_Eligible
39,Female,Single,Graduate,148783,Self-employed,23,Small,Family,11431,5,2,14166,5394,7042,24268,14302,No,22812,569,153726,300241,Home Appliances,395858,19,17278.8,Not_Eligible
56,Male,Single,Professional,178509,Government,16,Medium,Rented,7181,6,3,11670,11376,6066,4931,18401,Yes,18577,715,350180,375757,Vehicle,557514,8,35107.45,Eligible
30,Male,Single,Professional,174094,Private,16,Small,Rented,7731,4,3,8732,18276,10567,18792,5690,Yes,27009,806,301726,327209,Home Appliances,126735,57,27053.949999999997,Eligible
25,Female,Single,Graduate,24182,Private,20,Large,Own,2921,3,3,8709,17281,1194,23736,11615,Yes,21786,446,27508,44253,E-commerce Shopping,714449,3,500.0,Not_Eligible
47,Male,Married,Post Graduate,108177,Self-employed,15,Small,Family,7374,4,3,13222,1738,2328,3438,2425,No,15921,395,222402,112941,Home Appliances,605380,13,21605.85,Not_Eligible
41,Male,Single,Graduate,110066,Government,25,Small,Family,26407,4,0,12420,13856,7393,3536,4496,No,297,629,916794,410882,Education,764825,19,14581.349999999999,High_Risk
58,Female,Married,Graduate,139401,Private,8,Large,Rented,28714,4,3,14431,25544,5353,13414,4218,No,22210,505,417861,485304,E-commerce Shopping,361444,59,8930.949999999999,Not_Eligible
53,Female,Single,Post Graduate,103148,Private,1,Small,Own,7023,4,2,8615,11194,8133,28288,3834,Yes,11764,533,111340,66612,Vehicle,938673,41,8503.949999999999,Not_Eligible
33,Female,Married,Professional,187022,Self-employed,10,Small,Family,5561,1,0,9049,27736,11171,8926,7546,Yes,19677,702,484775,455741,Education,487744,75,34074.6,Eligible
37,Male,Single,High School,118806,Government,14,Medium,Rented,5634,5,3,4177,12933,14761,26132,3543,No,15497,630,44680,25484,Vehicle,1115662,18,12645.15,High_Risk
30,Female,Married,Graduate,158992,Self-employed,2,Medium,Rented,910,4,1,11028,20490,8388,23698,8302,Yes,9736,782,711992,37348,Personal Loan,912943,55,26754.0,Eligible
30,Male,Single,Professional,37144,Government,23,Small,Family,28588,4,0,6458,11290,14883,27502,11974,Yes,14850,466,53353,21906,Education,1390636,7,500.0,Not_Eligible
44,Male,Single,Graduate,135270,Government,15,Large,Family,4702,6,3,1752,2503,2557,18356,15727,No,21541,799,747635,241082,Home Appliances,485513,10,23846.199999999997,Eligible
27,Male,Single,High School,148637,Self-employed,20,Small,Own,17802,1,2,13203,22444,6976,24222,18608,Yes,26058,393,784803,451901,Vehicle,286981,75,6763.4,Not_Eligible
41,Female,Single,Post Graduate,103909,Self-employed,18,Small,Family,14573,2,4,7447,21534,8529,17673,19475,No,5189,479,778318,68004,Home Appliances,1065168,60,3321.1499999999996,Not_Eligible
36,Male,Married,Professional,170763,Government,21,Small,Rented,22182,6,3,1666,23130,4124,5766,2252,No,12957,649,827692,221900,E-commerce Shopping,51744,15,34540.1,High_Risk
25,Female,Married,High School,145661,Self-employed,5,Medium,Family,24082,6,1,1863,9662,5882,11174,11272,No,25357,538,102426,433550,Vehicle,862528,5,19729.149999999998,Not_Eligible
41,Female,Single,Graduate,48799,Private,13,Large,Family,29390,1,2,4461,19883,8119,20373,1990,Yes,18433,502,224247,11353,Vehicle,861599,29,500.0,Not_Eligible
27,Female,Married,High School,49510,Private,4,Large,Own,12501,1,0,14136,11944,9720,18543,12139,No,20068,513,297854,424517,E-commerce Shopping,1494934,52,500.0,Not_Eligible
50,Female,Single,Professional,102919,Private,4,Large,Rented,4038,1,2,10605,11822,9689,18650,5152,No,27783,565,75763,360026,E-commerce Shopping,859635,56,5313.0,Not_Eligible
39,Female,Single,Post Graduate,128043,Private,5,Medium,Family,28215,6,3,5212,13252,7782,3301,18511,Yes,23369,406,934298,297739,E-commerce Shopping,1020444,58,9940.349999999999,Not_Eligible
60,Male,Married,Graduate,175047,Private,17,Medium,Rented,19829,6,1,2118,27214,7298,20396,16061,No,19668,673,746810,335343,E-commerce Shopping,28819,22,21862.05,High_Risk
56,Male,Married,Post Graduate,68242,Self-employed,21,Small,Own,131,4,2,12613,2561,8146,6650,15181,No,28541,570,749915,319832,Personal Loan,863188,15,500.0,Not_Eligible
56,Male,Married,Post Graduate,61546,Government,17,Medium,Rented,10248,1,2,5626,4494,2810,3246,18557,Yes,16466,615,165116,147889,Vehicle,108427,52,500.0,Not_Eligible
28,Male,Single,High School,169339,Self-employed,18,Small,Family,22246,1,4,9541,16350,8914,21447,4603,Yes,20834,334,294038,496174,Personal Loan,214104,29,22891.399999999998,Not_Eligible
42,Male,Single,High School,84939,Private,1,Medium,Family,16536,6,4,11083,19987,14801,4358,18806,No,26385,846,329503,127503,Personal Loan,582138,20,500.0,Not_Eligible
43,Female,Married,Professional,136265,Private,16,Small,Own,18862,6,3,7358,16770,3845,29185,4629,No,14278,300,350960,395629,Home Appliances,849757,30,14468.3,Not_Eligible
59,Female,Single,Professional,19897,Self-employed,27,Medium,Own,25058,1,0,14549,6761,3125,27515,4313,Yes,8332,408,944572,296335,Vehicle,1233556,60,500.0,Not_Eligible
38,Male,Married,Post Graduate,146235,Self-employed,0,Large,Own,22500,4,0,9262,24358,8341,16717,4377,No,28461,410,822863,39106,Vehicle,435769,34,11276.65,Not_Eligible
57,Male,Married,Professional,67540,Government,8,Small,Rented,16688,3,1,1753,21833,1319,14793,4400,Yes,15345,544,315783,72693,Vehicle,1430561,9,500.0,Not_Eligible
38,Male,Married,Post Graduate,45030,Private,12,Medium,Rented,16282,3,3,10328,28249,9086,20429,1218,Yes,27573,573,20474,261921,Vehicle,1478231,17,500.0,Not_Eligible
58,Female,Married,Graduate,70313,Self-employed,3,Medium,Rented,2519,2,0,12050,24713,4363,9761,1449,No,11915,325,979522,369623,E-commerce Shopping,589719,80,1240.05,Not_Eligible
28,Female,Married,Post Graduate,143070,Government,4,Small,Rented,6112,4,2,7139,3751,11761,7214,1587,No,1831,615,187278,362729,Education,759016,37,36286.25,High_Risk
48,Female,Married,Professional,44870,Private,25,Medium,Own,992,6,3,13538,2700,4386,29127,10412,No,23127,618,221530,79661,Home Appliances,575618,54,500.0,Not_Eligible
53,Male,Single,Professional,131565,Private,29,Large,Rented,26813,1,2,9612,5844,13901,29114,7837,Yes,6097,342,147683,461398,Home Appliances,292777,42,11321.449999999999,Not_Eligible
43,Male,Single,Post Graduate,139703,Private,30,Small,Rented,5647,1,1,6360,29153,13917,12707,396,No,26533,593,595923,430143,E-commerce Shopping,740698,52,15746.499999999998,Not_Eligible
30,Male,Married,High School,175554,Self-employed,22,Small,Rented,10751,1,3,14063,8491,11908,7601,11929,Yes,5515,549,657121,365021,Personal Loan,123477,72,36853.6,Not_Eligible
57,Male,Married,Post Graduate,177130,Private,30,Small,Rented,29014,3,1,14636,16415,4338,14898,17127,No,21314,611,852458,363440,Education,211120,29,20785.8,High_Risk
43,Female,Married,Post Graduate,72255,Private,17,Small,Own,7597,6,4,11679,18888,9177,21162,9645,Yes,23320,724,744907,388500,Home Appliances,52005,34,500.0,Not_Eligible
25,Male,Single,High School,107407,Government,27,Small,Own,25290,1,1,13213,8733,14733,11628,2017,Yes,930,487,231337,478909,Personal Loan,227343,14,10802.05,Not_Eligible
29,Male,Married,Graduate,132952,Self-employed,26,Large,Family,18093,1,4,11133,19840,9436,28378,10859,Yes,21391,654,455054,151504,Vehicle,581008,62,4837.7,Not_Eligible
51,Male,Married,High School,196572,Government,9,Small,Family,24402,3,3,4265,27979,7734,26656,14027,Yes,2288,611,512317,484021,Education,797285,32,31227.35,High_Risk
40,Female,Married,Professional,172451,Self-employed,24,Large,Rented,25633,1,2,1388,26667,11911,23582,19995,Yes,2671,745,816738,480692,Education,1148722,26,21211.399999999998,Eligible
30,Female,Single,High School,124396,Private,27,Large,Rented,16854,2,2,13543,16930,8258,26759,18706,Yes,5420,455,556362,430318,Vehicle,781197,6,6274.099999999999,Not_Eligible
37,Male,Married,Professional,38674,Government,3,Large,Own,19849,6,2,8811,17367,1869,25164,12975,No,25592,336,495848,53387,Home Appliances,1181266,7,500.0,Not_Eligible
59,Female,Single,Professional,152662,Self-employed,25,Small,Family,25316,5,1,11591,14759,2459,7800,19015,Yes,15500,846,76819,423887,Education,550290,6,19677.699999999997,Eligible
43,Female,Single,Post Graduate,177504,Self-employed,25,Large,Rented,3566,2,3,9448,20524,7784,3824,10145,Yes,25751,737,459969,395813,E-commerce Shopping,1036176,11,33761.7,Eligible
36,Female,Married,Post Graduate,55426,Private,12,Small,Family,8704,4,3,12969,14267,5109,23189,16745,No,17404,626,861530,396621,E-commerce Shopping,1242441,53,500.0,Not_Eligible
40,Female,Single,Graduate,64584,Private,12,Large,Family,11585,2,4,3718,24955,8042,17241,399,No,12033,653,449211,485466,E-commerce Shopping,775783,42,500.0,Not_Eligible
34,Female,Single,Professional,184087,Government,16,Small,Family,21618,2,3,14978,16880,7429,11495,3654,Yes,25561,561,940120,126097,Education,98799,55,28865.199999999997,Not_Eligible
49,Male,Single,Post Graduate,88251,Government,7,Medium,Own,3285,3,2,14372,18299,9862,9310,8986,Yes,14189,318,706239,255571,Home Appliances,1269092,74,3481.7999999999997,Not_Eligible
44,Male,Married,Professional,84353,Self-employed,3,Medium,Rented,12029,4,3,6914,21438,13928,28069,16946,Yes,2953,661,381913,279202,Personal Loan,128207,77,500.0,Not_Eligible
55,Male,Single,Graduate,110029,Government,22,Large,Rented,10384,6,4,5521,26761,1685,11278,7802,No,4882,307,978570,114640,Home Appliances,1235987,34,14600.599999999999,Not_Eligible
28,Female,Married,Professional,97990,Private,2,Medium,Own,12846,6,3,1010,24110,6027,6297,2064,Yes,10453,731,58343,233811,Personal Loan,122122,51,12314.05,Eligible
47,Female,Married,Graduate,19600,Government,10,Large,Own,13079,2,3,10875,12695,14997,17455,8411,Yes,6935,777,478406,486597,Education,555808,7,500.0,Not_Eligible
26,Female,Married,Graduate,170762,Government,11,Large,Own,29873,5,2,425,24760,2974,25429,19015,Yes,15833,749,689420,159193,Vehicle,71794,34,18358.55,Eligible
46,Female,Single,Graduate,123286,Self-employed,8,Large,Family,14036,2,3,14216,16872,14219,14511,10691,Yes,21692,672,627232,197062,Personal Loan,610999,7,5967.15,High_Risk
32,Male,Married,Post Graduate,48762,Private,14,Medium,Family,8551,1,1,12216,10257,8594,10089,2016,No,6276,835,919517,230757,Personal Loan,956615,67,500.0,Not_Eligible
31,Male,Single,High School,134006,Self-employed,12,Large,Rented,284,3,4,14743,18104,10203,25880,625,No,20580,418,15610,287563,Home Appliances,256282,72,15255.449999999999,Not_Eligible
38,Male,Single,High School,183571,Private,4,Medium,Rented,27892,1,4,6918,13383,10576,18503,9856,Yes,8097,756,21242,361744,Education,561896,27,30921.1,Eligible
27,Male,Single,Post Graduate,153742,Private,4,Medium,Family,15100,4,4,7008,6778,5138,25248,15464,No,21861,308,735183,214932,Home Appliances,755437,29,20000.75,Not_Eligible
40,Male,Single,Professional,32341,Self-employed,18,Small,Family,3277,4,3,8408,170,10102,25877,3341,Yes,22491,746,615767,161268,Education,473500,80,500.0,Not_Eligible
43,Male,Married,Post Graduate,110140,Government,10,Medium,Own,19015,3,1,6313,8591,2317,8634,16447,Yes,15423,467,638951,471109,Personal Loan,856947,75,11690.0,Not_Eligible
42,Female,Married,Professional,99074,Self-employed,8,Small,Family,1757,2,4,8801,15245,6464,16305,10183,No,9739,662,600204,225070,Vehicle,363415,30,10703.0,High_Risk
40,Female,Single,Graduate,32015,Government,2,Large,Rented,27350,4,0,12645,11784,6115,23204,18311,Yes,12922,566,955115,175012,Education,1327073,65,500.0,Not_Eligible
32,Male,Married,Post Graduate,125180,Self-employed,17,Large,Rented,21863,5,2,185,14066,8409,18676,15511,No,5484,628,636610,310232,Personal Loan,1116822,75,14345.099999999999,High_Risk
57,Female,Married,High School,139581,Self-employed,26,Small,Own,26098,3,0,8916,28228,12318,26297,17280,No,3180,315,23200,366389,Vehicle,1360869,38,6042.4,Not_Eligible
36,Male,Married,Professional,64849,Government,12,Large,Own,13452,1,0,13157,24814,1566,4049,15848,Yes,16570,580,804055,378638,Home Appliances,1067990,58,500.0,Not_Eligible
35,Male,Single,Post Graduate,129719,Government,24,Small,Rented,15295,5,4,9015,17724,13109,6601,7367,No,19860,715,707295,190346,Home Appliances,493454,36,14261.8,Eligible
29,Female,Married,Post Graduate,30852,Government,27,Small,Family,5787,6,0,9959,24466,8895,9465,18463,No,5471,777,629653,230408,Education,810125,69,500.0,Not_Eligible
51,Male,Single,Professional,70361,Self-employed,11,Large,Family,25821,3,0,10169,4415,10657,25823,16384,No,19416,740,710228,457411,Education,876316,23,500.0,Not_Eligible
36,Male,Married,Graduate,126794,Government,8,Small,Rented,9604,5,1,12966,11813,13394,24249,4801,No,14541,596,362846,422914,Education,541179,41,12399.099999999999,Not_Eligible
41,Male,Single,Graduate,167330,Government,9,Small,Family,21833,3,2,12081,27145,14624,10749,16105,Yes,27506,679,71099,164108,Home Appliances,1394193,39,13050.449999999999,High_Risk
30,Female,Single,Graduate,77355,Government,27,Small,Family,21222,1,3,1184,27151,10399,5983,6024,Yes,46,364,892064,392543,Education,199468,44,1871.1,Not_Eligible
57,Female,Single,Graduate,187580,Private,12,Large,Rented,25992,2,4,12571,6620,8297,18257,19147,No,19252,459,544866,224261,Personal Loan,1419882,38,27105.399999999998,Not_Eligible
29,Female,Married,Professional,139773,Government,19,Large,Rented,8549,3,4,8375,25924,12762,25712,19017,No,14434,475,655311,16768,E-commerce Shopping,899319,68,8750.0,Not_Eligible
52,Female,Single,High School,42410,Government,19,Large,Own,19849,4,0,3608,13777,3465,14312,19816,No,20296,424,426943,70889,E-commerce Shopping,851657,19,500.0,Not_Eligible
38,Male,Married,Post Graduate,155967,Government,12,Large,Rented,22432,1,3,14477,7922,5144,17100,1682,No,14840,374,393089,267140,Education,234769,56,25329.5,Not_Eligible
29,Female,Single,Post Graduate,48924,Private,26,Large,Own,6730,1,3,3766,21238,5348,28103,562,No,3037,804,686169,296513,Personal Loan,1281738,31,500.0,Not_Eligible
57,Female,Married,Graduate,127622,Private,25,Medium,Own,20519,5,3,9811,2089,4926,10173,6992,No,3305,638,579756,156629,Personal Loan,545476,27,24432.449999999997,High_Risk
43,Female,Single,Professional,85831,Government,30,Medium,Family,27525,4,4,4326,233,8559,19417,16641,No,29094,434,138829,469087,Personal Loan,211411,23,500.0,Not_Eligible
46,Male,Married,High School,158336,Government,28,Small,Rented,14608,5,4,7635,16939,12332,24570,6665,Yes,15262,776,806157,260719,Vehicle,42688,21,21113.75,Eligible
29,Female,Single,High School,43038,Government,28,Medium,Family,15779,6,1,2435,27060,12705,25782,12477,Yes,17997,352,194848,434300,Personal Loan,1216957,31,500.0,Not_Eligible
26,Female,Single,Post Graduate,131936,Government,21,Large,Rented,3141,1,4,734,10146,5010,27360,7006,Yes,13264,527,579867,359933,Home Appliances,1497459,5,22846.25,Not_Eligible
54,Male,Single,Graduate,24136,Private,8,Large,Rented,11068,3,4,157,21155,3877,9546,14983,Yes,6360,399,478878,231976,Home Appliances,1309002,78,500.0,Not_Eligible
28,Male,Married,Post Graduate,28213,Government,23,Large,Family,20937,6,1,9533,3733,2400,29655,4093,Yes,22701,776,27072,158641,Personal Loan,878655,57,500.0,Not_Eligible
57,Male,Single,Post Graduate,123546,Private,9,Small,Own,14256,4,4,5304,29975,7707,3009,19038,No,27064,648,208956,117104,E-commerce Shopping,1404568,53,6017.549999999999,High_Risk
37,Male,Single,High School,42431,Self-employed,18,Small,Rented,196,1,0,3492,3275,10760,4727,12792,No,26729,334,184130,399366,Vehicle,700577,41,500.0,Not_Eligible
44,Female,Single,Professional,57290,Private,5,Small,Own,18258,4,0,3254,15078,14843,26926,18253,No,9892,558,343037,289044,Home Appliances,687169,33,500.0,Not_Eligible
31,Male,Single,High School,111815,Self-employed,30,Small,Family,5830,6,1,7764,21387,1740,22162,16761,Yes,8145,665,285912,217012,Home Appliances,700005,74,9809.099999999999,High_Risk
39,Female,Married,Post Graduate,145374,Private,28,Small,Family,15868,3,1,14912,25378,7330,9732,18776,Yes,9628,780,963687,122771,Home Appliances,518652,37,15312.499999999998,Eligible
47,Female,Single,Graduate,57747,Private,6,Small,Rented,6679,2,0,1075,7473,9891,17867,13517,No,112,619,495294,336064,Vehicle,340906,71,500.0,Not_Eligible
38,Female,Single,Graduate,90974,Private,14,Medium,Family,7986,5,3,5122,4946,1702,14419,17232,No,4241,438,197847,460959,Personal Loan,1467473,29,12364.099999999999,Not_Eligible
47,Female,Married,Professional,94763,Government,30,Large,Rented,937,5,4,14412,17380,7255,6098,779,Yes,19075,429,870555,238055,Vehicle,442705,28,10089.449999999999,Not_Eligible
43,Female,Married,Professional,144132,Private,21,Medium,Rented,18578,6,2,13958,845,14495,7044,3411,Yes,15443,682,607370,298591,Personal Loan,747501,29,24625.3,High_Risk
53,Male,Married,Professional,87994,Government,18,Small,Rented,11722,1,2,10053,6653,5388,20560,865,No,19968,398,799432,256979,Education,1187751,15,4474.75,Not_Eligible
44,Female,Single,Post Graduate,84015,Private,13,Large,Rented,20509,1,1,8190,1319,10147,18227,3639,No,28652,713,791724,267721,Home Appliances,63082,25,500.0,Not_Eligible
53,Female,Married,Post Graduate,160959,Private,29,Large,Rented,22634,3,2,10821,20501,10065,24107,15920,No,12028,320,100394,266486,E-commerce Shopping,438746,67,15709.05,Not_Eligible
48,Female,Married,Professional,15051,Self-employed,15,Large,Family,13989,1,3,7841,9902,11600,20657,7091,Yes,10775,740,412163,430085,Vehicle,1443484,81,500.0,Not_Eligible
42,Male,Married,Graduate,82695,Private,13,Medium,Rented,24965,1,2,6751,21487,13789,26438,18314,No,18729,654,399750,393768,Vehicle,1433225,79,500.0,Not_Eligible
34,Female,Single,Graduate,43491,Government,28,Large,Own,11118,1,0,5135,14332,8127,21860,538,No,14523,607,129431,444448,Home Appliances,1317354,71,500.0,Not_Eligible
32,Female,Single,Graduate,31080,Self-employed,28,Small,Rented,24546,4,1,6373,24817,12570,16597,4029,Yes,10350,497,170231,7113,Home Appliances,98206,73,500.0,Not_Eligible
50,Male,Single,Post Graduate,49880,Self-employed,24,Small,Rented,22933,4,2,4999,2890,2820,14769,9297,Yes,55,757,284548,259736,E-commerce Shopping,680063,24,500.0,Not_Eligible
53,Female,Married,High School,126056,Private,19,Medium,Rented,13432,2,4,2964,2625,8906,5341,9957,No,580,820,912267,361751,E-commerce Shopping,694464,75,28787.85,Eligible
34,Female,Single,Graduate,62361,Private,1,Medium,Family,23562,4,1,9080,5513,5744,7539,14803,Yes,3545,780,822922,183902,Home Appliances,387488,3,500.0,Not_Eligible
41,Male,Married,Graduate,102685,Self-employed,8,Small,Own,14919,5,3,13578,28074,13373,15575,13468,No,12817,331,988659,251868,Personal Loan,586806,17,500.0,Not_Eligible
26,Female,Married,Graduate,95875,Government,2,Medium,Own,8538,6,0,13617,8644,5391,29929,14275,Yes,12003,657,637080,44939,Home Appliances,874968,55,1217.3,Not_Eligible
30,Female,Married,Professional,109841,Private,5,Large,Own,15612,2,2,8022,1629,12434,6142,6222,No,12736,411,197171,412650,E-commerce Shopping,571592,69,16465.399999999998,Not_Eligible
29,Female,Single,Post Graduate,162665,Self-employed,4,Medium,Family,11036,1,0,5125,10452,2379,21594,7707,No,7561,558,672838,32676,Home Appliances,781598,72,33883.85,Not_Eligible
52,Female,Married,Professional,162239,Government,13,Large,Family,8310,5,3,1133,19696,14771,13827,11455,Yes,10128,576,354161,307954,E-commerce Shopping,15290,7,29021.649999999998,Not_Eligible
29,Female,Married,Professional,103091,Private,28,Large,Rented,24438,2,2,4238,23520,9470,22798,7143,No,24121,627,884713,145513,Education,120494,70,500.0,Not_Eligible
42,Male,Single,High School,48005,Self-employed,14,Large,Family,20999,6,1,6026,14744,9038,27068,11876,No,13474,415,57905,377777,Personal Loan,963605,58,500.0,Not_Eligible
50,Male,Married,Professional,80471,Self-employed,17,Large,Own,25814,2,1,5786,21101,5347,10274,7214,Yes,1667,537,548329,218632,E-commerce Shopping,885481,27,1143.8,Not_Eligible
44,Male,Married,High School,141718,Private,16,Large,Own,10972,5,4,12494,558,10223,5027,17280,Yes,28587,832,965144,368220,Vehicle,1148618,77,19801.949999999997,Eligible
51,Female,Married,Professional,121379,Government,8,Small,Family,10319,2,3,6572,8070,13873,7726,6488,Yes,8410,597,935327,486013,Vehicle,175205,64,20972.35,Not_Eligible
36,Female,Single,Graduate,65728,Government,18,Small,Family,18850,5,2,8357,29543,2343,24278,3595,Yes,9083,357,849452,463938,Personal Loan,863021,45,500.0,Not_Eligible
31,Female,Married,Post Graduate,154763,Self-employed,22,Small,Own,8775,2,0,14595,10907,6270,4999,8594,Yes,4426,414,665737,311299,Personal Loan,696905,16,33668.95,Not_Eligible
27,Male,Single,Professional,24756,Government,24,Large,Own,19143,2,0,6093,1068,1604,7704,2301,Yes,5258,687,176639,159797,Vehicle,546661,54,500.0,Not_Eligible
34,Female,Single,High School,138670,Self-employed,8,Medium,Own,1708,2,2,11948,24420,7519,18028,13326,Yes,11778,612,937621,89428,Education,199124,29,17480.05,High_Risk
58,Female,Married,Post Graduate,51308,Private,27,Medium,Own,21792,5,3,12681,10946,8532,8617,3048,Yes,6647,847,780561,38021,Education,528563,54,500.0,Not_Eligible
49,Female,Married,High School,79079,Government,15,Large,Own,6377,2,3,8312,9452,11847,12216,2584,No,13667,552,218774,183745,E-commerce Shopping,575549,3,5118.4,Not_Eligible
59,Male,Married,Graduate,80524,Private,25,Medium,Family,22788,6,0,2997,10962,7583,21005,4258,No,24322,351,904620,307108,Personal Loan,951001,48,500.0,Not_Eligible
40,Male,Married,Professional,24327,Self-employed,5,Large,Family,14269,6,2,12700,15472,1591,7571,10302,Yes,26904,751,750785,283603,Vehicle,136336,7,500.0,Not_Eligible
26,Female,Single,Post Graduate,174592,Private,7,Medium,Rented,23460,4,2,11403,5898,9038,18812,16626,Yes,843,821,486709,352300,Personal Loan,1392256,64,30979.199999999997,Eligible
48,Female,Single,Graduate,189380,Government,24,Large,Rented,27280,4,0,10167,20986,7163,22395,2350,No,12299,451,105020,160992,Vehicle,1097497,58,30358.999999999996,Not_Eligible
34,Female,Married,Professional,120561,Private,2,Medium,Rented,29717,4,2,6311,7810,4954,25592,9331,Yes,26544,665,902617,446093,Vehicle,1011465,66,3605.7,Not_Eligible
46,Male,Single,Professional,109436,Government,21,Medium,Family,22605,4,2,3155,7996,9203,28486,10559,No,3511,808,275589,478035,E-commerce Shopping,1025058,23,8372.35,High_Risk
50,Male,Married,High School,31533,Government,4,Small,Rented,21221,4,1,420,16833,7779,27036,17429,No,6708,351,958143,207018,Personal Loan,1300065,68,500.0,Not_Eligible
51,Male,Married,High School,112417,Government,6,Medium,Rented,8863,6,1,9921,3639,1121,19998,13775,Yes,20221,569,282228,360897,Education,145916,47,12207.65,Not_Eligible
53,Female,Married,Graduate,108318,Government,22,Medium,Family,26347,1,4,2835,1913,13712,7080,9678,No,1119,549,99732,221550,Personal Loan,666755,62,15971.9,Not_Eligible
44,Male,Married,High School,190560,Government,24,Large,Own,15507,2,4,4363,10989,3276,17259,9156,No,28903,759,956970,109446,Vehicle,951662,20,35387.45,Eligible
51,Female,Single,Graduate,55429,Self-employed,0,Medium,Family,18069,6,3,2085,4633,11836,15709,2665,Yes,26377,798,750635,310,Education,325574,17,500.0,Not_Eligible
44,Female,Single,Graduate,197798,Private,21,Medium,Family,10269,6,1,7069,22357,13265,20388,14321,No,9327,411,668524,430756,Vehicle,1444288,48,35280.7,Not_Eligible
43,Male,Married,Graduate,101348,Self-employed,20,Medium,Own,18869,3,1,7470,24308,9095,27087,18395,No,6034,402,565457,145611,Personal Loan,1422278,35,500.0,Not_Eligible
44,Female,Married,High School,88065,Private,3,Medium,Rented,9888,1,1,2385,5328,8076,22606,13129,No,13358,311,208256,441840,Vehicle,967653,13,4653.25,Not_Eligible
59,Male,Single,Post Graduate,166725,Private,25,Medium,Family,24324,5,1,9969,5409,1877,18750,11599,No,3765,769,177380,349455,Home Appliances,921171,53,31861.199999999997,Eligible
26,Female,Single,Graduate,108396,Private,27,Small,Family,19985,1,3,2377,18929,1785,9142,6526,No,24298,531,349993,454416,Education,477752,31,8873.9,Not_Eligible
54,Female,Single,Post Graduate,28654,Self-employed,15,Medium,Own,28734,3,0,12486,27830,3076,12207,5245,Yes,6397,803,124319,50654,E-commerce Shopping,521158,10,500.0,Not_Eligible
58,Male,Married,Professional,148180,Government,26,Large,Family,17837,6,3,2857,24270,6671,14678,15075,Yes,13830,754,236604,57594,Home Appliances,1263833,67,18536.699999999997,Eligible
46,Female,Single,High School,84483,Government,13,Large,Rented,19590,1,0,12292,4811,1100,27582,1394,No,10071,336,224674,257094,Vehicle,621908,32,2675.0499999999997,Not_Eligible
27,Female,Married,High School,22899,Self-employed,0,Medium,Own,28828,2,4,1455,29071,9567,27067,14744,No,22815,449,10576,251225,Personal Loan,507521,55,500.0,Not_Eligible
30,Female,Married,Post Graduate,159444,Government,3,Medium,Family,23096,4,1,9180,5327,9837,10930,9020,Yes,24342,436,756560,65790,Vehicle,766394,76,23699.199999999997,Not_Eligible
39,Female,Single,Professional,183754,Private,9,Medium,Rented,19374,2,0,13682,3461,4382,6765,18459,Yes,13617,763,356305,471168,E-commerce Shopping,707836,8,36404.899999999994,Eligible
51,Female,Married,Professional,110909,Government,10,Small,Rented,29448,1,3,13182,7533,12703,16307,2896,Yes,18322,415,395283,180737,Personal Loan,1306848,47,3681.2999999999997,Not_Eligible
34,Female,Single,Graduate,119971,Government,6,Large,Family,10493,6,0,1890,1459,6960,23434,12737,No,19439,640,735766,16734,Education,1140808,65,15245.65,High_Risk
33,Female,Married,High School,106724,Government,3,Small,Rented,15342,6,2,14438,25496,11932,21895,12814,Yes,14709,628,448394,309331,Education,577087,3,500.0,Not_Eligible
57,Female,Married,Professional,182655,Private,0,Small,Own,11450,3,4,10674,22866,12720,23019,375,Yes,24770,695,257699,294244,Vehicle,373191,11,26873.35,High_Risk
56,Male,Married,Professional,44295,Government,25,Medium,Rented,23930,5,4,14219,11410,7343,8713,14300,Yes,19480,415,19600,273530,Home Appliances,1468797,52,500.0,Not_Eligible
30,Male,Married,Graduate,95565,Government,0,Medium,Own,17734,2,1,8841,14331,5816,22279,3990,No,1029,628,61742,167584,Personal Loan,1121256,54,7540.749999999999,High_Risk
60,Female,Married,Graduate,64574,Government,16,Large,Own,6342,3,1,10020,16840,14911,16871,14861,No,1504,774,501157,61324,Home Appliances,669571,57,500.0,Not_Eligible
26,Female,Married,Post Graduate,116067,Self-employed,26,Medium,Own,15216,5,3,2428,8168,3023,6905,10283,Yes,864,334,588224,494400,Vehicle,842921,18,24213.0,Not_Eligible
53,Male,Single,High School,45066,Self-employed,9,Large,Family,23722,4,0,6209,26460,8292,13605,15813,No,18574,662,555301,363826,Personal Loan,422950,5,500.0,Not_Eligible
28,Female,Single,Professional,155017,Government,4,Small,Rented,5434,2,2,12866,5530,13758,4916,9077,Yes,15038,465,245959,93344,Education,783672,44,30939.3,Not_Eligible
25,Male,Married,Post Graduate,44418,Self-employed,6,Large,Family,28677,6,4,2317,644,11144,7277,6259,Yes,26259,686,488727,272898,Education,1361766,4,500.0,Not_Eligible
43,Male,Single,High School,97607,Self-employed,24,Large,Family,20333,2,0,8238,10521,2045,13482,3706,No,10410,527,591871,46820,Vehicle,512876,62,10105.199999999999,Not_Eligible
50,Male,Married,Post Graduate,64874,Private,7,Large,Own,17663,6,2,12652,12701,3097,15507,994,No,16873,732,400683,337467,Personal Loan,1446986,74,500.0,Not_Eligible
49,Female,Single,High School,127158,Self-employed,1,Small,Family,22382,6,0,8048,22093,4822,18998,2489,Yes,7127,525,803765,342482,Vehicle,1265678,20,14419.65,Not_Eligible
34,Female,Single,High School,163202,Self-employed,8,Small,Rented,17204,4,1,7347,7264,5821,13083,2661,No,21698,315,354540,353963,Education,455429,63,30843.399999999998,Not_Eligible
39,Female,Married,Professional,101257,Government,3,Medium,Family,9535,4,4,2115,26786,4866,9572,15363,No,26883,467,481239,289145,E-commerce Shopping,1384431,61,2147.95,Not_Eligible
46,Male,Single,High School,145538,Private,11,Medium,Family,6119,1,2,7282,21322,12823,9951,15344,No,21739,307,665223,254055,Home Appliances,1066903,5,17835.3,Not_Eligible
45,Male,Married,Graduate,187466,Private,25,Large,Own,18679,5,1,7193,13748,7209,23514,3515,No,18426,737,71395,423391,Vehicle,171209,8,33313.7,Eligible
46,Male,Single,Professional,64635,Private,30,Large,Own,16387,3,3,10446,23747,11206,6863,5010,Yes,9733,734,460541,455812,E-commerce Shopping,492260,15,500.0,Not_Eligible
60,Female,Married,Graduate,128023,Self-employed,10,Small,Family,2560,4,3,72,5747,9076,20058,5515,Yes,22264,685,732443,74670,Education,390176,17,21955.85,High_Risk
58,Male,Single,Post Graduate,114837,Government,4,Small,Own,23365,1,1,13570,20640,3349,21284,7920,Yes,28723,465,940373,21034,Vehicle,1355330,46,500.0,Not_Eligible
54,Male,Married,Post Graduate,32404,Private,11,Small,Family,10745,5,2,3457,20734,12590,26713,18310,Yes,4882,611,993268,6958,Education,1365168,10,500.0,Not_Eligible
49,Female,Single,High School,87629,Private,26,Large,Rented,30,5,2,2022,25669,1383,27293,5076,Yes,24697,831,69055,447716,Education,599597,80,510.65,Not_Eligible
52,Male,Married,High School,28156,Self-employed,20,Large,Rented,22336,2,4,4085,27035,3585,7503,16612,No,5935,351,626788,489989,Vehicle,571729,27,500.0,Not_Eligible
25,Male,Single,Graduate,64999,Private,3,Small,Own,26228,1,1,10269,2761,1702,7099,11403,No,3288,620,509045,283835,E-commerce Shopping,594675,35,787.15,Not_Eligible
28,Female,Married,Graduate,159857,Government,12,Large,Rented,8132,1,3,7588,26618,3096,23840,12102,Yes,15030,574,60076,382371,Vehicle,228389,67,22207.85,Not_Eligible
31,Female,Single,Graduate,194431,Private,21,Small,Rented,25874,2,1,9218,24611,1318,25449,6585,Yes,13754,752,505178,36772,Education,1409792,67,30667.699999999997,Eligible
33,Male,Married,Post Graduate,29694,Government,0,Medium,Family,12996,3,0,13832,23257,9212,22421,14910,Yes,23497,575,106584,159692,Personal Loan,655528,19,500.0,Not_Eligible
60,Female,Single,Graduate,182186,Government,17,Small,Own,17269,4,2,1543,14301,12696,3589,19023,Yes,24613,607,582725,474485,Education,844288,84,31203.199999999997,High_Risk
43,Male,Married,Professional,84549,Government,3,Large,Rented,23876,6,0,12808,16853,1591,19023,1294,No,28755,390,880456,310731,Vehicle,736700,54,500.0,Not_Eligible
25,Female,Married,Professional,47799,Self-employed,3,Large,Own,25776,2,3,4496,8500,5104,24861,17932,No,10116,740,490501,104965,E-commerce Shopping,626191,17,500.0,Not_Eligible
34,Male,Married,Post Graduate,105288,Self-employed,7,Large,Own,27934,4,2,5783,27844,11388,25131,16900,No,18345,717,577029,282397,Education,979702,53,500.0,Not_Eligible
60,Female,Married,Graduate,157228,Government,24,Large,Own,26555,6,3,14279,6017,2460,4889,13231,No,15467,718,265735,432228,E-commerce Shopping,490495,64,26015.5,Eligible
33,Male,Single,Graduate,156376,Government,27,Small,Rented,21227,1,3,10228,25056,11738,21766,19872,No,21489,698,764388,173949,E-commerce Shopping,875008,62,8750.0,High_Risk
56,Female,Single,High School,55645,Private,19,Small,Own,4038,2,3,4749,22342,2911,14554,15903,No,16034,558,588127,231643,Home Appliances,69971,58,500.0,Not_Eligible
56,Female,Single,Professional,185010,Private,5,Medium,Own,26702,6,4,5045,6847,4126,21716,14516,No,3836,303,39898,280713,E-commerce Shopping,323689,32,35777.7,Not_Eligible
30,Female,Married,Post Graduate,92614,Private,3,Small,Family,18674,3,3,847,8980,13584,4059,11247,Yes,21218,512,981938,86683,Education,1379480,75,4901.75,Not_Eligible
41,Female,Married,Graduate,148387,Self-employed,3,Medium,Family,3894,4,3,12272,16674,11757,6395,14868,Yes,17410,705,863825,329989,Education,1260270,36,22790.949999999997,Eligible
34,Female,Married,High School,113369,Private,27,Small,Family,4596,4,0,9687,429,7912,27014,3009,Yes,22312,368,243883,119368,Vehicle,764697,42,13443.5,Not_Eligible
51,Female,Married,Post Graduate,27420,Government,10,Small,Family,16588,4,0,934,597,7847,19778,8163,No,25247,530,575230,276759,Vehicle,1234754,13,500.0,Not_Eligible
59,Female,Married,Post Graduate,33312,Government,27,Large,Own,9675,1,0,1395,8050,8044,19950,18364,No,27939,582,326680,58931,E-commerce Shopping,1020713,81,500.0,Not_Eligible
45,Male,Single,Professional,36395,Self-employed,8,Medium,Family,21886,6,2,6574,4527,6348,20456,5557,Yes,20509,605,705597,320593,Personal Loan,1328090,31,500.0,Not_Eligible
49,Male,Single,Graduate,55301,Self-employed,13,Large,Family,27346,4,4,538,1557,2270,5510,8416,Yes,627,567,952344,260419,Education,599432,13,3162.95,Not_Eligible
52,Female,Single,Post Graduate,61972,Private,3,Large,Rented,29004,5,2,11611,23173,8166,10480,2250,No,12283,437,890919,422316,E-commerce Shopping,976099,3,500.0,Not_Eligible
39,Female,Married,High School,78294,Self-employed,12,Small,Family,27226,4,4,8262,20984,1281,9100,15400,No,5286,348,380695,470389,Vehicle,379387,83,500.0,Not_Eligible
28,Male,Married,High School,95853,Government,5,Small,Family,12453,1,4,13793,24439,12008,5402,11173,No,28764,334,895162,252409,Education,154379,77,500.0,Not_Eligible
53,Male,Married,Post Graduate,135135,Government,29,Medium,Rented,26784,2,1,14042,672,13544,9486,8327,No,10457,481,305403,20950,Home Appliances,408938,31,18138.05,Not_Eligible
33,Female,Married,High School,194297,Self-employed,12,Medium,Own,24581,4,1,14113,2854,6212,21486,13795,No,19544,419,748866,401347,Vehicle,1374678,65,32099.199999999997,Not_Eligible
51,Male,Married,Post Graduate,97504,Government,24,Small,Own,7820,4,1,8447,17962,2829,14575,5152,No,29883,567,956038,54028,Home Appliances,376222,78,3792.6,Not_Eligible
50,Male,Married,High School,37854,Self-employed,2,Medium,Rented,24524,2,4,10386,17816,9744,26448,9244,Yes,20151,775,31605,41930,Education,422239,61,500.0,Not_Eligible
43,Female,Married,Post Graduate,136373,Government,22,Small,Rented,16915,6,4,901,5521,4739,26525,19421,No,29643,577,683678,189002,Personal Loan,1160394,38,11447.8,Not_Eligible
52,Female,Single,Post Graduate,85780,Private,6,Small,Own,10284,6,2,8861,8232,7276,28490,6588,Yes,5841,536,27159,317586,E-commerce Shopping,336256,17,3572.7999999999997,Not_Eligible
41,Female,Single,Post Graduate,177001,Self-employed,0,Small,Family,12744,5,4,1883,4479,3964,28687,17777,Yes,25461,543,736679,448672,E-commerce Shopping,576117,75,28702.1,Not_Eligible
44,Male,Married,High School,121458,Self-employed,10,Medium,Rented,8016,1,3,8331,19317,6616,16191,16310,Yes,29369,820,929519,312013,Personal Loan,1351779,62,6057.799999999999,High_Risk
47,Female,Married,Post Graduate,72103,Self-employed,1,Large,Rented,16610,2,3,2702,17698,8763,8439,370,No,6425,553,107213,34060,E-commerce Shopping,1455845,17,3883.6,Not_Eligible
56,Female,Married,Professional,78620,Government,4,Medium,Rented,6142,1,4,10860,18199,12659,22845,18043,No,17358,543,618065,13574,E-commerce Shopping,666197,36,500.0,Not_Eligible
57,Male,Single,Post Graduate,104590,Private,23,Large,Own,7482,6,3,9638,4278,12116,23307,9113,Yes,24964,335,173929,485152,Home Appliances,754299,64,4792.2,Not_Eligible
29,Female,Single,Graduate,99124,Self-employed,21,Medium,Own,18483,2,4,11110,23291,3807,21701,19827,No,16055,460,488005,318623,E-commerce Shopping,933123,18,500.0,Not_Eligible
58,Male,Married,Graduate,59590,Government,29,Large,Own,7313,3,1,12095,1895,3919,8991,7657,No,21408,440,290085,317996,Home Appliances,1247651,25,500.0,Not_Eligible
35,Male,Single,Professional,115196,Self-employed,13,Large,Own,23674,5,4,4159,17447,12196,3965,17660,Yes,10376,753,103723,284983,E-commerce Shopping,865236,35,9001.65,High_Risk
27,Male,Single,Post Graduate,87554,Government,28,Medium,Own,14030,3,1,9486,13910,2570,14723,6629,Yes,28959,432,218253,487652,E-commerce Shopping,157101,34,500.0,Not_Eligible
57,Male,Single,Graduate,156693,Private,12,Medium,Family,20950,6,0,14009,11488,11488,28725,10678,Yes,5452,573,331432,28615,Vehicle,414103,18,18866.05,Not_Eligible
35,Male,Married,Post Graduate,132781,Government,15,Large,Family,25472,2,3,9059,5404,6756,26366,8793,No,4714,317,479116,482605,Personal Loan,384649,81,16175.949999999999,Not_Eligible
40,Male,Single,Graduate,15973,Government,22,Small,Own,9512,6,0,11074,24713,7707,21616,10257,No,24987,575,740543,317153,Vehicle,845216,30,500.0,Not_Eligible
42,Female,Single,High School,73786,Self-employed,14,Large,Own,19045,2,3,12800,8526,11528,11556,16592,No,24982,659,34211,36626,E-commerce Shopping,777074,16,500.0,Not_Eligible
54,Female,Married,High School,119919,Government,30,Large,Own,27135,1,0,13318,12425,11648,6613,14862,Yes,12887,321,923406,394339,Home Appliances,458896,23,7360.849999999999,Not_Eligible
34,Female,Married,Professional,52097,Self-employed,2,Small,Rented,1664,2,4,1416,5593,8949,16007,14570,No,8188,516,575093,94625,E-commerce Shopping,755668,73,500.0,Not_Eligible
42,Male,Single,Professional,136403,Government,5,Large,Rented,17909,6,0,11264,12775,7876,4031,3206,No,18408,765,733122,242915,Education,1206095,33,21326.899999999998,Eligible
43,Female,Married,Post Graduate,49245,Private,8,Small,Own,20134,1,3,11524,29247,13596,28229,210,No,9340,792,792346,337086,Education,443615,24,500.0,Not_Eligible
60,Male,Single,Professional,69841,Government,2,Small,Own,29897,1,2,14382,2676,9252,17127,11815,Yes,27844,793,675525,276549,Education,667443,27,500.0,Not_Eligible
37,Female,Single,Post Graduate,40346,Self-employed,29,Medium,Rented,14750,2,3,4963,24476,4575,23179,16656,Yes,19053,500,135346,166650,Education,679686,48,500.0,Not_Eligible
27,Male,Married,High School,120633,Government,12,Large,Rented,23141,1,2,4873,26209,3828,6867,6287,No,3578,564,70585,273919,E-commerce Shopping,1094080,44,16047.499999999998,Not_Eligible
34,Female,Married,High School,86980,Government,28,Large,Rented,3654,6,4,5121,5265,3574,18237,9918,Yes,22333,588,340601,61308,Education,970592,6,6607.299999999999,Not_Eligible
25,Male,Single,Graduate,105417,Private,12,Small,Rented,13733,5,3,2582,29569,4382,10581,3579,Yes,3119,562,695137,408310,Personal Loan,1471964,35,13255.199999999999,Not_Eligible
51,Female,Married,Post Graduate,195225,Self-employed,21,Large,Rented,18951,3,0,358,14744,4764,23470,10973,No,25921,716,316220,258357,E-commerce Shopping,475431,56,33615.4,Eligible
32,Male,Married,High School,91942,Private,6,Small,Own,29345,2,4,1500,9725,11439,6203,7501,No,3261,365,333311,391094,Vehicle,731514,31,8038.799999999999,Not_Eligible
41,Female,Single,High School,120147,Government,4,Large,Own,17480,1,3,8119,17492,4424,18353,8693,Yes,7790,810,940461,214833,E-commerce Shopping,116115,49,13228.599999999999,Eligible
33,Male,Single,Post Graduate,105975,Private,25,Large,Rented,3098,1,4,1938,17970,2098,23802,3825,No,16383,755,242286,41792,Home Appliances,247035,72,12901.349999999999,Eligible
30,Female,Single,Graduate,20972,Government,28,Small,Own,19624,6,2,13733,24158,11995,8001,10065,No,26333,392,373016,6444,Personal Loan,1112202,58,500.0,Not_Eligible
49,Female,Single,Graduate,63063,Government,7,Small,Rented,11014,1,4,814,3861,14582,21533,17493,No,13808,479,308826,392221,E-commerce Shopping,757117,27,500.0,Not_Eligible
52,Female,Single,Graduate,145017,Private,7,Large,Rented,24351,1,0,8787,21512,14332,7890,3064,No,22596,334,315554,13390,Vehicle,723292,60,14869.749999999998,Not_Eligible
57,Male,Single,Graduate,72055,Private,21,Large,Rented,23112,5,3,14539,4954,12299,29065,3151,No,10935,595,461868,269128,Home Appliances,1402061,76,500.0,Not_Eligible
33,Male,Married,High School,157003,Government,6,Small,Own,21712,2,2,5066,1112,1197,16740,14128,No,23881,727,592646,472310,Home Appliances,290200,50,25608.449999999997,Eligible
42,Male,Married,Post Graduate,153774,Private,18,Medium,Own,7778,2,4,8418,1112,14464,25602,8143,No,23022,594,498830,219452,Vehicle,1417769,53,22832.25,Not_Eligible
45,Male,Single,Post Graduate,99834,Private,28,Medium,Own,11119,6,1,11187,10458,11283,16411,13465,Yes,13171,831,36013,123100,Vehicle,1292862,76,4459.0,Not_Eligible
26,Male,Married,High School,167612,Government,6,Large,Own,24463,5,2,3835,19273,3688,7839,14634,No,9891,652,996440,359866,Vehicle,248825,82,29396.149999999998,High_Risk
60,Female,Married,High School,72450,Self-employed,22,Large,Family,13185,5,2,4912,16733,8098,9379,17733,No,17926,514,55040,438401,Vehicle,850868,17,500.0,Not_Eligible
39,Male,Single,High School,80252,Private,3,Large,Rented,14250,5,0,6086,3962,7129,24772,13042,Yes,29087,352,814266,218269,Education,383189,48,500.0,Not_Eligible
52,Female,Married,Professional,61904,Private,9,Small,Rented,3614,2,0,6294,18307,10760,24367,8200,No,13530,439,902387,412845,Personal Loan,1235994,56,500.0,Not_Eligible
42,Female,Married,Post Graduate,67320,Self-employed,29,Large,Own,17231,4,4,11510,12692,10062,23022,3499,No,25472,747,455662,102397,Vehicle,648941,56,500.0,Not_Eligible
58,Male,Single,Post Graduate,46000,Private,12,Large,Own,14254,6,1,14129,24443,1509,28853,9305,No,24121,325,340339,344822,Education,1183074,81,500.0,Not_Eligible
46,Female,Married,Post Graduate,110341,Government,3,Large,Family,3616,6,2,2064,24349,3463,24206,11683,Yes,7669,849,949080,413763,E-commerce Shopping,1302054,67,11651.849999999999,Eligible
35,Male,Married,Graduate,17599,Private,29,Medium,Rented,2704,3,4,2351,23712,13225,23808,13314,No,19731,587,723479,272530,Home Appliances,1479614,64,500.0,Not_Eligible
37,Male,Single,High School,102636,Government,18,Large,Rented,23138,5,1,14200,42,11648,18171,15285,No,8609,496,142824,403923,E-commerce Shopping,680525,72,4040.0499999999997,Not_Eligible
28,Male,Married,High School,15018,Self-employed,9,Large,Own,3893,5,4,9729,11737,13583,8927,4587,Yes,29234,411,781970,141316,E-commerce Shopping,1117494,54,500.0,Not_Eligible
46,Female,Married,High School,146930,Self-employed,6,Small,Own,11573,2,2,7364,5877,8097,5417,7874,Yes,5539,770,250664,29256,Education,695034,21,33316.15,Eligible
31,Male,Married,Professional,172064,Self-employed,4,Medium,Family,11263,6,4,13757,26881,2888,23126,7161,No,22425,668,107751,102611,Education,609459,45,22597.05,High_Risk
48,Male,Single,Post Graduate,178652,Private,2,Small,Rented,2994,2,0,1364,5974,3250,3258,17060,No,10966,681,460916,286264,Vehicle,256205,8,46825.1,High_Risk
28,Male,Single,High School,85916,Self-employed,21,Large,Family,29318,3,0,11020,15518,5671,17563,2772,No,1184,327,154595,205246,Vehicle,270411,70,1004.4999999999999,Not_Eligible
52,Female,Married,Professional,181872,Private,27,Large,Rented,4533,1,3,1084,15491,6010,23856,14244,No,18432,446,29446,118323,Education,122237,12,34377.7,Not_Eligible
39,Male,Married,High School,134193,Private,21,Large,Own,1500,2,1,266,15918,1984,19528,1383,Yes,5186,609,83995,10608,Personal Loan,492281,45,30949.8,High_Risk
25,Female,Single,Graduate,73770,Private,21,Large,Family,18826,3,2,8151,17235,1795,25607,10434,No,28209,677,526200,423994,Vehicle,1385566,57,500.0,Not_Eligible
27,Female,Single,Post Graduate,52487,Self-employed,1,Large,Own,1725,2,1,13408,13356,7089,22494,498,Yes,24098,380,933796,381243,E-commerce Shopping,274995,11,500.0,Not_Eligible
38,Male,Married,Professional,159015,Self-employed,28,Small,Rented,9757,2,0,13594,11584,1847,22137,6711,No,24738,314,665495,262266,Vehicle,752988,67,24026.449999999997,Not_Eligible
25,Female,Single,High School,117342,Private,10,Large,Rented,14392,2,2,9462,13301,2391,20092,9832,Yes,314,514,176869,64079,Vehicle,687191,53,16645.3,Not_Eligible
45,Female,Married,Post Graduate,76457,Self-employed,9,Large,Family,7341,4,3,8226,13505,8593,11437,1854,No,29004,322,692504,151930,Personal Loan,311016,65,500.0,Not_Eligible
53,Male,Married,Professional,33836,Private,27,Medium,Own,26319,4,0,4881,17670,6717,23812,16087,Yes,20064,635,678720,38640,Education,171111,58,500.0,Not_Eligible
29,Male,Single,Post Graduate,116150,Self-employed,22,Medium,Rented,16709,5,0,67,27058,3993,29187,1069,Yes,25100,489,836693,314963,Personal Loan,735671,83,4538.45,Not_Eligible
34,Male,Single,Post Graduate,26394,Government,12,Large,Rented,4417,4,1,188,20163,8627,10570,9787,No,7445,580,725599,108435,Vehicle,1438539,14,500.0,Not_Eligible
52,Female,Married,Graduate,87158,Self-employed,6,Large,Family,10422,3,4,4136,12817,5457,22196,12019,No,14391,459,130732,79833,Personal Loan,1343644,48,2001.9999999999998,Not_Eligible
45,Male,Married,Post Graduate,139660,Self-employed,9,Large,Family,2666,2,1,12895,22390,5571,15565,8538,No,10628,684,23252,322662,Vehicle,1160812,18,21492.449999999997,High_Risk
31,Female,Single,Professional,125599,Self-employed,27,Large,Own,9401,4,0,682,11560,13591,25503,6589,Yes,16976,583,629657,322208,Personal Loan,1181935,80,14453.949999999999,Not_Eligible
27,Female,Married,Post Graduate,40280,Private,3,Large,Family,20745,6,1,13232,15860,11424,10175,10414,No,7082,390,570062,202379,Home Appliances,12794,72,500.0,Not_Eligible
44,Female,Single,Professional,139221,Private,26,Large,Rented,16003,2,4,11146,20074,11504,12579,17212,No,18121,792,514819,408468,Home Appliances,28980,49,11403.699999999999,Eligible
43,Female,Single,Post Graduate,92318,Government,21,Small,Own,7152,1,3,3138,26692,10629,14715,18070,Yes,19706,783,832568,268793,Vehicle,355338,62,500.0,Not_Eligible
59,Female,Single,High School,147231,Government,19,Small,Own,17225,5,2,13234,17432,9593,12926,14134,Yes,730,439,680466,382263,Personal Loan,261964,59,21684.949999999997,Not_Eligible
28,Male,Single,Graduate,85162,Government,15,Small,Own,29000,4,0,9523,18999,11412,3251,7464,No,12814,762,881984,319351,Vehicle,1210785,65,500.0,Not_Eligible
29,Male,Single,High School,169512,Private,19,Medium,Rented,28477,6,1,3190,16896,1877,22327,9667,Yes,3692,319,159320,23190,Personal Loan,715497,32,29185.1,Not_Eligible
25,Female,Married,Graduate,67712,Government,5,Large,Family,11628,6,0,852,22497,4154,5005,9636,Yes,28040,638,302490,479635,Education,657477,7,500.0,Not_Eligible
28,Female,Single,Professional,124578,Government,8,Medium,Own,4778,2,2,7353,16566,6709,9161,2698,Yes,4219,709,26573,332758,Personal Loan,281737,17,25582.899999999998,Eligible
36,Male,Single,Graduate,193728,Self-employed,27,Medium,Rented,16169,1,1,13261,16258,14633,17725,3906,Yes,3142,733,572923,143920,Personal Loan,183342,33,38021.899999999994,Eligible
51,Male,Single,Post Graduate,152661,Government,12,Medium,Family,18455,5,3,7237,2101,10098,22697,17007,Yes,9912,501,683865,15022,Vehicle,703838,20,22803.899999999998,Not_Eligible
47,Female,Single,Post Graduate,63241,Self-employed,30,Small,Own,17668,5,2,11250,9296,5441,4276,16541,Yes,29375,324,777916,441413,Personal Loan,1050036,79,500.0,Not_Eligible
49,Female,Single,High School,38233,Private,6,Large,Family,17762,1,4,8948,16543,2095,12219,5821,No,19880,330,570769,350462,Vehicle,1414243,45,500.0,Not_Eligible
45,Male,Single,Graduate,181083,Private,17,Large,Family,6339,4,4,12188,11649,12714,28972,12246,No,25484,767,940168,311596,Vehicle,905835,13,25021.85,Eligible
48,Male,Single,Professional,23177,Self-employed,13,Medium,Family,19042,4,0,1694,5568,2806,4448,12096,No,2959,506,174216,50678,E-commerce Shopping,348887,53,500.0,Not_Eligible
49,Female,Married,Professional,180600,Government,21,Small,Rented,19945,2,4,9499,8929,6996,9892,12296,No,29665,701,93622,210123,Vehicle,350921,14,29182.3,Eligible
56,Male,Married,Post Graduate,129506,Private,29,Medium,Own,22391,3,1,13930,10503,2676,20586,2636,No,8519,467,576386,152738,Personal Loan,1104527,58,16892.75,Not_Eligible
56,Male,Married,Professional,76351,Self-employed,4,Medium,Own,21836,2,4,14257,19052,9399,27587,10231,No,6710,642,516205,302919,Home Appliances,576481,21,500.0,Not_Eligible
29,Female,Married,Post Graduate,106908,Private,21,Large,Own,10079,2,3,2595,11245,10557,8999,11052,No,5083,366,56866,93047,Education,1418351,3,16554.3,Not_Eligible
60,Female,Single,Post Graduate,66827,Private,12,Small,Rented,20396,2,1,5467,3380,14344,28892,4190,No,8646,310,230944,17783,Personal Loan,1172164,16,500.0,Not_Eligible
40,Female,Married,Post Graduate,169580,Government,23,Large,Family,18362,1,0,1218,19499,6501,11961,9492,Yes,23201,710,831585,317594,Personal Loan,212326,83,27771.1,Eligible
57,Male,Single,High School,95501,Private,7,Medium,Rented,12919,5,0,5899,24776,10601,13498,5068,No,25312,464,572910,56783,Personal Loan,1255245,68,500.0,Not_Eligible
45,Female,Married,High School,83772,Self-employed,14,Large,Own,20800,5,4,8675,1307,8276,9740,19353,No,9347,439,206609,92462,E-commerce Shopping,676702,40,2195.8999999999996,Not_Eligible
33,Male,Married,Post Graduate,30611,Government,18,Medium,Family,13758,3,4,14295,10386,14276,9438,19416,Yes,18358,780,442411,69876,Home Appliances,984571,22,500.0,Not_Eligible
30,Female,Single,Post Graduate,168354,Self-employed,8,Small,Rented,21880,4,0,4683,21943,12117,12548,4212,Yes,8293,711,846645,108831,Personal Loan,497686,54,28937.3,Eligible
59,Female,Single,Post Graduate,56003,Self-employed,5,Large,Rented,28874,2,1,7447,11667,13449,22567,17863,No,26457,561,142607,140316,Vehicle,76415,25,500.0,Not_Eligible
46,Male,Married,Professional,157412,Self-employed,22,Large,Rented,11353,1,2,8000,21190,11255,4973,18756,Yes,20417,805,276328,397510,Home Appliances,437166,67,21513.8,Eligible
29,Male,Married,Post Graduate,111629,Government,24,Large,Rented,24258,1,0,13659,28665,8181,13445,18327,No,24287,512,358213,120783,Home Appliances,1267726,8,500.0,Not_Eligible
47,Female,Married,Post Graduate,101643,Private,30,Large,Family,18608,2,3,7759,9961,11982,21653,1442,Yes,21734,644,276260,473140,Personal Loan,412271,81,2976.3999999999996,Not_Eligible
41,Female,Married,Graduate,89684,Self-employed,13,Large,Rented,29298,1,1,12180,19639,9437,16841,3989,No,5993,335,160700,353372,Vehicle,775991,19,500.0,Not_Eligible
36,Male,Single,Graduate,123610,Private,28,Small,Family,14156,1,2,11741,2594,14357,28612,4902,Yes,6714,343,696169,203191,Home Appliances,1323106,38,14186.9,Not_Eligible
47,Female,Married,Graduate,135332,Private,22,Small,Rented,10271,2,2,9313,26514,9068,8389,12086,Yes,17192,706,815458,347352,Education,1159927,64,14874.65,Eligible
40,Male,Married,Graduate,98035,Self-employed,9,Large,Own,16239,3,1,281,17616,3602,9183,15805,No,12225,386,338810,176426,Vehicle,1458015,61,8079.4,Not_Eligible
27,Male,Married,Post Graduate,33165,Private,8,Medium,Rented,7089,1,0,8821,4967,6167,21936,550,No,1241,334,593649,24163,Home Appliances,1394328,68,500.0,Not_Eligible
54,Female,Married,Graduate,124322,Government,16,Medium,Rented,13014,5,2,2466,8766,4481,12946,10643,No,7086,752,760248,431215,Home Appliances,554038,55,22722.0,Eligible
46,Male,Married,Professional,164332,Government,12,Large,Own,17337,6,3,12510,16465,2477,15230,10343,No,27930,616,520695,441987,Vehicle,525231,13,21714.0,High_Risk
33,Male,Single,Professional,69515,Private,16,Large,Family,27443,5,1,4175,24838,7285,24807,10382,No,28238,465,24652,279999,E-commerce Shopping,1251863,12,500.0,Not_Eligible
53,Male,Single,Graduate,124446,Private,18,Small,Rented,23318,6,4,4921,28414,3497,7617,19145,Yes,20116,479,357937,168918,Vehicle,444828,6,6096.299999999999,Not_Eligible
47,Female,Single,High School,45480,Government,12,Small,Rented,26866,6,0,10921,27546,14500,28720,13204,Yes,10607,813,931325,77462,Education,1342930,21,500.0,Not_Eligible
37,Male,Single,Professional,198599,Private,8,Large,Own,5917,5,1,6556,15398,6850,26861,10785,No,28762,746,204754,34077,E-commerce Shopping,715729,56,34114.5,Eligible
56,Female,Single,Professional,74789,Private,0,Large,Family,8261,2,3,11656,8477,2480,4698,14194,Yes,9953,777,25684,194602,Personal Loan,479868,41,5274.5,High_Risk
47,Female,Married,Graduate,197974,Private,0,Medium,Own,15350,6,2,2381,24598,2787,16975,17207,Yes,1392,652,322011,349399,E-commerce Shopping,592555,84,41049.399999999994,High_Risk
41,Female,Single,Graduate,47191,Private,4,Small,Rented,9286,5,0,2936,28243,14260,5352,1106,No,18570,834,597417,178991,Education,164115,64,500.0,Not_Eligible
45,Male,Single,Post Graduate,74488,Self-employed,7,Large,Family,5742,4,0,9543,12182,2812,18785,16180,Yes,19798,325,813288,299983,Education,1186854,44,500.0,Not_Eligible
26,Male,Married,Professional,182116,Private,17,Small,Rented,4253,1,1,13313,19929,13403,24962,16109,No,26737,329,187797,422998,Education,1436721,31,22193.5,Not_Eligible
30,Female,Single,Graduate,195672,Government,3,Large,Own,16932,3,1,13514,14319,3923,26123,18603,Yes,26645,523,474940,487141,Home Appliances,1289926,81,26464.55,Not_Eligible
42,Female,Single,Graduate,102457,Self-employed,30,Large,Rented,1839,6,3,10497,22830,3561,17537,11961,No,5142,405,817363,283765,E-commerce Shopping,1021526,46,10181.5,Not_Eligible
54,Male,Single,Post Graduate,194848,Self-employed,21,Large,Own,18335,5,4,6906,20685,3946,9705,16745,Yes,9280,839,657490,274153,Education,323949,35,38236.1,Eligible
46,Female,Single,Professional,117476,Government,30,Large,Own,14661,2,1,11630,17839,13300,25939,9955,Yes,24122,756,646792,337938,E-commerce Shopping,345033,44,500.0,Not_Eligible
57,Female,Married,Graduate,158908,Private,0,Medium,Family,9250,6,1,7313,16478,11516,11411,12419,No,29131,360,249973,299059,E-commerce Shopping,1126488,13,21486.5,Not_Eligible
54,Male,Married,Post Graduate,89525,Self-employed,14,Large,Own,11743,3,1,9028,18906,14563,19310,2957,No,20056,475,562831,420590,Personal Loan,80156,61,500.0,Not_Eligible
41,Female,Single,Graduate,67648,Self-employed,19,Medium,Family,18891,2,3,6139,136,1915,18514,7086,Yes,1733,762,124185,75257,Personal Loan,1191148,17,4631.9,Not_Eligible
56,Male,Married,High School,28740,Private,3,Medium,Family,28483,3,2,3449,18421,10084,21016,14944,No,8305,440,624908,440131,Personal Loan,882350,5,500.0,Not_Eligible
38,Male,Single,High School,110716,Private,24,Large,Family,29557,3,4,13752,15988,7371,9467,15124,Yes,18288,385,178950,84472,Home Appliances,835106,82,500.0,Not_Eligible
34,Female,Married,Graduate,159174,Government,8,Small,Family,11682,1,3,12742,10441,8313,11802,9612,No,26096,787,353799,224389,Home Appliances,1243903,30,23970.1,Eligible
60,Male,Married,Professional,197406,Self-employed,21,Small,Family,12798,6,1,7574,29614,13504,17675,6337,No,26081,694,366182,155387,Personal Loan,940266,55,29338.05,High_Risk
58,Male,Married,High School,144677,Private,23,Large,Own,29039,6,2,14098,15609,11988,10557,463,Yes,2587,652,859082,201593,Education,447623,44,21117.6,High_Risk
33,Male,Married,Post Graduate,128917,Private,27,Large,Own,11151,6,1,10258,3670,13581,23613,17762,Yes,9112,723,34829,126162,Vehicle,962205,17,13919.5,Eligible
52,Female,Married,Graduate,176327,Government,25,Large,Family,14198,3,3,3001,28745,3815,16115,13484,Yes,28369,407,968415,351547,Home Appliances,31653,42,24010.0,Not_Eligible
35,Female,Married,Post Graduate,116630,Self-employed,19,Small,Own,9074,4,0,5999,9537,6285,24328,7507,Yes,23790,478,903458,457178,Vehicle,930981,36,10538.5,Not_Eligible
38,Female,Married,High School,40221,Private,9,Small,Family,22734,4,1,5074,21028,14454,15434,10432,Yes,14592,713,538716,191987,Home Appliances,401940,38,500.0,Not_Eligible
43,Male,Married,Professional,78265,Government,23,Large,Own,7603,4,2,8624,19068,5593,6184,12281,No,16287,505,899500,334172,E-commerce Shopping,1477827,29,918.7499999999999,Not_Eligible
39,Male,Married,Post Graduate,15719,Self-employed,14,Small,Family,19009,2,4,5548,9191,1976,9076,5549,Yes,17692,366,47484,194677,Education,988767,16,500.0,Not_Eligible
52,Female,Married,High School,169212,Self-employed,2,Medium,Rented,5893,1,0,4347,15333,1749,18888,10626,No,23955,778,622080,162443,Home Appliances,1377462,5,30947.35,Eligible
48,Female,Married,High School,147141,Self-employed,1,Small,Rented,29965,2,1,6119,27813,4555,28008,13288,No,9261,437,785513,235685,E-commerce Shopping,899625,5,9846.199999999999,Not_Eligible
32,Male,Single,High School,69714,Self-employed,21,Small,Family,23784,6,1,13083,9216,8580,9530,7635,No,24248,524,913066,34956,Education,1400708,71,500.0,Not_Eligible
33,Female,Married,Post Graduate,88285,Government,4,Large,Own,29340,6,2,12106,14255,12360,6437,14099,No,4747,360,243974,225787,Home Appliances,853343,68,500.0,Not_Eligible
57,Female,Single,High School,27935,Private,23,Medium,Family,2153,5,0,11825,21841,5799,22489,1795,No,4551,592,846251,471067,Education,664460,62,500.0,Not_Eligible
57,Female,Married,Graduate,134362,Self-employed,30,Large,Own,4761,6,0,7050,12578,8455,11253,15886,No,6822,314,556100,11268,Home Appliances,309403,40,23644.949999999997,Not_Eligible
43,Female,Single,High School,59035,Self-employed,0,Small,Family,23569,4,0,5942,20550,4015,23566,12088,Yes,29063,349,920190,459949,Personal Loan,1128159,4,500.0,Not_Eligible
27,Female,Single,Graduate,141687,Private,10,Medium,Family,3566,1,1,14984,4203,12818,3890,15788,Yes,19668,400,677985,9005,Home Appliances,790080,81,23369.5,Not_Eligible
34,Male,Single,Professional,111256,Self-employed,11,Large,Own,16643,4,0,11149,15849,9460,16565,17178,No,4507,725,854275,235344,Home Appliances,644855,68,6966.75,High_Risk
25,Female,Married,Graduate,174009,Self-employed,25,Small,Own,9700,1,1,10977,19029,4028,8246,3067,Yes,25758,309,418440,55705,E-commerce Shopping,1478043,80,32621.399999999998,Not_Eligible
53,Female,Married,Professional,33540,Private,2,Medium,Family,24888,2,1,8412,29876,14848,6921,11479,Yes,17294,422,321591,258805,Personal Loan,615535,14,500.0,Not_Eligible
58,Male,Married,Professional,88480,Private,22,Large,Rented,27254,6,0,10352,19480,7448,12531,12543,Yes,1979,552,932954,238653,Vehicle,1343636,32,500.0,Not_Eligible
37,Male,Married,Graduate,63702,Self-employed,28,Medium,Rented,1844,2,3,4655,1833,10203,15686,13390,Yes,16934,631,148702,426179,Education,276851,10,500.0,Not_Eligible
25,Male,Single,Professional,93283,Private,15,Small,Rented,7269,4,4,5177,5384,11327,22244,10629,Yes,27616,500,210793,465479,Vehicle,828677,22,1272.9499999999998,Not_Eligible
58,Male,Married,Graduate,182979,Government,25,Large,Rented,27160,3,4,10436,16282,6239,5378,15889,No,22117,397,849122,94297,Vehicle,1181890,81,27817.3,Not_Eligible
53,Female,Married,Post Graduate,161293,Government,13,Small,Rented,12206,1,3,3808,2250,2248,25779,15664,Yes,3542,521,687306,172671,Personal Loan,76795,65,33528.6,Not_Eligible
37,Female,Married,Professional,69781,Self-employed,11,Medium,Own,11443,6,0,7816,20018,12399,8358,17108,No,14159,574,238965,434571,Personal Loan,357651,80,500.0,Not_Eligible
53,Female,Married,Graduate,22087,Self-employed,19,Small,Rented,1533,5,1,7874,26074,9954,5082,14231,No,14807,803,178542,402892,Personal Loan,458870,28,500.0,Not_Eligible
48,Female,Married,Professional,37789,Private,25,Medium,Own,5596,3,2,5837,6119,12163,28353,17616,Yes,10132,669,453588,175572,E-commerce Shopping,1332854,27,500.0,Not_Eligible
50,Male,Married,High School,179472,Private,15,Large,Rented,21153,2,3,779,29915,9914,27167,11274,No,3181,822,957230,301235,E-commerce Shopping,1295724,59,26631.149999999998,Eligible
41,Male,Married,Graduate,148271,Self-employed,20,Small,Own,9615,1,4,2262,16952,2405,24413,539,No,21255,629,751447,40868,Education,936674,62,24790.5,High_Risk
31,Female,Married,High School,193388,Self-employed,7,Large,Rented,18404,3,4,7885,5201,7154,20790,6999,Yes,6953,520,547722,260760,Personal Loan,571944,22,42000.7,Not_Eligible
37,Female,Single,Professional,102273,Government,16,Large,Rented,6358,5,1,4731,28835,1438,18004,108,No,25018,646,499105,33830,Vehicle,1044903,28,6223.349999999999,High_Risk
29,Female,Single,Professional,198134,Private,16,Large,Own,21886,3,4,1039,21409,1314,14949,2071,Yes,14800,358,864588,261826,Education,445383,25,42233.1,Not_Eligible
50,Female,Married,Post Graduate,130310,Self-employed,27,Large,Own,21627,5,4,14995,17676,3112,22141,9888,No,1358,331,872254,141894,E-commerce Shopping,902694,66,13829.55,Not_Eligible
27,Male,Married,Graduate,162816,Self-employed,6,Small,Family,1691,2,1,7955,29878,5996,12938,11229,Yes,2893,507,103306,257488,Home Appliances,748898,16,31582.6,Not_Eligible
31,Female,Married,High School,113231,Private,14,Small,Rented,26304,1,0,7566,4275,1591,10368,2419,Yes,17299,637,780991,294988,Home Appliances,1411439,40,15193.15,High_Risk
25,Male,Married,Post Graduate,194937,Private,28,Large,Rented,8519,2,4,2280,7963,14779,26784,1188,No,14943,512,990883,381719,Education,447452,42,41468.35,Not_Eligible
41,Male,Single,Professional,28894,Self-employed,27,Large,Own,1588,1,0,14360,2645,13932,17963,6540,No,3644,478,515190,180146,E-commerce Shopping,1470269,59,500.0,Not_Eligible
49,Male,Single,Professional,175232,Self-employed,8,Medium,Own,20137,3,2,13712,8663,13482,6567,15983,No,16010,609,333947,84780,Education,978337,32,28237.3,High_Risk
27,Male,Married,Post Graduate,68095,Self-employed,3,Large,Rented,27470,2,0,9995,29806,6533,25316,7594,No,543,708,7474,477959,E-commerce Shopping,686422,5,500.0,Not_Eligible
39,Female,Single,High School,44272,Private,7,Medium,Rented,16481,1,1,1388,7837,4670,21508,7240,Yes,13187,437,325029,437703,Personal Loan,1332028,70,500.0,Not_Eligible
53,Female,Single,Professional,69021,Self-employed,9,Medium,Own,4754,6,1,7081,15404,9048,8337,3694,Yes,15260,690,656606,48556,Home Appliances,115175,57,1905.05,Not_Eligible
56,Female,Married,Professional,48645,Self-employed,14,Large,Own,26923,5,1,7162,28197,2909,25507,11788,No,17028,681,842009,461953,Vehicle,631176,77,500.0,Not_Eligible
50,Female,Married,Graduate,127079,Self-employed,22,Small,Rented,6173,1,4,8119,25107,9027,21805,16454,Yes,13546,810,92556,284573,Personal Loan,935070,79,9396.8,High_Risk
40,Male,Married,Post Graduate,36179,Government,29,Medium,Own,9289,6,3,3508,10181,13288,19436,8683,No,15179,574,541405,368962,Vehicle,1078833,68,500.0,Not_Eligible
49,Male,Single,Professional,25691,Government,17,Small,Own,14507,2,4,2118,16992,5463,25099,16857,No,26346,794,933364,310700,Education,1189527,38,500.0,Not_Eligible
52,Male,Single,High School,144436,Private,13,Large,Rented,29689,2,0,11975,7525,7774,23737,12273,Yes,12070,344,130756,377497,Home Appliances,1153857,55,13787.55,Not_Eligible
33,Female,Married,Graduate,60311,Self-employed,4,Large,Family,8052,3,2,12247,9274,3423,29755,16162,No,3832,761,507016,398864,Vehicle,154758,32,500.0,Not_Eligible
25,Male,Married,Post Graduate,110381,Self-employed,8,Large,Own,21402,5,2,1582,25550,12454,4734,12311,Yes,24598,337,818119,139813,Education,1452442,82,2712.5,Not_Eligible
53,Male,Single,High School,185110,Private,12,Large,Family,14419,1,2,14360,25550,13577,17098,8660,Yes,143,366,874082,495426,E-commerce Shopping,82916,56,31956.05,Not_Eligible
46,Male,Single,Professional,39967,Private,28,Medium,Own,15320,2,2,7892,4319,14087,11034,17844,Yes,26929,563,783381,357432,Personal Loan,55994,34,500.0,Not_Eligible
40,Male,Married,Post Graduate,43478,Private,24,Medium,Family,5704,1,3,12209,28557,4270,6466,6525,Yes,10731,814,100528,11424,E-commerce Shopping,1449778,81,500.0,Not_Eligible
31,Female,Single,Post Graduate,55332,Self-employed,18,Small,Own,7911,4,2,3445,6953,13522,15882,17823,Yes,21063,311,892549,268125,Personal Loan,550730,49,500.0,Not_Eligible
38,Male,Married,High School,153138,Government,10,Small,Family,29985,5,4,8649,28860,10445,3927,1028,Yes,3296,470,305104,103886,Home Appliances,944411,83,23431.8,Not_Eligible
53,Male,Married,Post Graduate,54313,Private,11,Medium,Family,29310,5,2,12498,28730,12489,7344,14725,Yes,1071,649,546635,466269,Vehicle,944427,84,500.0,Not_Eligible
43,Female,Single,High School,82857,Self-employed,2,Large,Own,24660,6,1,14876,5127,2453,17733,19281,No,10785,533,390716,235839,E-commerce Shopping,766444,34,500.0,Not_Eligible
43,Female,Single,Professional,60900,Private,1,Small,Family,1277,4,0,2818,17891,1195,25596,722,Yes,6548,603,635488,316427,E-commerce Shopping,1373751,18,1698.55,Not_Eligible
26,Female,Single,Graduate,141861,Self-employed,22,Medium,Rented,10903,5,4,13350,21304,6586,26448,15849,No,23293,805,56614,156006,Vehicle,625266,67,8444.8,High_Risk
39,Male,Married,High School,56098,Private,21,Small,Rented,14135,4,3,11523,29077,9981,15941,19784,Yes,13886,794,540673,280559,Vehicle,545324,16,500.0,Not_Eligible
27,Male,Married,Graduate,23294,Self-employed,14,Medium,Rented,16902,1,4,676,16997,11396,12638,19695,No,29797,836,794818,282119,Education,1137551,68,500.0,Not_Eligible
35,Male,Married,Post Graduate,184173,Private,4,Large,Family,11715,4,1,10334,5971,12259,5699,19258,Yes,1552,303,732775,130504,Personal Loan,902402,72,41084.75,Not_Eligible
54,Male,Married,High School,171131,Government,6,Medium,Own,21810,3,2,9605,28119,4553,19251,18435,Yes,4336,687,662857,81701,Education,763295,57,22757.699999999997,High_Risk
42,Female,Married,Professional,111784,Private,3,Small,Family,7815,6,2,6363,29716,13641,16232,9929,Yes,11553,529,476791,281632,E-commerce Shopping,1037291,46,5787.25,Not_Eligible
26,Male,Married,High School,55626,Private,4,Medium,Own,183,4,3,9097,8575,10004,3339,10816,No,25855,741,427692,414127,Vehicle,979779,10,500.0,Not_Eligible
56,Male,Single,High School,35703,Government,24,Small,Family,9164,1,0,5387,24987,14996,21805,6690,No,1970,748,728699,347488,Home Appliances,210231,60,500.0,Not_Eligible
32,Female,Married,High School,118693,Private,15,Small,Own,27961,5,2,13805,19760,5930,7980,8151,Yes,10600,494,672185,192812,E-commerce Shopping,233749,41,8577.1,Not_Eligible
46,Female,Married,Graduate,149277,Government,14,Small,Family,2388,3,3,5749,6038,3580,18633,6699,No,6210,455,989257,223306,E-commerce Shopping,206378,52,34993.0,Not_Eligible
30,Female,Married,Graduate,181001,Self-employed,26,Large,Family,20706,4,2,13377,2775,10723,9400,9478,Yes,26903,409,726421,130966,Personal Loan,537524,45,30673.649999999998,Not_Eligible
36,Male,Married,Post Graduate,179483,Government,15,Large,Rented,21316,6,4,13698,7477,9165,21947,14997,No,4873,758,536854,220010,Education,909989,33,30103.499999999996,Eligible
60,Male,Single,Post Graduate,26628,Government,24,Medium,Family,3827,6,3,6336,6374,1404,6339,1888,No,1028,628,365728,119026,Personal Loan,517142,66,500.0,Not_Eligible
39,Male,Married,Post Graduate,118655,Self-employed,3,Medium,Rented,26887,1,3,11583,2283,11939,17233,8593,Yes,12264,360,747857,73074,E-commerce Shopping,262492,22,9755.55,Not_Eligible
52,Male,Single,Post Graduate,21518,Government,5,Small,Own,2497,3,3,12183,17046,9144,23383,18916,Yes,27799,764,942307,439594,Vehicle,439231,4,500.0,Not_Eligible
42,Male,Single,High School,184563,Government,17,Large,Own,13562,3,2,10414,13891,3844,12572,8544,No,20461,342,500343,434456,Home Appliances,1047746,45,35446.25,Not_Eligible
26,Female,Married,Graduate,154018,Self-employed,2,Medium,Rented,3479,3,3,111,20525,3336,7942,17056,No,13578,583,720271,70158,Personal Loan,179195,42,30796.85,Not_Eligible
37,Female,Married,Graduate,15610,Private,24,Medium,Family,28841,4,4,3379,20419,8846,5355,11076,No,27186,466,694849,328201,E-commerce Shopping,568987,60,500.0,Not_Eligible
39,Male,Single,Graduate,49311,Private,21,Large,Own,8757,1,0,3873,8413,1089,15130,19537,Yes,5878,699,961793,284051,Education,75200,15,500.0,Not_Eligible
44,Male,Single,Graduate,141419,Government,23,Small,Family,1935,1,0,7507,751,10597,28177,16648,No,22575,847,809599,376674,Personal Loan,876728,25,18630.149999999998,Eligible
53,Male,Married,Post Graduate,56876,Private,30,Medium,Family,22659,1,1,3151,14491,6062,12863,1065,Yes,2381,682,231743,317820,E-commerce Shopping,535553,28,500.0,Not_Eligible
53,Male,Single,High School,65333,Private,26,Small,Family,9018,2,4,7645,27742,14612,22163,13510,No,26243,648,357756,76897,Education,68068,75,500.0,Not_Eligible
27,Male,Married,Graduate,197370,Government,4,Large,Own,29277,5,4,14446,15968,14753,25301,11646,No,16519,746,739093,405716,Education,1417862,41,24311.0,Eligible
43,Female,Married,Professional,99192,Self-employed,1,Large,Own,11309,1,3,5606,29489,12765,14957,16590,Yes,4614,822,283611,42808,Home Appliances,1009869,44,1351.6999999999998,Not_Eligible
27,Female,Single,High School,56811,Private,22,Medium,Family,16733,2,1,1944,3154,7728,21922,19885,Yes,24034,830,190385,136237,Vehicle,568392,34,500.0,Not_Eligible
38,Female,Married,Professional,85072,Government,15,Medium,Rented,16482,2,4,2500,17652,10809,11830,5862,Yes,19743,489,802964,302958,Home Appliances,575163,46,500.0,Not_Eligible
28,Male,Married,High School,130407,Self-employed,5,Large,Rented,18153,3,4,8604,6718,14696,22069,6215,No,24917,371,446874,318075,Education,1448529,42,10162.25,Not_Eligible
35,Male,Married,High School,57974,Private,26,Small,Rented,1804,5,4,12260,20489,4594,7075,8599,No,19733,598,799657,100855,Personal Loan,1439578,78,500.0,Not_Eligible
55,Female,Single,High School,165928,Self-employed,14,Small,Family,9252,3,2,2651,10328,10717,24186,9851,No,11757,374,525665,273639,Vehicle,331188,78,30515.1,Not_Eligible
56,Female,Single,Professional,190902,Government,17,Large,Rented,11701,5,4,13247,24228,14560,17533,2756,Yes,29674,580,705260,460928,Education,725182,48,27021.05,Not_Eligible
51,Male,Single,Graduate,96983,Self-employed,5,Medium,Own,24496,3,2,8377,18757,10887,20758,8470,Yes,3801,761,768053,374552,Vehicle,493667,28,502.95,Not_Eligible
54,Female,Married,Graduate,60823,Self-employed,12,Large,Rented,27632,6,4,9768,10525,12882,26559,15798,Yes,23154,586,467551,449847,Personal Loan,817138,16,500.0,Not_Eligible
26,Female,Single,Professional,113863,Government,23,Medium,Rented,4170,4,0,3158,24790,5041,8350,1889,No,8476,500,286972,368685,E-commerce Shopping,242730,80,20296.149999999998,Not_Eligible
33,Male,Single,Graduate,115037,Private,12,Small,Family,26681,5,2,7391,17379,12354,21110,8242,No,25539,787,110270,172986,E-commerce Shopping,1302044,13,500.0,Not_Eligible
52,Female,Single,Post Graduate,82078,Private,0,Medium,Own,27666,6,2,4077,10063,9944,18452,15921,No,7390,840,58204,409021,Education,1301557,56,500.0,Not_Eligible
55,Female,Married,Graduate,122767,Self-employed,15,Small,Own,16785,2,3,50,29767,1715,11848,8515,Yes,26197,394,855879,381372,Education,80629,10,9761.5,Not_Eligible
58,Female,Married,Post Graduate,82951,Self-employed,3,Large,Rented,8379,2,4,1169,5327,3441,17351,12252,No,1724,573,769409,426962,Home Appliances,1124467,41,11657.8,Not_Eligible
39,Male,Single,Post Graduate,124287,Self-employed,16,Medium,Family,12176,5,1,12642,19594,9139,27176,10614,Yes,8568,430,576576,477959,Education,722101,17,8532.3,Not_Eligible
49,Female,Single,Post Graduate,158977,Self-employed,17,Small,Family,24714,3,1,7612,11642,4429,10980,13161,No,52,846,680799,29224,E-commerce Shopping,688016,6,30235.449999999997,Eligible
60,Female,Single,Professional,36601,Private,15,Medium,Rented,16526,4,1,14698,1664,6268,8315,1804,Yes,16711,431,658247,62606,E-commerce Shopping,883344,67,500.0,Not_Eligible
32,Female,Married,Graduate,118691,Government,0,Small,Own,12395,4,1,14871,25557,9666,10049,7845,No,10580,596,53736,55851,Home Appliances,134405,37,9704.8,Not_Eligible
33,Male,Single,Graduate,187027,Government,5,Small,Own,220,1,0,5403,16785,3821,9607,17828,No,638,634,206860,483153,Personal Loan,767618,8,46453.75,High_Risk
56,Male,Married,Professional,63435,Government,10,Large,Own,4240,5,1,8227,8803,9060,22346,15273,Yes,7285,413,663392,179454,Vehicle,655789,68,500.0,Not_Eligible
41,Female,Married,Professional,170116,Self-employed,5,Large,Family,7001,4,3,8468,23050,10843,27486,12663,Yes,11445,764,436146,352896,E-commerce Shopping,343260,55,24206.0,Eligible
59,Male,Married,Graduate,26246,Self-employed,16,Medium,Rented,29181,3,1,5815,24457,7151,7913,10348,Yes,22083,389,336879,421998,Vehicle,328470,25,500.0,Not_Eligible
43,Female,Single,Professional,17458,Government,3,Small,Family,26999,3,3,13636,15535,8396,22259,1778,Yes,24041,522,149400,383998,Education,248954,75,500.0,Not_Eligible
53,Male,Single,Professional,21028,Private,13,Large,Own,12292,2,2,7153,29500,11309,19963,2538,No,20985,521,479200,422112,Education,1393467,21,500.0,Not_Eligible
31,Male,Married,Post Graduate,134247,Government,29,Medium,Family,28604,4,4,6325,25481,13990,18486,7803,Yes,21347,566,758129,277696,Personal Loan,1354456,15,4273.849999999999,Not_Eligible
52,Female,Married,Professional,66901,Private,13,Large,Own,16771,4,1,6614,12644,12952,11351,11486,No,29375,844,188981,304244,Vehicle,727324,64,500.0,Not_Eligible
33,Female,Married,Post Graduate,152378,Self-employed,19,Medium,Rented,14903,3,3,5931,13627,11279,6572,10788,No,21447,593,584744,453025,E-commerce Shopping,1027363,10,23740.85,Not_Eligible
52,Female,Married,High School,121555,Government,7,Large,Own,28414,2,3,10656,26481,3901,29065,5336,No,25134,537,95948,262531,Home Appliances,658152,64,500.0,Not_Eligible
30,Male,Single,Post Graduate,42678,Government,21,Large,Rented,11223,4,4,888,7829,4100,22279,15972,Yes,4035,816,647830,265040,E-commerce Shopping,918292,58,500.0,Not_Eligible
53,Female,Single,Post Graduate,105444,Self-employed,1,Small,Family,5991,3,2,403,29794,4592,13737,11860,Yes,9100,547,997809,171393,Vehicle,721791,40,10488.449999999999,Not_Eligible
41,Male,Married,Professional,27363,Private,4,Small,Family,559,2,1,12801,28936,13564,3463,6120,Yes,23181,495,945942,436646,Vehicle,205123,75,500.0,Not_Eligible
40,Male,Married,Graduate,160138,Government,3,Large,Family,1839,2,3,7976,23541,14599,29965,5529,Yes,24584,475,27464,216318,E-commerce Shopping,523905,17,18236.75,Not_Eligible
47,Female,Married,High School,78804,Government,9,Small,Own,27810,3,1,10805,5874,12847,28083,7357,Yes,21915,485,634438,196344,E-commerce Shopping,620712,64,500.0,Not_Eligible
55,Male,Single,High School,129433,Private,19,Large,Rented,1771,2,0,10680,28671,9374,25167,9154,Yes,13221,785,614335,418741,Personal Loan,989929,63,10988.25,Eligible
27,Female,Married,High School,63544,Government,27,Medium,Family,24940,6,3,3985,1106,14226,28883,1329,Yes,18955,434,163378,34089,Education,1395911,48,500.0,Not_Eligible
45,Male,Single,Graduate,113247,Government,23,Large,Family,24992,6,2,13557,14116,7665,9294,15208,Yes,22107,614,688601,402988,Personal Loan,226533,36,2207.7999999999997,Not_Eligible
50,Female,Married,High School,15189,Self-employed,20,Large,Rented,7676,2,4,11231,13893,7832,20405,11716,No,27660,693,10313,87652,E-commerce Shopping,691344,27,500.0,Not_Eligible
60,Male,Single,High School,26752,Private,2,Medium,Own,9827,1,3,13357,8419,10814,13814,4202,No,276,422,569688,274841,E-commerce Shopping,1371479,3,500.0,Not_Eligible
46,Male,Single,Graduate,22482,Government,15,Medium,Family,18452,2,0,10314,18372,1083,5933,5788,Yes,22966,666,498429,396058,Home Appliances,915699,77,500.0,Not_Eligible
36,Female,Married,High School,31679,Government,9,Small,Own,23141,4,4,9364,18562,1085,5942,17632,No,9253,543,340940,315046,Education,1155008,17,500.0,Not_Eligible
37,Male,Single,Professional,138056,Self-employed,27,Medium,Own,16900,2,2,6549,23561,8464,15983,13697,Yes,23347,713,921499,230296,Home Appliances,651492,49,10344.25,Eligible
35,Female,Single,Professional,15799,Government,14,Small,Own,28607,4,1,6146,8140,10934,9356,16443,Yes,18201,650,850453,287516,Education,36142,40,500.0,Not_Eligible
40,Male,Single,Post Graduate,136691,Self-employed,3,Large,Family,9412,3,1,5128,6019,2310,19377,3213,Yes,12248,730,776275,268653,Education,1442448,35,27644.399999999998,Eligible
32,Male,Single,Post Graduate,156006,Government,0,Medium,Family,660,2,3,12801,22071,10132,26112,117,No,5909,386,670896,211409,Vehicle,1084920,51,27371.399999999998,Not_Eligible
26,Male,Married,Post Graduate,72558,Self-employed,21,Large,Rented,19800,3,4,2587,28583,2036,22777,6823,Yes,16818,708,417858,40469,Education,1452714,29,500.0,Not_Eligible
54,Female,Married,Professional,74223,Private,26,Small,Rented,24905,5,0,289,21024,2400,17245,285,No,17651,680,162745,451954,E-commerce Shopping,982152,54,500.0,Not_Eligible
54,Female,Married,Professional,56556,Private,28,Medium,Own,377,6,0,2228,24819,4480,20049,8210,No,9031,773,386129,190297,Education,887545,78,500.0,Not_Eligible
36,Female,Married,Professional,155981,Government,14,Small,Family,11474,2,2,10505,9441,5820,9331,17389,Yes,7716,384,513326,442811,Personal Loan,739082,14,29506.749999999996,Not_Eligible
34,Female,Married,Post Graduate,106467,Government,9,Small,Own,159,3,4,12370,22755,12203,6643,6745,No,6887,771,143397,426329,Vehicle,1058448,63,13546.75,Eligible
35,Female,Single,Post Graduate,125719,Self-employed,19,Medium,Rented,29329,5,4,10076,22772,6749,3767,5689,No,29868,659,522422,198323,Home Appliances,638009,39,6114.15,High_Risk
39,Male,Single,Post Graduate,106404,Self-employed,21,Medium,Own,15929,4,1,12028,16827,5713,16274,5109,Yes,14586,610,661509,21076,Education,1085591,8,6978.299999999999,High_Risk
40,Male,Single,Post Graduate,58558,Private,17,Small,Own,25839,4,2,14593,8806,7158,29806,7207,Yes,29303,609,426593,30100,Home Appliances,252284,81,500.0,Not_Eligible
41,Female,Single,Post Graduate,174085,Government,15,Medium,Family,4174,6,2,9775,28356,13095,11575,11528,Yes,9557,404,647988,181865,E-commerce Shopping,1362226,36,30108.749999999996,Not_Eligible
50,Male,Married,Post Graduate,118018,Self-employed,20,Small,Own,2199,6,2,9861,15222,1724,15312,8312,Yes,6988,723,585589,132231,Home Appliances,1045142,10,20440.0,Eligible
26,Male,Married,Professional,168947,Private,26,Large,Own,27140,4,4,14123,5932,1187,18896,10861,Yes,6052,489,29888,319860,Education,1394214,8,29664.6,Not_Eligible
36,Male,Single,Graduate,26408,Private,8,Large,Family,27006,4,1,13237,17208,7377,4337,6507,No,4109,551,44811,196929,Home Appliances,1391910,62,500.0,Not_Eligible
50,Male,Married,Graduate,50607,Self-employed,23,Medium,Family,12980,4,2,10438,11724,5830,29661,14540,No,14609,513,476301,61421,E-commerce Shopping,1070586,28,500.0,Not_Eligible
47,Female,Single,Post Graduate,76684,Government,18,Medium,Rented,10229,1,1,5411,9127,7601,23781,15181,No,23534,772,519958,407777,Education,1370173,51,500.0,Not_Eligible
42,Male,Single,Graduate,182353,Private,16,Large,Family,10591,6,2,647,9936,3772,7059,19854,No,14688,421,153076,313035,Home Appliances,555554,20,40532.1,Not_Eligible
56,Female,Married,Graduate,42326,Self-employed,9,Small,Own,25800,3,4,3154,12669,5612,12584,2593,No,1158,625,968500,117872,Home Appliances,1079134,16,500.0,Not_Eligible
27,Female,Married,Professional,28601,Private,18,Small,Rented,13238,5,1,265,10878,3580,5147,5949,Yes,15305,517,153049,67601,E-commerce Shopping,690544,22,500.0,Not_Eligible
27,Male,Married,Post Graduate,139594,Government,7,Small,Rented,6276,5,3,3488,8713,4700,4411,6473,No,26299,469,818904,490320,Personal Loan,339447,44,27731.899999999998,Not_Eligible
54,Female,Married,Post Graduate,16135,Self-employed,26,Medium,Rented,18372,2,2,11109,4937,3939,13898,14996,Yes,12253,557,582979,368270,Personal Loan,725788,67,500.0,Not_Eligible
25,Male,Married,Graduate,168813,Government,18,Small,Rented,23161,3,4,2778,1876,2138,25973,5336,No,21882,375,609640,115458,Vehicle,228545,64,29984.149999999998,Not_Eligible
54,Male,Married,Post Graduate,26913,Government,4,Medium,Own,22696,6,1,4956,4032,8211,13007,12964,No,16950,656,693739,351060,E-commerce Shopping,845998,60,500.0,Not_Eligible
56,Male,Married,Post Graduate,25101,Private,1,Medium,Own,8168,1,0,8210,2205,9395,7150,2579,No,21281,539,559602,8786,Personal Loan,118230,18,500.0,Not_Eligible
52,Female,Single,Post Graduate,164703,Government,14,Medium,Own,865,1,4,11793,24401,8640,10663,9324,Yes,16510,656,804576,5434,Home Appliances,148067,47,28877.449999999997,High_Risk
45,Female,Married,Post Graduate,117820,Private,16,Large,Own,24966,3,4,4466,546,4380,13823,16582,No,11564,617,62970,319158,E-commerce Shopping,1397134,41,14522.55,High_Risk
37,Female,Single,Graduate,182942,Self-employed,26,Small,Rented,9600,4,0,11286,10745,2345,9898,401,Yes,26370,397,326435,8313,Home Appliances,215733,21,39303.95,Not_Eligible
51,Male,Single,High School,195057,Self-employed,9,Medium,Own,4915,4,0,7552,27444,9552,21558,12471,No,21498,404,937172,228767,Home Appliances,424008,10,31523.449999999997,Not_Eligible
60,Male,Married,Graduate,173287,Private,30,Small,Rented,6241,3,3,14138,24742,14437,7051,16,No,6055,495,392359,24586,Vehicle,254487,26,35212.45,Not_Eligible
31,Male,Single,Professional,77110,Private,29,Large,Family,16153,6,3,3827,2069,2143,6392,19398,Yes,18251,647,801591,301009,Vehicle,1069427,18,3106.95,Not_Eligible
46,Female,Married,High School,34215,Private,20,Small,Own,7135,5,3,12906,22594,1213,19125,14491,Yes,3683,346,47386,186548,Education,653574,15,500.0,Not_Eligible
34,Male,Single,High School,160096,Government,20,Large,Family,28606,4,4,642,23237,2848,6467,1044,No,3230,822,752550,432540,E-commerce Shopping,221469,32,32907.7,Eligible
39,Male,Single,High School,91949,Self-employed,21,Medium,Family,16197,2,4,9737,29519,12574,12364,5230,No,1558,461,176726,91970,Personal Loan,60525,15,1669.5,Not_Eligible
39,Female,Single,Graduate,96855,Self-employed,1,Medium,Own,29011,6,4,10618,16066,1641,10570,9267,No,25799,762,98115,32241,Vehicle,1420226,29,500.0,Not_Eligible
28,Female,Married,Professional,191555,Government,8,Large,Rented,17938,6,3,14022,15971,1605,11417,7440,No,27712,816,864691,213379,E-commerce Shopping,1032472,40,33407.5,Eligible
56,Female,Single,Graduate,121279,Private,1,Medium,Family,4047,1,1,816,23114,1365,16125,17189,Yes,29366,603,212254,393435,Vehicle,915931,40,10239.949999999999,High_Risk
47,Male,Single,Professional,156583,Self-employed,17,Small,Own,16515,4,4,11063,19319,2228,13931,12672,No,17122,723,543087,402568,Personal Loan,413649,53,22306.55,Eligible
30,Male,Single,Graduate,136898,Government,11,Small,Family,3679,5,4,10329,16,1898,4333,15264,Yes,10862,690,641954,383288,Vehicle,1401141,25,31680.949999999997,High_Risk
48,Male,Married,Graduate,165995,Private,14,Large,Family,22737,6,4,2191,27282,13474,19802,9054,Yes,78,384,906621,310437,Education,907619,18,24981.949999999997,Not_Eligible
44,Female,Single,Graduate,156630,Self-employed,20,Small,Own,19460,4,3,5926,2809,11963,15802,11351,No,9972,595,17928,286470,E-commerce Shopping,543375,48,27771.449999999997,Not_Eligible
44,Female,Married,High School,15526,Private,24,Medium,Family,29048,4,2,2668,12542,12256,23768,9646,Yes,3163,697,178205,455616,E-commerce Shopping,830401,46,500.0,Not_Eligible
36,Female,Single,Graduate,16753,Government,19,Medium,Rented,12927,1,3,9055,27835,3750,29824,2628,No,2187,781,88847,485794,Home Appliances,1028559,82,500.0,Not_Eligible
57,Female,Single,Professional,172320,Self-employed,5,Medium,Rented,1521,2,2,12491,8519,6380,25022,9385,No,25600,764,702668,33198,Education,31887,51,29190.699999999997,Eligible
52,Male,Single,Professional,29656,Private,17,Small,Family,19653,6,3,11819,19835,1089,7968,10345,Yes,16650,529,969887,43041,Vehicle,659992,18,500.0,Not_Eligible
32,Male,Married,Professional,38266,Private,29,Medium,Family,16824,2,1,11783,10189,1988,13906,18277,Yes,23602,444,90627,78142,Home Appliances,1267742,13,500.0,Not_Eligible
25,Male,Single,High School,79555,Private,12,Small,Own,9933,5,1,7559,24921,8057,22200,16705,No,8420,507,8360,93448,Vehicle,94916,28,500.0,Not_Eligible
46,Male,Single,Graduate,77995,Government,3,Large,Rented,1203,3,4,3372,5592,3440,19551,18747,No,1392,745,520979,261977,Education,653808,82,8644.3,High_Risk
30,Male,Single,Graduate,93277,Private,30,Medium,Family,24816,3,3,10122,2354,14461,24393,4203,Yes,14785,713,574919,382663,Home Appliances,774084,17,500.0,Not_Eligible
45,Male,Single,Post Graduate,117345,Self-employed,11,Large,Rented,19775,3,2,13816,12463,6563,29274,18212,Yes,18988,535,995926,471314,Personal Loan,1083094,60,500.0,Not_Eligible
56,Male,Married,High School,111111,Self-employed,8,Small,Family,14836,5,2,7008,14648,12403,18696,19964,Yes,5218,844,679619,214425,E-commerce Shopping,841746,84,6418.299999999999,High_Risk
59,Male,Single,Professional,80402,Private,30,Small,Own,20105,6,1,10392,15241,1292,12510,18972,No,11335,403,509712,25773,Education,32358,20,500.0,Not_Eligible
39,Female,Single,Professional,138747,Government,1,Large,Own,12310,4,4,8720,8735,10681,6082,11233,No,12062,341,137649,206135,Education,1437477,71,24123.399999999998,Not_Eligible
29,Female,Single,Graduate,187805,Self-employed,15,Medium,Rented,6775,2,2,4062,26958,5726,5404,6718,Yes,16980,430,246460,121097,Vehicle,1159222,68,40313.7,Not_Eligible
30,Male,Single,Professional,29418,Self-employed,0,Medium,Rented,23544,2,3,12626,19834,12361,18148,17934,No,29876,691,260948,191095,Personal Loan,1312280,32,500.0,Not_Eligible
49,Female,Married,Graduate,52185,Self-employed,3,Medium,Family,15953,4,4,6892,20089,5265,29570,237,No,11180,360,42065,86698,Personal Loan,534193,33,500.0,Not_Eligible
53,Male,Single,Graduate,56745,Private,14,Large,Family,24259,6,3,11775,15171,6429,21562,9224,Yes,25410,368,830915,142749,Education,940315,27,500.0,Not_Eligible
31,Male,Single,Post Graduate,199859,Self-employed,19,Small,Family,9395,2,3,6070,7707,10641,17540,10575,Yes,8920,593,827633,102951,Education,598321,84,45153.85,Not_Eligible
37,Female,Married,High School,95123,Private,0,Large,Rented,18271,6,1,7502,7043,5985,25843,120,Yes,7976,742,955157,466403,E-commerce Shopping,1121340,66,7834.049999999999,High_Risk
42,Male,Single,Graduate,198107,Private,19,Small,Own,4270,2,3,9724,2748,10282,7699,11272,No,27483,394,889018,225462,Personal Loan,1035786,35,43620.149999999994,Not_Eligible
26,Male,Single,Graduate,102804,Private,14,Medium,Own,8389,3,0,13367,9548,7199,6385,16567,No,18305,557,233338,33209,Education,779841,5,8065.4,Not_Eligible
32,Male,Single,Graduate,198534,Private,2,Medium,Rented,24089,3,4,8747,21643,12821,9629,11923,Yes,13127,562,105728,431902,E-commerce Shopping,591275,20,33794.25,Not_Eligible
35,Male,Married,Post Graduate,183425,Private,12,Small,Own,11717,1,0,3892,18190,3615,19494,13176,No,2624,507,322504,426473,Vehicle,682550,54,38750.95,Not_Eligible
57,Male,Single,Graduate,126055,Self-employed,17,Medium,Rented,4194,1,3,2800,29980,9342,8409,18177,No,25492,693,496418,441390,Personal Loan,441278,34,9681.349999999999,High_Risk
51,Male,Married,High School,134097,Private,12,Large,Family,744,2,3,930,9558,6434,27822,13056,Yes,8846,840,873885,330700,Home Appliances,1485083,51,23347.449999999997,Eligible
44,Male,Married,High School,63302,Private,9,Small,Rented,21930,3,1,10790,6412,1983,15699,15355,Yes,18358,789,523421,43300,Home Appliances,1256762,39,500.0,Not_Eligible
36,Female,Married,Professional,137561,Private,30,Medium,Own,16836,6,1,5249,27429,2819,13812,329,No,29063,461,215393,487389,Education,403548,73,14708.4,Not_Eligible
55,Female,Married,High School,168507,Private,19,Medium,Rented,3262,1,1,4193,8377,1976,15737,10710,No,23893,755,405831,478904,Education,619655,30,35125.649999999994,Eligible
51,Male,Married,Professional,72728,Private,23,Medium,Rented,11213,1,1,8984,20589,7149,18224,4917,No,19475,397,991494,10318,E-commerce Shopping,693517,34,500.0,Not_Eligible
56,Female,Married,High School,113598,Private,6,Medium,Rented,24129,3,2,10661,25342,9380,8741,13329,Yes,8524,472,681887,87224,Education,523809,43,4722.2,Not_Eligible
34,Male,Married,Professional,16238,Self-employed,24,Small,Rented,498,6,1,4035,24610,7460,13177,17687,No,26815,804,606629,29282,Education,773502,38,500.0,Not_Eligible
27,Male,Single,Graduate,96610,Private,7,Small,Own,11879,1,3,12367,8103,3778,20828,7381,No,13657,633,66479,349058,E-commerce Shopping,1297427,11,6515.95,High_Risk
51,Male,Single,Post Graduate,159121,Private,0,Medium,Family,27838,4,3,4383,3915,12948,12671,15635,No,24870,528,606168,18076,Home Appliances,993307,19,19901.35,Not_Eligible
59,Male,Married,Post Graduate,72193,Self-employed,27,Large,Own,16524,6,4,11086,5341,14916,13983,13308,Yes,14538,549,232222,396759,E-commerce Shopping,1097540,12,500.0,Not_Eligible
55,Female,Married,Post Graduate,181656,Self-employed,17,Large,Own,18098,4,0,9961,26221,3571,7220,16266,No,3742,645,790033,320044,Personal Loan,845250,19,33801.95,High_Risk
39,Female,Married,Graduate,81634,Government,11,Large,Family,11012,3,2,12109,7940,10378,25218,9544,No,26314,681,172712,485974,Personal Loan,1300384,58,500.0,Not_Eligible
40,Female,Married,Post Graduate,29679,Self-employed,17,Large,Own,26798,3,2,6312,28161,4901,21691,5838,No,10327,491,133583,330056,Education,1081513,13,500.0,Not_Eligible
37,Female,Married,High School,49505,Self-employed,27,Small,Family,27043,1,4,3150,5865,4439,19918,2747,Yes,10584,465,454284,112636,Education,698156,47,500.0,Not_Eligible
59,Male,Married,Professional,66341,Private,23,Small,Family,17059,2,4,12358,17181,11756,17023,6580,Yes,18994,311,760169,91649,Home Appliances,640267,19,500.0,Not_Eligible
35,Female,Single,Graduate,65374,Government,11,Large,Rented,3505,5,1,4358,23650,8233,11271,16389,No,5815,490,474234,262542,Home Appliances,1332333,66,500.0,Not_Eligible
45,Male,Single,Post Graduate,61998,Private,19,Small,Own,3602,4,4,8903,23158,14002,23751,7648,No,24416,748,413218,466911,Vehicle,1076479,57,500.0,Not_Eligible
35,Male,Married,High School,190931,Government,8,Large,Family,23059,4,2,6866,28681,10539,25359,1663,Yes,3868,487,473285,184977,Personal Loan,1465790,81,31813.6,Not_Eligible
54,Female,Married,High School,142203,Private,1,Medium,Own,9109,6,0,2577,20040,14504,6636,15885,No,249,575,662118,366326,Personal Loan,854682,7,25621.05,Not_Eligible
59,Male,Married,Graduate,48178,Self-employed,13,Medium,Own,10014,6,0,4880,22736,6484,16729,385,No,14654,804,432928,151196,Vehicle,1051764,79,500.0,Not_Eligible
46,Female,Single,Graduate,173647,Self-employed,3,Large,Family,22888,3,2,4305,9851,8537,27977,5651,Yes,24276,541,354633,220455,Vehicle,43441,72,24556.699999999997,Not_Eligible
55,Female,Married,Post Graduate,165401,Government,28,Small,Rented,28398,2,1,4050,37,4407,22508,11113,Yes,14624,621,547227,391170,Personal Loan,1243397,44,28092.399999999998,High_Risk
38,Female,Single,Professional,122373,Private,28,Large,Family,10795,3,0,10356,1978,11817,15559,7439,No,16684,829,459774,370400,Education,852694,69,16710.75,Eligible
48,Female,Single,Post Graduate,119139,Private,14,Small,Rented,21187,1,0,14951,14429,12944,3895,15554,Yes,21509,757,53938,5433,Personal Loan,19446,5,5134.5,High_Risk
56,Female,Single,Post Graduate,115290,Self-employed,30,Medium,Family,18114,2,1,3148,15592,9858,9371,2973,No,12836,674,727498,480582,Vehicle,466220,68,15189.3,High_Risk
60,Male,Married,Graduate,186140,Self-employed,16,Small,Family,11620,1,0,12602,25462,13875,9077,6614,Yes,11956,802,129601,320861,Home Appliances,183024,62,33226.9,Eligible
56,Female,Married,Post Graduate,73951,Government,18,Large,Rented,5976,4,3,6154,29858,1772,6763,15462,Yes,14593,365,286081,346330,E-commerce Shopping,1021832,31,500.0,Not_Eligible
39,Female,Single,Post Graduate,102629,Self-employed,5,Medium,Rented,29232,3,2,8060,10921,12396,23280,7160,No,12905,763,517424,499365,Home Appliances,77760,80,500.0,Not_Eligible
59,Male,Single,Professional,181243,Government,8,Medium,Own,13284,6,0,13362,6241,14141,22143,16598,Yes,4317,368,380015,52892,Home Appliances,992647,9,31904.949999999997,Not_Eligible
27,Female,Single,High School,154334,Government,26,Small,Family,28730,3,0,5126,3454,10356,21623,6220,Yes,22840,424,13767,268958,Vehicle,114591,6,19594.75,Not_Eligible
40,Female,Single,High School,189342,Government,16,Medium,Own,24195,5,1,1946,4674,5953,28555,14719,No,4443,401,202477,460413,Personal Loan,1333344,52,36699.95,Not_Eligible
29,Male,Married,Professional,166857,Government,14,Medium,Own,7028,2,0,13242,3360,5594,22478,10029,No,8882,677,39093,229056,Vehicle,828890,23,33685.4,High_Risk
45,Male,Single,High School,185541,Self-employed,4,Small,Rented,29862,4,1,1572,27239,9840,12767,14230,No,22618,449,814403,448360,Vehicle,1278621,11,23594.55,Not_Eligible
34,Female,Married,Post Graduate,83831,Government,27,Medium,Rented,3718,5,2,12548,20620,11415,20743,836,No,24486,810,581231,272682,Education,89923,62,500.0,Not_Eligible
43,Male,Single,Professional,96223,Self-employed,17,Large,Own,13254,5,3,11837,4298,14087,18589,4600,Yes,3918,705,134934,67738,Education,811304,78,8974.0,High_Risk
49,Female,Married,Professional,60643,Government,22,Small,Rented,7088,3,4,13823,13799,5946,4553,18165,No,17578,527,833601,67189,E-commerce Shopping,1130999,14,500.0,Not_Eligible
28,Male,Single,Graduate,18582,Self-employed,3,Small,Family,1624,2,2,199,3475,10251,21919,12182,No,16677,695,402463,224220,Education,1259515,58,500.0,Not_Eligible
53,Female,Married,High School,127781,Government,20,Small,Rented,1806,3,0,2377,6560,1987,27562,4558,Yes,18623,807,994090,392516,E-commerce Shopping,1355916,7,22507.8,Eligible
43,Female,Married,Graduate,176352,Self-employed,23,Small,Rented,28934,2,3,4068,27425,3190,18069,18582,No,15908,539,90526,328706,Home Appliances,39162,65,21061.6,Not_Eligible
26,Female,Married,Post Graduate,188661,Private,1,Large,Family,26030,5,4,8281,19761,13936,28763,11398,Yes,27747,745,490895,482972,Home Appliances,975050,29,18460.75,Eligible
34,Male,Single,Professional,119004,Government,18,Small,Rented,8545,1,4,590,21425,5623,23451,2986,Yes,19237,358,516867,409576,Vehicle,841947,51,13001.449999999999,Not_Eligible
49,Female,Married,Post Graduate,55000,Government,26,Large,Own,2933,4,0,6198,18568,2785,16734,1213,Yes,12102,623,862301,70502,Home Appliances,1162750,22,500.0,Not_Eligible
44,Male,Single,High School,117592,Private,4,Small,Own,940,5,4,6031,13062,10719,20767,3429,Yes,24606,308,90647,67571,Education,1385299,31,13313.3,Not_Eligible
43,Female,Married,Graduate,16085,Private,25,Small,Own,7787,3,4,5340,21384,7149,14432,368,No,29277,814,403822,197260,Education,1432249,38,500.0,Not_Eligible
47,Female,Married,High School,161672,Government,3,Medium,Rented,3945,4,2,8283,12905,13871,10680,8363,Yes,21261,755,211780,31584,Education,966335,10,28827.399999999998,Eligible
48,Female,Single,Post Graduate,112994,Self-employed,4,Medium,Rented,23442,5,2,11849,29593,7816,18184,11333,No,22007,637,391924,320571,Personal Loan,593408,32,500.0,Not_Eligible
35,Female,Married,Graduate,132309,Government,18,Large,Rented,28718,2,4,10295,7297,13511,5395,8911,No,24574,624,675707,303699,Education,820714,63,11762.8,High_Risk
58,Female,Married,High School,122114,Self-employed,12,Medium,Own,21232,3,1,12007,14084,2901,24245,6713,Yes,5217,417,389697,57154,Vehicle,388997,3,12500.25,Not_Eligible
52,Male,Single,Post Graduate,187668,Private,15,Small,Rented,8421,5,0,8131,27248,3403,16510,12970,Yes,4147,752,523556,46277,Vehicle,448700,37,37393.299999999996,Eligible
29,Male,Married,High School,85410,Self-employed,11,Large,Family,11674,2,1,10157,15169,3985,6283,3327,No,14810,706,680582,260458,Home Appliances,455174,48,7001.75,High_Risk
29,Male,Married,Professional,198260,Government,8,Medium,Rented,21236,2,1,12348,17523,2850,16463,17829,Yes,23894,432,997574,848,E-commerce Shopping,405847,20,30140.949999999997,Not_Eligible
45,Female,Married,Graduate,41825,Private,23,Small,Own,22843,2,4,14183,4233,10199,21292,8347,Yes,28548,784,965153,301946,Personal Loan,802066,57,500.0,Not_Eligible
36,Female,Married,Graduate,156985,Private,15,Medium,Family,21241,4,0,10356,2462,6155,13769,11448,No,19241,791,620304,120622,E-commerce Shopping,1495022,83,25309.55,Eligible
28,Male,Single,Graduate,99269,Government,13,Medium,Family,29772,3,1,589,19616,9737,6161,4808,Yes,20829,850,311578,344003,Personal Loan,527072,33,2714.95,Not_Eligible
44,Female,Married,Professional,29332,Government,21,Medium,Own,14397,2,2,12523,10859,7017,28613,15320,No,11782,814,735950,154784,Vehicle,699839,66,500.0,Not_Eligible
49,Female,Married,Graduate,69895,Private,30,Medium,Family,7738,5,2,10272,24823,9716,19402,3673,Yes,29672,837,108023,104965,Vehicle,761455,22,500.0,Not_Eligible
38,Female,Married,Professional,150504,Self-employed,29,Small,Family,16621,2,0,3638,24430,13202,24585,15596,Yes,13045,563,213664,445301,Personal Loan,252967,31,13785.449999999999,Not_Eligible
35,Male,Married,Graduate,172642,Self-employed,0,Medium,Family,3772,3,1,3314,16909,10929,25264,1881,No,21521,768,21919,285119,Home Appliances,1205777,45,31168.199999999997,Eligible
56,Male,Married,High School,152175,Self-employed,19,Large,Family,24119,6,3,785,20704,2080,28196,7612,Yes,6373,351,282542,451048,Education,563193,57,21807.1,Not_Eligible
35,Male,Married,High School,137046,Government,22,Large,Family,12365,6,3,8075,25720,3021,10686,1526,No,8905,689,759350,112461,Education,1422610,75,23361.8,High_Risk
42,Male,Married,High School,161972,Private,25,Medium,Rented,19165,4,0,13385,21214,8174,8951,19780,Yes,7723,454,942660,78829,E-commerce Shopping,1195312,32,22253.0,Not_Eligible
51,Male,Married,High School,82567,Self-employed,20,Large,Own,10798,2,0,12308,29392,6562,8382,4030,No,16993,676,699884,490490,Vehicle,238185,35,500.0,Not_Eligible
42,Female,Single,Professional,77713,Private,3,Medium,Own,7087,5,3,10080,8106,10530,15123,6992,Yes,28604,513,13929,121286,Education,75121,20,500.0,Not_Eligible
47,Female,Single,Post Graduate,73639,Self-employed,8,Small,Rented,15775,3,1,4045,462,11350,29089,1817,No,17888,705,499433,24389,Vehicle,208693,51,500.0,Not_Eligible
35,Female,Single,Post Graduate,155060,Private,23,Small,Rented,1984,2,1,3784,19347,12379,21768,8694,No,10814,785,677531,215986,Vehicle,19933,55,26701.5,Eligible
45,Female,Single,High School,118603,Government,30,Large,Own,11287,4,4,1177,22767,10522,5333,10090,Yes,11423,785,939660,280898,Vehicle,1021422,53,16101.4,Eligible
29,Male,Married,Post Graduate,93488,Government,18,Large,Own,1052,1,0,1277,12308,1770,7349,456,No,29534,326,95347,103268,Education,685987,12,13909.699999999999,Not_Eligible
47,Male,Married,Post Graduate,107905,Government,13,Medium,Rented,24042,6,1,13518,5916,9180,22028,4787,No,21915,601,838955,206229,Education,509337,67,2281.6499999999996,Not_Eligible
49,Female,Single,Graduate,17977,Self-employed,21,Medium,Rented,5254,5,3,2965,10170,6786,10368,7027,Yes,6531,332,255333,244709,Education,360163,30,500.0,Not_Eligible
34,Male,Single,Professional,130650,Government,11,Medium,Family,350,6,3,8493,19784,10933,19243,9157,Yes,25230,426,602370,294343,Personal Loan,319408,20,13111.0,Not_Eligible
46,Female,Single,High School,69641,Government,29,Small,Rented,912,2,2,2344,12735,13597,28877,14211,No,22529,789,217669,187159,Education,1366409,63,500.0,Not_Eligible
43,Female,Married,Post Graduate,147340,Government,29,Medium,Rented,4445,2,1,7658,26539,13381,18949,8448,No,19323,649,930459,443596,Vehicle,320316,11,17008.95,High_Risk
25,Female,Married,Post Graduate,129465,Private,27,Small,Family,25880,1,4,13060,12542,8359,14473,17541,No,150,380,904722,251852,Vehicle,896843,62,13111.0,Not_Eligible
31,Female,Single,High School,69431,Private,3,Large,Family,10715,3,4,5163,25761,7945,28213,17335,Yes,10170,846,461828,180544,E-commerce Shopping,534737,28,500.0,Not_Eligible
28,Male,Single,Graduate,31756,Private,6,Small,Own,291,1,0,3215,302,8446,4263,9963,Yes,28182,719,682332,249586,Home Appliances,1243645,45,500.0,Not_Eligible
25,Female,Single,High School,166836,Private,16,Large,Own,25788,3,2,11507,22267,14366,3918,15231,No,28386,561,272411,261300,Personal Loan,788930,35,15880.55,Not_Eligible
39,Male,Single,Graduate,186457,Private,0,Small,Rented,24134,2,3,8187,776,13304,7915,14679,Yes,13658,792,620173,13439,E-commerce Shopping,58139,22,36331.399999999994,Eligible
36,Female,Single,Post Graduate,161104,Private,13,Small,Family,15778,1,3,12706,11451,10550,20064,4521,No,26393,485,838817,50088,Personal Loan,1448856,18,20874.35,Not_Eligible
46,Female,Married,Professional,191774,Private,14,Medium,Family,15223,6,0,13828,623,12325,16124,11400,Yes,25328,427,685086,67683,Personal Loan,98330,34,33923.049999999996,Not_Eligible
46,Female,Single,Graduate,157957,Government,11,Large,Own,467,6,4,61,29725,7780,19381,848,Yes,7585,569,985356,88863,Vehicle,668123,13,32238.499999999996,Not_Eligible
41,Female,Married,Graduate,24796,Government,11,Small,Own,3277,2,4,857,28432,11988,16234,19497,No,22156,500,165664,346096,Vehicle,401961,64,500.0,Not_Eligible
53,Male,Single,High School,119583,Self-employed,5,Small,Rented,21745,1,3,8729,1459,2596,3472,18167,Yes,1191,529,653668,446790,Vehicle,362190,28,21778.399999999998,Not_Eligible
38,Female,Single,Post Graduate,178935,Government,25,Large,Family,14641,2,0,1340,19770,11172,29368,8973,Yes,12915,447,230283,241,Vehicle,1162146,3,28264.6,Not_Eligible
44,Male,Married,Professional,96014,Private,26,Small,Own,21687,6,1,5554,7030,9747,11032,5987,Yes,11186,790,588514,124972,E-commerce Shopping,1254137,14,8326.85,High_Risk
57,Female,Single,High School,178189,Private,28,Large,Rented,27101,6,2,14148,14723,6446,27313,5292,No,7177,513,721681,37919,Home Appliances,721150,59,26596.149999999998,Not_Eligible
39,Female,Married,High School,166825,Self-employed,12,Large,Rented,19959,2,4,12983,4775,13156,13935,288,Yes,27302,441,57385,350747,Home Appliances,518587,75,26049.449999999997,Not_Eligible
36,Female,Married,Professional,35325,Government,15,Large,Rented,11391,2,4,9009,25055,14439,7324,18323,No,28249,837,195042,496992,E-commerce Shopping,1379276,52,500.0,Not_Eligible
44,Male,Single,Post Graduate,153093,Government,13,Small,Own,22976,4,4,13692,28806,12763,8958,13473,Yes,4995,648,293185,123629,Home Appliances,499849,74,16600.5,High_Risk
54,Female,Single,Professional,68096,Self-employed,6,Small,Own,20709,1,1,11299,1061,12251,14671,19795,No,3409,531,769679,310029,Education,413897,21,500.0,Not_Eligible
27,Female,Married,High School,159143,Private,28,Medium,Own,1064,4,1,5015,287,5354,22854,16706,Yes,18274,742,521221,137868,Education,1118317,7,31356.149999999998,Eligible
52,Female,Married,High School,79649,Private,24,Large,Own,4888,2,2,974,29764,11952,26754,7850,Yes,110,612,107323,85980,Education,192392,33,500.0,Not_Eligible
50,Female,Single,Graduate,23041,Private,30,Small,Own,15009,5,4,4637,15081,1834,29283,2782,Yes,22707,500,74747,58801,Vehicle,93570,24,500.0,Not_Eligible
54,Female,Married,Professional,55058,Private,15,Small,Family,11655,6,3,3652,23618,10839,23528,12454,No,17360,567,666346,76967,Education,1406887,78,500.0,Not_Eligible
37,Male,Single,Professional,63263,Self-employed,22,Large,Family,13111,3,4,3303,20023,12251,7822,12372,Yes,28343,302,499107,259968,Personal Loan,290912,68,500.0,Not_Eligible
37,Male,Married,Professional,119820,Government,8,Large,Family,26269,1,2,1711,7955,10058,8808,12075,No,9626,652,778256,228782,Personal Loan,65389,6,15161.3,High_Risk
26,Female,Single,High School,122645,Private,25,Large,Family,29507,1,2,789,22719,1903,22395,14208,No,7943,442,819067,288880,E-commerce Shopping,166648,32,8113.349999999999,Not_Eligible
26,Female,Married,Post Graduate,190542,Government,13,Medium,Rented,18778,6,3,10272,1143,11649,13357,864,No,20660,436,441410,109168,Personal Loan,17914,25,39836.649999999994,Not_Eligible
60,Male,Married,High School,43223,Government,24,Medium,Rented,10249,3,1,580,6544,14175,20481,4553,Yes,29038,348,110949,244186,E-commerce Shopping,441553,60,500.0,Not_Eligible
50,Female,Single,Graduate,48575,Private,29,Medium,Family,24662,4,3,10233,9615,1142,15324,8055,Yes,10413,471,499992,83229,Home Appliances,589581,23,500.0,Not_Eligible
35,Male,Married,High School,191871,Private,29,Large,Own,27168,3,2,8543,15882,7020,14593,16755,Yes,2133,455,878851,419361,Personal Loan,175023,56,34921.95,Not_Eligible
32,Female,Married,High School,36661,Private,23,Small,Family,28618,5,3,2302,13196,8886,29025,5337,Yes,14883,320,91048,286253,Personal Loan,1047530,61,500.0,Not_Eligible
46,Female,Married,High School,51432,Government,6,Large,Family,19304,2,4,1073,8849,14670,15474,12546,No,1706,349,641727,35840,E-commerce Shopping,950992,71,500.0,Not_Eligible
44,Male,Married,Graduate,177219,Self-employed,11,Small,Rented,13650,3,2,10223,19469,4723,10551,1997,No,18013,474,683716,51617,Personal Loan,1339267,9,34507.549999999996,Not_Eligible
32,Female,Married,Professional,44114,Private,2,Medium,Own,6858,3,1,5373,7713,3786,14230,7815,Yes,14242,560,10084,53434,E-commerce Shopping,168993,78,500.0,Not_Eligible
53,Male,Married,Post Graduate,21030,Government,26,Medium,Rented,3,2,1,7561,26315,4390,28353,19247,No,21426,721,670456,231302,Personal Loan,414762,77,500.0,Not_Eligible
50,Male,Married,Post Graduate,105051,Government,13,Medium,Own,27670,6,3,13987,13909,11887,19106,7537,No,23614,638,847532,332224,Vehicle,303073,48,500.0,Not_Eligible
54,Male,Single,Graduate,193501,Private,18,Small,Rented,29892,1,3,12560,27092,7945,18205,16040,No,16236,788,596884,221154,Home Appliances,1036824,80,22935.85,Eligible
41,Female,Married,Professional,62743,Self-employed,10,Small,Family,5940,6,3,1882,21372,3759,28908,14136,Yes,7747,715,330532,4849,Personal Loan,74709,65,500.0,Not_Eligible
44,Male,Married,Professional,140756,Private,4,Large,Own,8048,5,4,4345,18585,12541,4449,5460,No,20108,739,536751,185228,Home Appliances,169108,41,23527.0,Eligible
40,Male,Single,Graduate,80615,Private,22,Large,Rented,26097,6,1,1260,21673,13081,14655,12121,Yes,12718,553,548997,237590,Personal Loan,782747,69,500.0,Not_Eligible
31,Female,Married,High School,62577,Self-employed,12,Large,Family,11140,3,2,7047,8870,8819,24834,14157,Yes,5765,726,107758,60481,Personal Loan,757945,69,500.0,Not_Eligible
40,Female,Married,Professional,125436,Private,27,Medium,Rented,12049,3,2,231,19841,12925,22283,2531,Yes,12945,542,104126,130434,Vehicle,858738,43,14920.849999999999,Not_Eligible
51,Female,Single,Post Graduate,17966,Private,9,Large,Rented,14608,1,1,14763,2744,14402,7503,11547,No,13685,480,809877,214101,Education,1346690,34,500.0,Not_Eligible
47,Female,Married,Graduate,144356,Self-employed,6,Medium,Rented,18361,5,3,9148,18737,10913,16306,4443,No,28935,649,947239,2979,Education,343271,38,13129.55,High_Risk
48,Female,Married,Post Graduate,128838,Government,16,Small,Family,9666,2,0,4729,18032,4153,23550,14676,Yes,4264,347,284434,12208,Home Appliances,89923,5,17418.8,Not_Eligible
33,Female,Single,High School,18728,Government,15,Medium,Own,9322,2,3,12529,1679,13306,24947,1397,No,4412,531,220778,293575,Home Appliances,781536,72,500.0,Not_Eligible
59,Male,Single,Graduate,183376,Government,7,Medium,Rented,25456,4,1,10373,14689,14690,13388,13293,Yes,18835,692,299212,324694,Vehicle,1389630,72,25428.199999999997,High_Risk
44,Female,Married,Post Graduate,195349,Government,16,Medium,Family,25977,5,4,9286,5002,13932,20844,16165,Yes,16596,554,707129,296888,E-commerce Shopping,129365,58,30641.449999999997,Not_Eligible
41,Male,Married,Post Graduate,147019,Government,12,Small,Rented,26551,5,3,12121,21714,3831,8381,17825,Yes,12255,385,588332,449368,Home Appliances,667183,70,15519.349999999999,Not_Eligible
55,Female,Single,High School,96380,Private,29,Small,Own,13223,3,2,3536,3966,7512,12572,2880,Yes,13879,394,233396,40674,Education,1065531,70,13584.199999999999,Not_Eligible
32,Male,Married,Graduate,81130,Self-employed,10,Large,Rented,14166,4,4,3492,19125,10896,14148,4377,No,17017,345,85324,140426,Vehicle,675232,15,500.0,Not_Eligible
39,Male,Single,Professional,36414,Government,19,Large,Family,18134,2,1,11573,13766,9649,28904,1266,Yes,6017,335,36553,483112,E-commerce Shopping,965039,51,500.0,Not_Eligible
55,Female,Single,Professional,108005,Self-employed,17,Large,Rented,1,5,0,5119,17237,10468,10710,2837,Yes,7913,309,163361,166122,Vehicle,654505,69,18802.0,Not_Eligible
54,Female,Single,Post Graduate,165511,Government,4,Small,Rented,9336,5,3,1302,6335,8531,25682,9646,No,11201,543,765605,164613,Education,1344728,49,32717.3,Not_Eligible
44,Male,Married,High School,106742,Private,5,Small,Own,26214,1,4,4314,8784,6312,12331,9198,No,9576,326,271572,156521,Vehicle,1086364,82,10504.55,Not_Eligible
36,Female,Single,Post Graduate,192857,Government,19,Small,Own,8340,2,4,8888,19790,8445,10092,4828,No,25247,702,560899,19433,Personal Loan,328449,26,37529.45,Eligible
41,Female,Single,High School,51973,Government,13,Small,Own,20631,1,2,306,19336,14968,16008,19300,Yes,2170,331,465325,467953,Education,88463,42,500.0,Not_Eligible
54,Male,Single,Professional,102091,Self-employed,11,Small,Rented,24116,4,3,10215,16203,8202,18986,16611,Yes,17429,345,737144,268076,E-commerce Shopping,1249819,26,500.0,Not_Eligible
53,Male,Married,Post Graduate,152161,Self-employed,28,Medium,Family,22419,5,0,8505,21447,13966,22506,18769,Yes,19673,762,211951,34512,Vehicle,681380,59,8706.599999999999,High_Risk
43,Male,Married,Post Graduate,77235,Private,3,Large,Rented,10545,4,4,3474,25595,12507,4095,11249,No,18984,367,656344,313571,Education,507194,26,500.0,Not_Eligible
35,Female,Married,High School,44400,Self-employed,6,Medium,Rented,2043,6,2,5848,13185,2608,12855,18301,Yes,17260,316,696378,124600,Education,822666,71,500.0,Not_Eligible
58,Female,Single,Graduate,161477,Self-employed,10,Large,Rented,1702,1,3,7655,9776,4894,24415,16497,No,393,484,361750,221265,E-commerce Shopping,906388,65,33650.75,Not_Eligible
31,Female,Married,High School,132240,Self-employed,19,Medium,Rented,5947,2,3,14104,4911,7788,14065,2151,No,14246,816,366789,459424,Education,113022,21,24159.8,Eligible
58,Female,Married,Graduate,67763,Private,1,Small,Own,11121,5,0,13716,10806,2096,15430,16811,Yes,23084,354,943592,157884,E-commerce Shopping,15408,64,500.0,Not_Eligible
44,Male,Single,Professional,176281,Private,3,Large,Own,12762,6,2,1402,18255,1626,28766,4598,Yes,14596,661,400293,86033,Education,1264896,73,32996.6,High_Risk
48,Female,Single,Post Graduate,163496,Private,6,Medium,Own,1387,6,0,4376,25666,2290,22525,19762,No,18955,788,444455,361478,Vehicle,261400,32,23987.25,Eligible
34,Male,Married,Post Graduate,121810,Self-employed,0,Large,Own,29478,2,4,13948,17010,5717,8087,18328,No,1768,303,861497,423196,E-commerce Shopping,892928,67,9615.9,Not_Eligible
56,Female,Married,High School,104523,Self-employed,14,Small,Family,13382,4,1,11590,4207,14479,8117,17340,No,232,479,87950,50372,E-commerce Shopping,83762,4,12311.599999999999,Not_Eligible
39,Female,Single,High School,124955,Private,19,Small,Rented,26239,6,1,8226,4766,14015,14783,8336,Yes,12575,318,940718,373135,Education,635159,74,12605.25,Not_Eligible
44,Male,Married,Professional,166628,Self-employed,21,Large,Rented,26656,3,0,2117,27754,4411,28762,7888,No,3569,430,862532,479966,Personal Loan,677466,70,22914.85,Not_Eligible
27,Female,Single,Professional,108137,Self-employed,23,Large,Rented,29852,2,0,8551,8217,3144,12790,14008,No,26999,797,841367,388036,E-commerce Shopping,1247136,8,1601.6,Not_Eligible
32,Female,Single,Graduate,165402,Government,7,Small,Family,15113,6,1,5809,3048,1899,22742,12965,Yes,15271,584,357970,344137,Personal Loan,475487,66,30994.249999999996,Not_Eligible
47,Male,Married,Professional,149308,Private,28,Small,Family,16075,2,4,6030,8813,14903,19089,14916,No,5905,480,861996,143358,Home Appliances,1078051,12,22251.949999999997,Not_Eligible
35,Female,Married,Professional,45312,Private,24,Small,Own,22210,2,0,407,13377,1697,9057,6692,Yes,29385,675,159932,303516,Vehicle,1070087,26,500.0,Not_Eligible
32,Male,Married,Professional,128687,Self-employed,4,Medium,Rented,10188,5,4,5680,28061,7080,24847,2282,No,17215,363,538069,188828,Personal Loan,1327909,5,11666.9,Not_Eligible
53,Male,Married,Professional,167263,Self-employed,13,Large,Rented,28268,4,4,4675,8908,12122,19242,14410,No,8278,778,220702,308239,Vehicle,1075397,49,24976.0,Eligible
54,Male,Single,Graduate,124602,Government,17,Small,Family,27806,4,2,14854,19044,5055,11897,5739,Yes,7040,838,551169,24835,E-commerce Shopping,1315158,82,11608.449999999999,Eligible
34,Male,Married,Professional,51640,Private,2,Large,Rented,15130,5,4,12893,7667,8231,23264,12219,Yes,26484,613,734274,33856,Vehicle,1368282,49,500.0,Not_Eligible
52,Female,Married,Graduate,115171,Private,1,Medium,Family,16325,2,3,5503,18125,14890,22273,2342,No,23220,617,241894,119879,Personal Loan,830432,58,4372.549999999999,Not_Eligible
60,Female,Married,High School,77293,Self-employed,24,Medium,Own,13850,2,1,6224,19456,13383,12721,19117,Yes,10409,771,14243,295899,E-commerce Shopping,538754,55,500.0,Not_Eligible
37,Female,Single,Post Graduate,129124,Private,21,Small,Family,25826,3,1,7605,7903,12809,27305,14494,Yes,21732,569,578929,144000,Personal Loan,79712,82,4007.4999999999995,Not_Eligible
56,Male,Married,High School,182760,Self-employed,15,Large,Rented,4462,6,0,14585,6725,4440,10638,5872,No,7761,772,573260,406009,E-commerce Shopping,952026,75,44896.95,Eligible
60,Female,Married,Professional,100802,Government,13,Medium,Family,2036,2,0,11301,20117,4416,10456,16430,No,16221,843,735455,284379,Personal Loan,921607,82,6938.75,High_Risk
50,Female,Single,Post Graduate,107024,Self-employed,15,Large,Family,22789,6,2,12125,4464,12242,15907,6047,No,9426,786,206394,107650,E-commerce Shopping,93284,52,8408.4,High_Risk
46,Female,Single,Professional,170194,Government,10,Large,Own,23173,1,2,2092,27350,3489,17884,6506,Yes,25068,347,350809,466495,Personal Loan,880368,18,22621.199999999997,Not_Eligible
28,Female,Single,Professional,187296,Self-employed,27,Small,Rented,6119,6,3,7526,1845,7594,4848,7500,Yes,26557,646,594305,35569,Home Appliances,578060,6,43857.45,High_Risk
55,Male,Single,High School,152403,Government,16,Medium,Rented,16921,2,0,136,12429,7377,6576,4709,No,5659,769,950347,475201,Personal Loan,430892,13,34508.6,Eligible
42,Male,Single,Professional,126411,Government,2,Medium,Own,26130,3,1,11062,8205,14986,12738,1187,Yes,24597,593,134278,120408,Personal Loan,218334,26,9627.099999999999,Not_Eligible
48,Female,Married,High School,57262,Private,22,Medium,Family,26728,1,3,9170,24019,14468,23185,7028,No,3877,332,623710,88888,Home Appliances,180633,33,500.0,Not_Eligible
47,Male,Single,Professional,131214,Self-employed,22,Large,Family,8982,3,0,13107,2758,7119,8869,4265,Yes,12319,662,995920,345444,Vehicle,1317040,52,25828.25,High_Risk
46,Female,Single,Graduate,121435,Private,4,Medium,Rented,29898,6,3,1484,16914,1792,13798,16977,No,19766,788,535546,5578,E-commerce Shopping,1100446,34,7282.099999999999,High_Risk
26,Female,Single,Post Graduate,101314,Private,2,Medium,Family,6863,3,4,10606,23961,11267,15225,9862,Yes,344,323,790034,238445,Personal Loan,60298,81,8115.099999999999,Not_Eligible
55,Female,Single,High School,179998,Self-employed,28,Large,Own,18332,6,4,3376,15162,12735,3344,2870,Yes,22383,837,272042,388369,Vehicle,1231994,61,35628.6,Eligible
35,Male,Single,High School,101287,Private,14,Medium,Rented,13989,4,3,6372,23701,8748,21810,511,No,1160,349,918094,128105,Education,1237258,14,8748.599999999999,Not_Eligible
52,Female,Single,Post Graduate,134318,Private,22,Medium,Family,5178,6,0,6326,24325,1922,7227,5451,Yes,483,394,444824,164902,Vehicle,293135,19,29192.1,Not_Eligible
56,Male,Single,High School,145134,Private,4,Large,Own,21488,5,4,466,19262,2481,4234,5322,Yes,20401,518,370622,487911,Education,204082,4,25018.0,Not_Eligible
29,Male,Single,Post Graduate,139958,Self-employed,21,Medium,Own,20527,3,4,4933,3404,7987,7812,18460,No,15871,680,30169,55931,E-commerce Shopping,1139269,41,21337.399999999998,High_Risk
34,Female,Married,Graduate,32528,Private,2,Small,Rented,12947,2,3,14539,25013,8505,12810,3010,No,1828,578,564641,271480,Education,27300,52,500.0,Not_Eligible
48,Male,Married,Professional,15068,Private,5,Large,Rented,26011,4,4,974,16766,9933,7172,10401,No,6720,464,513462,299603,Home Appliances,973741,72,500.0,Not_Eligible
59,Male,Married,Graduate,84253,Private,22,Medium,Family,11441,1,1,12910,21394,14191,17262,3745,Yes,26460,358,488837,415952,Home Appliances,1365631,53,500.0,Not_Eligible
47,Female,Single,Professional,95754,Self-employed,13,Small,Family,19232,6,4,10114,15710,3033,12355,11230,Yes,28075,741,418168,19206,Vehicle,1093053,33,500.0,Not_Eligible
41,Male,Single,Post Graduate,190040,Government,23,Large,Family,24689,5,3,5187,9481,2445,14391,16282,Yes,27629,549,860577,422838,Home Appliances,17977,27,31477.6,Not_Eligible
25,Male,Single,Graduate,105938,Government,1,Medium,Own,18727,4,4,7012,27428,9566,18425,558,No,16699,747,857280,372847,Home Appliances,1330428,59,2633.0499999999997,Not_Eligible
55,Female,Married,Professional,194695,Government,17,Large,Own,20917,3,4,10789,5068,3909,24412,18143,No,21246,391,634968,345488,Vehicle,871382,30,31573.85,Not_Eligible
55,Female,Single,Post Graduate,57129,Government,29,Small,Family,16545,4,2,14021,13968,6768,11945,6200,No,13212,577,319487,272963,Personal Loan,729024,47,500.0,Not_Eligible
58,Male,Single,Professional,128996,Private,5,Large,Rented,12104,2,3,7472,10229,9815,4590,3705,Yes,10068,313,527697,300835,E-commerce Shopping,434855,28,24854.55,Not_Eligible
33,Female,Single,High School,76321,Self-employed,23,Medium,Own,25079,2,3,2651,23478,7442,15354,6626,No,13374,378,606309,238459,Education,876511,70,500.0,Not_Eligible
46,Female,Married,High School,26526,Private,4,Small,Own,13347,2,2,1799,11908,10240,23951,5264,Yes,27211,733,221654,25309,Vehicle,193876,31,500.0,Not_Eligible
37,Male,Married,Post Graduate,172781,Self-employed,13,Large,Family,2634,5,2,14963,10644,1605,15438,3225,Yes,2329,776,249214,49152,Home Appliances,649109,81,42680.049999999996,Eligible
49,Male,Single,Professional,122535,Private,16,Medium,Rented,27081,4,1,1015,23548,3113,15291,1404,Yes,28706,801,383799,307958,Education,1314440,57,7831.95,High_Risk
42,Female,Married,High School,30063,Government,10,Medium,Own,5101,4,4,6238,25461,3576,6089,2697,No,9805,539,889718,95522,Personal Loan,1208594,82,500.0,Not_Eligible
36,Male,Single,Graduate,150795,Government,0,Small,Rented,22150,3,0,9940,11686,6740,13763,13459,Yes,4470,663,246433,56395,E-commerce Shopping,215108,42,24005.449999999997,High_Risk
41,Female,Single,Professional,19213,Self-employed,9,Small,Own,25970,1,0,11509,13971,6510,23735,5646,Yes,13574,700,143280,340368,E-commerce Shopping,440615,7,500.0,Not_Eligible
39,Female,Married,Professional,37797,Private,8,Large,Rented,17893,2,2,8876,3014,1277,18868,11495,No,14274,441,444963,151119,Home Appliances,1008511,60,500.0,Not_Eligible
39,Male,Married,High School,99946,Government,19,Medium,Rented,18703,1,3,11342,20366,3057,14298,18544,No,2100,538,682876,367259,Personal Loan,1140912,63,4037.6,Not_Eligible
39,Male,Married,High School,103918,Self-employed,11,Small,Own,27826,1,3,9648,4174,2164,15877,650,No,808,791,362778,409375,E-commerce Shopping,773219,24,14969.849999999999,Eligible
37,Female,Married,Post Graduate,191289,Private,25,Medium,Rented,22489,2,1,8560,24884,13073,29462,5597,No,4611,828,850824,299757,Education,766540,39,28914.55,Eligible
41,Female,Single,Professional,38655,Self-employed,0,Large,Own,8671,2,0,6422,25302,13315,14100,5525,Yes,25089,308,629383,488374,Education,618735,76,500.0,Not_Eligible
56,Female,Single,Graduate,158659,Private,26,Small,Own,13244,3,3,12638,3104,4171,23838,4497,Yes,18722,683,33705,232226,Home Appliances,765522,33,27455.75,High_Risk
33,Female,Married,High School,37555,Private,23,Large,Rented,12446,5,1,13537,19321,6306,25579,13971,No,8186,567,804589,17279,Personal Loan,334867,16,500.0,Not_Eligible
44,Male,Married,Professional,43071,Private,17,Large,Own,25330,2,1,6047,14017,7536,17864,19719,Yes,5024,621,987359,92690,Education,80834,36,500.0,Not_Eligible
50,Female,Single,High School,35239,Self-employed,11,Small,Rented,3999,1,2,6549,9905,11959,9866,3854,No,20964,698,359728,441436,E-commerce Shopping,895542,55,500.0,Not_Eligible
51,Male,Single,Post Graduate,138441,Self-employed,1,Large,Own,10028,3,0,6589,12063,14136,8858,1612,Yes,1896,717,94943,224860,Education,834760,23,29140.649999999998,Eligible
45,Male,Single,Professional,112138,Private,0,Medium,Rented,24779,4,1,14658,15814,1260,7128,4476,No,7601,848,238425,358898,E-commerce Shopping,145368,39,12747.699999999999,Eligible
42,Female,Single,Professional,64151,Government,0,Small,Own,27418,3,1,14965,17096,13325,28927,10317,No,19084,679,526280,59983,Personal Loan,290605,26,500.0,Not_Eligible
37,Male,Married,Post Graduate,17203,Private,24,Medium,Own,16376,2,1,6216,17334,6185,19819,10222,Yes,7282,792,182918,293635,Home Appliances,1379332,66,500.0,Not_Eligible
40,Male,Married,Graduate,159707,Self-employed,28,Large,Family,19733,6,0,12805,17819,14786,26524,2276,Yes,1138,559,285137,408980,Home Appliances,629356,19,22619.1,Not_Eligible
33,Female,Married,High School,198643,Private,0,Small,Own,11406,2,2,1344,4565,4565,22874,13463,Yes,15110,642,828811,56829,Home Appliances,1399557,48,43860.6,High_Risk
36,Male,Single,Post Graduate,147216,Self-employed,21,Medium,Own,28167,5,4,4117,1538,4818,24328,3886,Yes,16507,828,135445,379504,Vehicle,505064,33,22349.25,Eligible
43,Male,Single,Professional,178771,Private,11,Medium,Rented,29183,3,3,8370,10804,5562,22244,12191,No,15654,401,239430,282738,Home Appliances,177078,52,26167.05,Not_Eligible
31,Female,Married,Post Graduate,106663,Private,6,Medium,Rented,4211,2,0,10947,13225,7207,9723,7650,Yes,26478,517,280476,183979,Home Appliances,817522,52,9527.699999999999,Not_Eligible
59,Female,Married,Professional,144844,Government,3,Medium,Rented,16775,1,0,9324,24321,3794,4073,5587,Yes,18010,595,18119,129597,E-commerce Shopping,808744,45,22036.0,Not_Eligible
42,Female,Married,Post Graduate,27213,Government,20,Medium,Rented,11606,1,0,7539,18552,10395,11861,3753,No,1584,403,494625,247424,Personal Loan,1340424,19,500.0,Not_Eligible
40,Female,Single,Graduate,31944,Self-employed,19,Large,Family,11636,3,4,7864,26773,7988,24701,9311,Yes,19842,432,413421,129874,Personal Loan,955380,80,500.0,Not_Eligible
28,Female,Married,Professional,81723,Private,3,Large,Family,7951,5,3,1479,18584,3012,11654,10724,No,20752,820,48251,253234,Education,1043379,72,2648.45,Not_Eligible
49,Female,Single,Post Graduate,83947,Self-employed,25,Large,Rented,23215,6,3,13878,27627,11002,3376,17060,Yes,21144,359,772044,179315,Home Appliances,973033,21,500.0,Not_Eligible
56,Female,Married,Graduate,180529,Private,14,Large,Rented,19157,3,1,5348,18054,7242,5593,3054,Yes,1405,575,731990,179307,Personal Loan,176505,52,42236.6,Not_Eligible
37,Male,Married,Graduate,50191,Private,30,Large,Rented,18800,5,1,13225,29951,12800,19819,15904,No,11485,422,493343,222425,Personal Loan,864317,64,500.0,Not_Eligible
41,Male,Married,High School,87264,Private,0,Large,Rented,1238,1,2,3066,12861,9495,28596,15744,No,26614,766,997777,144075,Personal Loan,154216,29,500.0,Not_Eligible
30,Female,Single,Professional,179816,Government,5,Large,Own,23096,2,0,7091,27710,2096,28299,17647,No,1244,647,588266,466576,Personal Loan,455204,42,25421.55,High_Risk
43,Male,Single,High School,199496,Self-employed,13,Medium,Rented,27524,4,2,12220,19748,13220,24775,3344,No,5892,788,676184,352292,E-commerce Shopping,682240,39,32470.55,Eligible
37,Male,Single,Graduate,178958,Private,25,Large,Own,740,2,0,4626,18499,12810,5939,11309,Yes,16582,331,406439,374747,Home Appliances,829585,18,37958.549999999996,Not_Eligible
50,Female,Single,High School,114846,Private,13,Medium,Rented,28459,1,3,10603,8416,14234,10743,19022,Yes,12274,473,925136,469027,Personal Loan,912950,79,3883.2499999999995,Not_Eligible
38,Male,Single,High School,134550,Self-employed,9,Small,Family,22854,6,2,10112,846,2166,13394,11252,Yes,18514,664,580902,274332,E-commerce Shopping,240120,81,19394.199999999997,High_Risk
55,Female,Single,Post Graduate,99963,Self-employed,6,Large,Family,12324,1,3,2472,23085,5309,11182,14686,Yes,15264,792,928880,223556,Vehicle,1221422,28,5474.349999999999,High_Risk
28,Male,Married,High School,15972,Private,22,Medium,Rented,29657,2,1,958,15211,8884,16632,12961,No,27860,836,501014,462437,Education,837844,61,500.0,Not_Eligible
32,Female,Single,Graduate,114219,Government,23,Small,Family,11035,2,3,11479,14582,3352,23007,10498,No,5622,460,897081,41602,E-commerce Shopping,1497312,67,12125.4,Not_Eligible
49,Male,Married,High School,152693,Government,22,Small,Family,9727,6,4,9263,21819,6533,5207,16011,No,17714,624,28042,477582,Education,1435392,35,23246.649999999998,High_Risk
37,Male,Single,Professional,64738,Private,21,Medium,Family,23875,6,2,1488,4069,9084,17658,15897,No,28372,584,824303,158658,Education,353930,36,500.0,Not_Eligible
56,Male,Married,Post Graduate,69777,Government,11,Medium,Family,368,1,0,4767,19340,6848,8495,5947,Yes,29049,486,142250,258380,Vehicle,119120,62,500.0,Not_Eligible
52,Female,Married,Graduate,29530,Self-employed,30,Medium,Own,10463,2,3,1933,20771,9536,23599,17465,Yes,19728,458,759290,318148,Vehicle,24508,53,500.0,Not_Eligible
54,Male,Single,High School,153426,Government,23,Large,Own,26533,4,2,13584,24031,1743,25875,15585,No,22141,837,830653,102292,Vehicle,609206,66,8376.9,High_Risk
27,Male,Married,Professional,61529,Self-employed,18,Small,Own,4909,4,0,5727,26837,10813,21477,6407,Yes,9174,741,757332,490856,E-commerce Shopping,861691,23,500.0,Not_Eligible
52,Female,Single,Graduate,117895,Self-employed,8,Large,Own,5219,3,2,10208,6911,3541,18705,14074,No,3132,384,327389,243990,Vehicle,631142,9,19636.75,Not_Eligible
27,Female,Single,High School,66714,Self-employed,2,Large,Rented,9290,4,2,5149,9775,6800,5516,17864,Yes,20826,614,577527,208942,Personal Loan,40568,67,500.0,Not_Eligible
58,Male,Single,Post Graduate,139750,Self-employed,3,Large,Family,27347,1,4,5752,23132,11114,14645,18285,No,22558,745,126593,425173,E-commerce Shopping,1093380,67,5920.95,High_Risk
40,Male,Single,High School,187304,Government,12,Small,Family,7604,1,3,7156,17354,2148,5669,16805,Yes,19982,538,397019,130593,Home Appliances,1090536,66,38705.1,Not_Eligible
46,Male,Married,Graduate,198151,Self-employed,9,Small,Rented,15038,3,4,4974,24069,12080,24874,19504,Yes,13671,346,118764,481064,Vehicle,531715,20,29379.35,Not_Eligible
56,Male,Single,Graduate,135883,Private,13,Small,Rented,9583,5,1,7090,28548,14547,16770,18874,Yes,27175,577,293153,375513,E-commerce Shopping,326556,63,4653.599999999999,Not_Eligible
32,Female,Married,Graduate,158622,Self-employed,5,Medium,Own,6206,3,2,3937,17600,13142,8099,16780,No,17728,763,886234,235310,Vehicle,301712,84,26295.5,Eligible
32,Male,Married,Professional,103196,Private,27,Large,Own,18031,5,3,11227,21490,9848,4144,6498,No,14611,664,57445,440478,Education,60526,18,6071.45,High_Risk
30,Male,Married,High School,75385,Self-employed,29,Medium,Family,10223,5,1,3261,26214,5712,6008,14722,No,4840,473,471273,417826,Personal Loan,297303,67,1541.75,Not_Eligible
38,Female,Single,High School,79736,Self-employed,27,Medium,Rented,16293,2,1,10391,21937,1775,20696,2975,Yes,27041,390,240298,411526,Education,1320475,63,500.0,Not_Eligible
56,Male,Married,High School,45268,Government,7,Large,Family,26254,6,4,9591,26697,10861,13751,1812,Yes,21312,622,411171,39399,Vehicle,1273415,77,500.0,Not_Eligible
59,Male,Single,Post Graduate,150362,Self-employed,18,Small,Rented,26722,4,1,10494,23625,7207,6629,18910,Yes,22303,479,658922,343852,E-commerce Shopping,616944,66,12065.199999999999,Not_Eligible
34,Male,Married,Professional,45138,Self-employed,28,Large,Own,19208,5,0,6846,12912,11199,26889,11399,Yes,19695,726,610948,47928,Personal Loan,484920,32,500.0,Not_Eligible
27,Female,Single,Professional,139650,Government,9,Medium,Family,27872,2,0,6797,19095,13789,25908,16390,Yes,5269,408,701033,83679,Education,895146,12,8585.5,Not_Eligible
36,Female,Single,Post Graduate,28432,Government,21,Small,Family,20554,3,0,13045,9478,10851,16817,4835,Yes,27709,845,191607,201213,Personal Loan,574593,77,500.0,Not_Eligible
55,Male,Single,Professional,82058,Private,4,Small,Rented,22293,3,1,12474,27733,8178,19193,8290,Yes,29404,626,991736,2676,Personal Loan,562933,72,500.0,Not_Eligible
53,Male,Single,Post Graduate,73175,Government,4,Medium,Family,20165,5,2,9070,57,9798,26939,1490,No,428,750,349442,117653,Vehicle,469187,31,1829.8,Not_Eligible
29,Female,Married,Graduate,48329,Private,4,Small,Own,26807,2,3,5568,9876,12895,17901,10938,No,18682,567,221207,466542,Personal Loan,818271,24,500.0,Not_Eligible
49,Male,Married,Graduate,158400,Self-employed,8,Small,Family,27940,1,0,4768,6869,1429,11049,4225,No,6154,570,353402,290629,Home Appliances,316167,16,33588.1,Not_Eligible
55,Male,Single,Professional,180319,Private,28,Large,Rented,19512,6,0,13163,28064,12564,12219,13636,No,2464,803,834919,387732,Home Appliances,692746,8,27543.949999999997,Eligible
45,Female,Married,Graduate,21677,Government,22,Large,Family,9464,6,0,4213,16171,10196,15278,4814,Yes,27173,571,336600,255212,Education,149423,46,500.0,Not_Eligible
44,Female,Single,Graduate,65357,Self-employed,27,Medium,Own,1979,4,4,11886,1304,14557,4936,3215,Yes,16960,558,377055,329062,Education,62033,65,3681.9999999999995,Not_Eligible
46,Female,Single,Graduate,70812,Private,8,Medium,Rented,28273,5,4,5177,18014,2612,7847,18699,No,11454,537,22099,353840,E-commerce Shopping,667555,52,500.0,Not_Eligible
28,Male,Married,High School,56616,Private,14,Medium,Rented,6612,1,0,8046,20464,13381,4615,6627,Yes,8741,706,499485,142382,Vehicle,258893,63,500.0,Not_Eligible
37,Male,Single,Graduate,195813,Private,8,Small,Own,26763,4,0,870,20687,11554,7296,6453,Yes,13054,603,149395,191588,Education,979690,22,38197.6,High_Risk
44,Male,Single,High School,199550,Self-employed,28,Medium,Rented,6022,1,4,6601,6003,11392,25489,4597,Yes,20936,738,401857,10138,E-commerce Shopping,997647,77,41478.5,Eligible
37,Male,Single,Post Graduate,60534,Private,13,Large,Rented,6081,6,3,8897,25742,14551,27774,16021,No,9484,529,785774,252681,Education,1262015,68,500.0,Not_Eligible
41,Female,Single,Post Graduate,79162,Private,5,Small,Family,26982,2,2,2689,16796,11379,21504,18435,No,21423,602,159406,297557,E-commerce Shopping,1114082,17,500.0,Not_Eligible
60,Male,Single,Post Graduate,59711,Government,29,Medium,Rented,9768,5,3,7109,18002,10812,28526,4555,Yes,15860,718,776491,36267,Vehicle,579990,40,500.0,Not_Eligible
57,Male,Married,Post Graduate,168877,Private,21,Small,Family,28055,1,2,10451,21555,5311,22119,7956,No,10483,463,288397,252850,Vehicle,368466,7,22031.449999999997,Not_Eligible
25,Female,Married,Post Graduate,110980,Self-employed,19,Small,Own,28121,1,1,4581,5136,12033,29842,11226,Yes,4375,444,910903,364945,Education,897601,17,5483.099999999999,Not_Eligible
39,Female,Married,Graduate,35143,Government,7,Small,Own,7832,1,1,12059,2777,5465,29335,2217,Yes,25379,653,360335,38851,Home Appliances,422411,13,500.0,Not_Eligible
37,Male,Single,Graduate,123380,Self-employed,29,Medium,Own,26045,6,3,7287,739,10163,29032,7002,No,19603,428,586701,141036,Personal Loan,1364529,53,8228.15,Not_Eligible
41,Female,Single,Graduate,162089,Government,1,Small,Own,25555,5,4,7034,21283,3288,19790,8799,No,24106,554,240062,11237,Education,1365880,35,18281.899999999998,Not_Eligible
48,Female,Single,Post Graduate,56423,Government,4,Small,Rented,17639,2,0,9769,29090,14268,11986,10787,Yes,9324,780,948453,252197,E-commerce Shopping,250470,38,500.0,Not_Eligible
32,Male,Single,Post Graduate,56713,Private,16,Small,Rented,28264,2,1,13314,15783,10750,4116,9488,Yes,28088,721,863172,174627,Vehicle,357204,43,500.0,Not_Eligible
51,Male,Single,High School,89310,Self-employed,9,Large,Family,26217,1,4,1967,17302,3368,8783,6325,Yes,10688,407,221317,372027,Education,650362,77,5131.0,Not_Eligible
47,Male,Single,Professional,17205,Private,13,Medium,Family,299,2,4,9444,26824,3092,20487,2394,Yes,11195,580,990426,441027,Vehicle,650161,37,500.0,Not_Eligible
32,Male,Married,Graduate,68266,Government,17,Large,Family,24193,4,2,9444,7585,8753,25735,11142,No,20578,328,732901,73964,Education,732218,59,500.0,Not_Eligible
32,Female,Single,Professional,158414,Private,0,Small,Rented,20905,2,1,11241,13753,13901,7187,1909,No,9770,414,158560,161353,Vehicle,722212,66,27911.8,Not_Eligible
50,Female,Married,Post Graduate,96863,Government,21,Small,Family,19426,1,3,5080,28658,9111,21963,869,No,851,846,779025,324447,Home Appliances,687387,75,3816.7499999999995,Not_Eligible
37,Male,Single,Post Graduate,167272,Government,1,Large,Rented,14496,4,4,4438,5621,1283,16364,15933,No,25703,847,302263,250697,E-commerce Shopping,1000894,77,29201.899999999998,Eligible
52,Male,Married,Post Graduate,153260,Self-employed,27,Small,Own,24976,5,3,3128,24191,11226,21514,2677,Yes,27840,370,834293,105194,Education,1295589,35,13197.8,Not_Eligible
49,Female,Single,Professional,141233,Self-employed,3,Large,Rented,14229,3,3,5335,12367,12847,18433,98,Yes,4722,693,695794,380332,Vehicle,240753,35,25620.699999999997,High_Risk
40,Male,Married,High School,17808,Self-employed,12,Small,Own,17664,6,1,9858,22716,12816,13683,14830,No,28717,837,43263,274761,Education,254310,20,500.0,Not_Eligible
26,Male,Married,Post Graduate,28851,Self-employed,15,Small,Family,13028,2,3,13425,1503,11006,29753,17696,Yes,8765,475,863395,8650,E-commerce Shopping,512070,13,500.0,Not_Eligible
42,Male,Single,High School,145982,Private,4,Small,Rented,25437,4,3,5822,19611,14523,24250,13050,No,21105,475,212905,439921,Education,440528,64,7764.4,Not_Eligible
41,Male,Single,High School,161130,Self-employed,22,Small,Family,4589,3,0,14066,827,9863,23326,4695,Yes,25797,312,544960,353928,Personal Loan,869971,49,27288.449999999997,Not_Eligible
54,Female,Married,Graduate,29620,Self-employed,9,Medium,Family,8133,5,3,12581,19615,3134,23663,15646,No,6907,523,868810,375820,Vehicle,540192,63,500.0,Not_Eligible
37,Male,Single,Professional,198827,Self-employed,16,Medium,Own,6632,3,0,8219,15089,8174,17913,15130,No,20377,524,840865,139448,E-commerce Shopping,1320489,82,37552.549999999996,Not_Eligible
56,Female,Single,Post Graduate,77995,Government,27,Medium,Family,29877,5,1,11801,19257,2482,5712,5168,Yes,12316,753,704070,340969,Home Appliances,669294,58,500.0,Not_Eligible
53,Male,Single,High School,51681,Government,10,Large,Rented,27149,1,3,9811,9809,7326,19748,16968,No,12456,783,570909,495697,Personal Loan,922228,26,500.0,Not_Eligible
54,Male,Married,Professional,79509,Self-employed,4,Large,Family,15459,1,4,11098,13355,14639,11387,13505,No,17934,493,734567,259438,Education,1328048,67,500.0,Not_Eligible
42,Female,Single,Professional,82703,Government,14,Large,Own,19168,6,3,1344,25761,3346,18374,4204,No,25209,424,536050,131384,Education,1452267,77,500.0,Not_Eligible
37,Male,Married,Post Graduate,57136,Government,3,Large,Own,7398,6,0,12105,22236,7541,15497,10606,Yes,9060,818,518229,31908,Personal Loan,1267609,8,500.0,Not_Eligible
45,Female,Married,Graduate,108699,Private,6,Medium,Family,23092,5,4,11977,9876,1013,15422,15992,Yes,7698,611,177580,2990,Home Appliances,122483,78,8270.15,High_Risk
54,Male,Single,Graduate,103456,Government,29,Large,Own,23557,3,1,4668,13947,7243,8503,9561,No,21367,585,603658,102922,Home Appliances,1433277,28,5113.5,Not_Eligible
45,Male,Married,High School,98086,Private,9,Large,Family,12377,6,2,11960,25085,1755,15881,19901,No,6600,516,194403,223131,Education,585998,67,1584.4499999999998,Not_Eligible
41,Male,Single,Graduate,182415,Government,22,Large,Own,20543,2,2,12021,5632,9360,23038,3340,No,15848,716,101089,153093,Education,215273,56,32421.55,Eligible
43,Male,Single,Graduate,132529,Self-employed,23,Small,Family,9303,3,0,7680,8886,3279,7599,7919,Yes,6586,469,790127,450464,Home Appliances,854272,64,28446.949999999997,Not_Eligible
39,Male,Married,Graduate,33254,Government,3,Large,Family,25632,6,1,9119,19663,2134,15764,7655,No,9552,817,283473,250765,Home Appliances,791362,14,500.0,Not_Eligible
33,Female,Married,Professional,76273,Government,19,Small,Rented,9287,3,1,1778,20400,3661,8416,10769,Yes,15967,563,880583,411420,Home Appliances,1190449,26,2098.25,Not_Eligible
34,Female,Married,Post Graduate,132574,Private,25,Large,Rented,13867,2,3,3103,29792,5824,16693,11308,No,29467,515,447731,249958,Education,1424029,41,7881.999999999999,Not_Eligible
55,Male,Married,Professional,129847,Self-employed,4,Large,Family,2300,3,2,5866,18452,1239,15731,8599,Yes,22926,625,766049,130543,Vehicle,271800,76,19156.899999999998,High_Risk
47,Male,Married,Professional,120547,Private,4,Small,Rented,22634,3,3,5530,16374,3287,29746,18358,No,22713,643,401903,186039,Personal Loan,1354985,24,666.75,Not_Eligible
54,Female,Single,Post Graduate,27926,Self-employed,10,Large,Rented,24353,4,1,10636,22008,5365,4985,17695,No,3636,403,453918,399172,Home Appliances,814196,50,500.0,Not_Eligible
57,Female,Married,Professional,104527,Self-employed,18,Small,Own,15265,5,0,3088,16282,3587,15677,3078,No,10537,807,582505,331093,Education,429294,80,12954.55,Eligible
33,Male,Single,High School,122387,Private,4,Large,Rented,3991,1,0,8091,5523,2309,29686,275,No,20379,613,501697,26611,E-commerce Shopping,1220350,6,18246.55,High_Risk
25,Male,Single,High School,42563,Government,20,Large,Own,16897,6,4,6744,9438,7478,17250,6892,Yes,9670,646,385811,5278,Education,805941,31,500.0,Not_Eligible
59,Female,Married,Professional,176760,Self-employed,7,Small,Rented,4231,6,0,5171,8591,14877,5567,15329,No,28120,308,217821,240402,Vehicle,426303,8,33205.9,Not_Eligible
35,Male,Married,Graduate,180202,Government,6,Medium,Rented,10868,6,2,4465,15821,1442,7340,11129,No,18397,564,739474,382706,Vehicle,943915,49,38759.0,Not_Eligible
58,Female,Married,Professional,15925,Private,7,Small,Family,6552,5,4,8355,18991,9916,25692,12653,Yes,11340,473,318608,273553,Home Appliances,735928,57,500.0,Not_Eligible
40,Male,Married,Graduate,66595,Private,12,Medium,Rented,8312,3,2,13614,15391,1907,11153,13215,Yes,6785,677,358605,119493,Personal Loan,822267,57,500.0,Not_Eligible
33,Female,Married,Professional,145249,Private,4,Small,Family,9693,2,3,6593,29160,2526,23763,2915,No,17041,461,625102,347336,Education,440567,51,18745.3,Not_Eligible
56,Female,Single,High School,31321,Private,27,Medium,Family,19231,2,3,12191,287,11609,15084,12976,Yes,244,427,505881,8221,Personal Loan,1004231,27,500.0,Not_Eligible
39,Male,Single,Graduate,156841,Self-employed,26,Large,Family,29495,1,0,6687,15796,10335,21295,4697,No,28071,326,445270,52958,E-commerce Shopping,336608,47,14162.75,Not_Eligible
36,Female,Single,High School,182820,Private,17,Medium,Family,1117,1,4,10949,17787,9266,20094,11219,Yes,5113,383,261064,60578,Personal Loan,187529,10,37546.25,Not_Eligible
57,Male,Married,Professional,186100,Government,23,Large,Rented,25080,1,2,11765,4532,3470,23474,15887,No,20148,515,634103,492048,Personal Loan,237915,13,28610.399999999998,Not_Eligible
38,Male,Married,Post Graduate,31151,Government,8,Small,Family,11183,2,2,350,10369,1069,24627,734,Yes,24711,468,988630,297705,Home Appliances,405226,3,500.0,Not_Eligible
32,Male,Single,Graduate,91133,Self-employed,1,Medium,Rented,9815,3,1,6522,440,5840,4590,15773,Yes,13448,317,314045,138127,E-commerce Shopping,1044215,72,12146.75,Not_Eligible
32,Male,Married,Graduate,49187,Private,15,Large,Rented,7861,1,0,13750,21996,7414,20724,18137,No,8396,605,887056,62688,Vehicle,947019,30,500.0,Not_Eligible
51,Female,Married,Professional,58835,Self-employed,13,Small,Own,2238,1,3,200,4885,13257,20205,18169,Yes,9075,340,977614,227651,Personal Loan,792092,11,500.0,Not_Eligible
36,Male,Married,Professional,15059,Self-employed,16,Medium,Own,6600,2,1,7274,21476,9323,29820,19313,Yes,3732,317,618355,99806,E-commerce Shopping,1005379,51,500.0,Not_Eligible
25,Male,Single,Graduate,42235,Self-employed,27,Large,Own,14031,6,3,2552,1268,10313,15572,14473,No,22363,488,508227,57085,E-commerce Shopping,83316,68,500.0,Not_Eligible
35,Male,Married,Post Graduate,109208,Private,5,Medium,Family,2433,3,3,7155,23603,13389,4616,13798,Yes,21035,499,126992,8992,Vehicle,1436791,24,8112.65,Not_Eligible
55,Male,Single,Professional,82114,Government,2,Medium,Rented,25378,1,2,7551,6864,8595,18568,1264,No,8006,655,161331,416249,Home Appliances,913978,41,2060.7999999999997,Not_Eligible
41,Female,Married,Professional,191438,Government,16,Large,Rented,23393,3,3,12120,23391,10382,15402,18944,No,22776,785,262162,148209,E-commerce Shopping,674283,25,22760.5,Eligible
57,Male,Married,Professional,144191,Self-employed,12,Large,Family,7166,4,4,1051,14565,2128,16251,3694,Yes,25460,352,250890,365811,Vehicle,483337,63,25856.6,Not_Eligible
56,Female,Single,Post Graduate,127831,Self-employed,5,Small,Own,4373,6,3,12624,27088,1597,3752,3542,Yes,14973,379,460372,118563,Education,819383,69,20958.699999999997,Not_Eligible
53,Female,Married,Graduate,136889,Government,27,Large,Own,8146,6,4,8478,185,10764,29507,13669,No,9174,608,376460,458427,E-commerce Shopping,552761,45,19938.1,High_Risk
45,Female,Married,High School,96583,Government,7,Large,Rented,1471,1,3,10870,20641,6561,26421,8649,No,10636,568,778791,122487,Education,834740,47,3966.8999999999996,Not_Eligible
45,Male,Married,Professional,47160,Private,24,Medium,Rented,9018,1,1,7510,27846,9863,9934,5662,Yes,14380,546,605725,131843,Education,314083,82,500.0,Not_Eligible
47,Male,Single,Post Graduate,114011,Self-employed,28,Large,Rented,29616,2,2,13342,16348,5730,10985,4172,No,24547,355,421565,498878,E-commerce Shopping,1236134,43,3244.85,Not_Eligible
30,Male,Married,Graduate,20277,Private,5,Medium,Own,17812,6,1,9987,10640,6019,27906,11810,Yes,5281,488,105276,333042,Vehicle,1251410,21,500.0,Not_Eligible
46,Male,Married,Graduate,147852,Government,27,Medium,Rented,27019,4,2,3558,3543,7105,6043,15019,Yes,17604,799,152389,188259,Education,1325140,46,23786.35,Eligible
32,Female,Married,Post Graduate,192651,Government,15,Large,Own,21258,4,1,13930,9671,4715,26755,18054,Yes,25281,733,961849,389636,Home Appliances,63869,28,25545.449999999997,Eligible
59,Female,Married,Professional,132101,Government,5,Large,Own,24307,4,0,13674,4886,4337,27407,12239,Yes,28477,448,433138,271551,Personal Loan,493444,18,5870.9,Not_Eligible
35,Male,Married,High School,75750,Government,16,Large,Own,15029,5,3,8298,27638,13058,28242,13256,No,2606,563,154529,306004,Education,862548,24,500.0,Not_Eligible
48,Male,Single,Professional,71902,Private,20,Large,Family,4306,2,3,2553,4640,3899,22770,8103,Yes,26849,733,134602,154316,Education,299017,8,500.0,Not_Eligible
45,Male,Single,Graduate,131849,Government,2,Small,Family,13177,2,0,3513,27036,7563,25792,3524,No,9217,685,330813,161411,Personal Loan,506506,39,14709.449999999999,High_Risk
26,Male,Married,High School,112052,Self-employed,22,Medium,Rented,3781,1,0,8308,27154,3308,10456,18361,No,3283,817,467760,255977,Vehicle,845769,71,13090.349999999999,Eligible
43,Male,Married,Professional,142894,Government,11,Small,Own,26601,2,4,9460,1144,14745,24061,99,Yes,26567,833,7686,184610,Home Appliances,1453558,80,14075.949999999999,Eligible
52,Male,Single,High School,178233,Self-employed,24,Small,Rented,18701,1,1,6222,20548,3463,11882,6985,Yes,24278,772,60673,175129,Home Appliances,455943,26,30153.899999999998,Eligible
41,Male,Married,Post Graduate,190571,Government,28,Medium,Own,6688,1,3,8932,634,6474,17816,9868,Yes,1316,617,946703,184985,Education,515645,80,48595.049999999996,High_Risk
30,Female,Married,Professional,177958,Private,26,Small,Rented,17390,5,4,7653,7577,4990,21087,4279,Yes,3151,765,815007,359954,E-commerce Shopping,317630,75,39140.85,Eligible
43,Female,Married,Graduate,154872,Self-employed,5,Large,Rented,1637,2,3,22,17687,12724,22461,1170,No,118,452,20335,110628,E-commerce Shopping,486944,42,34668.549999999996,Not_Eligible
52,Female,Married,Graduate,64460,Private,20,Large,Family,25420,2,0,360,12853,3748,9787,18730,Yes,4693,662,799892,467594,Education,289944,77,500.0,Not_Eligible
26,Female,Married,High School,144424,Government,6,Large,Family,5111,5,4,12285,16916,6504,16452,18711,No,26430,307,859346,477249,E-commerce Shopping,858707,12,14705.249999999998,Not_Eligible
28,Male,Married,Post Graduate,85975,Private,10,Large,Family,23833,5,4,4795,26457,11782,15569,224,No,14903,659,716909,468351,Home Appliances,1176045,33,500.0,Not_Eligible
46,Male,Married,Professional,148436,Government,8,Medium,Family,12685,2,4,1450,19081,14586,5337,12242,Yes,6718,440,967668,357406,Home Appliances,519679,53,26717.949999999997,Not_Eligible
50,Male,Married,Post Graduate,31568,Private,15,Large,Own,19671,2,1,8408,12841,12222,21636,1440,Yes,12295,616,188483,172433,Personal Loan,897757,56,500.0,Not_Eligible
60,Male,Single,Post Graduate,184164,Private,4,Medium,Rented,28079,1,4,5785,952,12573,17004,15470,No,1908,691,894578,116938,Home Appliances,1392238,55,35837.549999999996,High_Risk
37,Male,Single,High School,77679,Self-employed,14,Medium,Rented,21824,3,3,2754,2805,8073,25062,4323,No,20469,539,993301,177151,Vehicle,144716,22,500.0,Not_Eligible
56,Female,Married,High School,80781,Government,20,Medium,Own,2861,6,1,627,23970,10903,22335,8493,No,6378,805,876469,390699,Home Appliances,1427408,33,1824.8999999999999,Not_Eligible
41,Male,Married,Professional,23430,Private,25,Medium,Own,17022,1,3,3267,14363,13336,13571,5201,No,426,326,717946,314639,Education,1167313,18,500.0,Not_Eligible
60,Female,Married,Graduate,53692,Government,3,Small,Rented,8684,4,4,566,25145,13731,10815,19599,No,10841,609,698998,248761,E-commerce Shopping,1046076,72,500.0,Not_Eligible
43,Male,Married,Professional,45086,Self-employed,4,Small,Family,27574,4,4,3758,6782,9363,17738,2617,Yes,5735,455,232468,24065,E-commerce Shopping,785207,45,500.0,Not_Eligible
59,Female,Single,Post Graduate,64671,Private,6,Large,Family,5725,3,3,10682,29099,14217,28832,5460,No,26902,512,469023,118330,Home Appliances,459527,13,500.0,Not_Eligible
52,Male,Single,High School,159973,Government,2,Medium,Family,11849,6,2,2020,27398,12229,25217,4570,No,15247,479,163095,126197,Home Appliances,1349768,50,21505.05,Not_Eligible
25,Female,Single,Post Graduate,18907,Private,3,Large,Own,18559,5,4,3530,11407,6943,11223,6680,No,15188,392,877988,316895,E-commerce Shopping,1118264,42,500.0,Not_Eligible
42,Male,Single,High School,43604,Private,24,Large,Rented,21979,4,4,2506,25555,4401,19148,13454,Yes,5881,488,793498,47479,E-commerce Shopping,287705,21,500.0,Not_Eligible
57,Male,Married,Graduate,52869,Private,14,Large,Own,1485,5,1,11747,5212,5101,27767,13897,No,639,543,331224,39417,Home Appliances,1367399,67,500.0,Not_Eligible
36,Male,Married,Post Graduate,160609,Private,27,Large,Rented,6581,5,3,10383,4130,8755,7502,17821,Yes,9395,344,426819,54447,Vehicle,1089763,60,33614.7,Not_Eligible
32,Male,Married,High School,158573,Self-employed,1,Medium,Family,20927,1,4,4409,24326,2227,27408,9259,No,12892,841,60229,370159,Vehicle,515001,29,19993.75,Eligible
48,Female,Single,Professional,134261,Self-employed,23,Medium,Family,5221,5,3,11114,19925,3416,25086,13192,Yes,3765,441,729446,297941,E-commerce Shopping,1304525,43,18389.699999999997,Not_Eligible
40,Male,Married,Professional,183443,Government,24,Small,Family,25134,3,1,8920,10765,1721,18657,10634,Yes,14547,635,712759,365219,Personal Loan,514950,16,32572.749999999996,High_Risk
28,Female,Married,Professional,129639,Government,4,Medium,Rented,20132,1,3,3328,3386,12811,5082,12133,Yes,2763,445,603236,496903,Vehicle,1413496,37,24501.399999999998,Not_Eligible
51,Male,Single,Post Graduate,126690,Private,6,Medium,Family,25545,3,3,14974,28131,1930,6969,15858,No,6692,465,576679,212003,Education,1286453,4,9306.849999999999,Not_Eligible
33,Female,Single,High School,182893,Private,21,Large,Rented,16127,5,1,473,11069,11520,8339,12565,No,26841,352,389557,52330,E-commerce Shopping,1337035,84,33585.65,Not_Eligible
40,Male,Single,High School,140592,Private,16,Medium,Own,5032,4,4,12972,9929,10270,19070,16236,Yes,24002,442,422360,354328,Vehicle,1120005,15,15078.349999999999,Not_Eligible
36,Male,Single,High School,21073,Self-employed,30,Large,Family,6426,6,3,605,26999,6288,25121,2972,Yes,145,332,497102,291239,Home Appliances,865787,38,500.0,Not_Eligible
55,Female,Single,Post Graduate,33101,Private,7,Medium,Own,4009,5,2,11762,11073,12576,25503,13145,No,19514,446,225901,306556,Personal Loan,1224640,83,500.0,Not_Eligible
48,Male,Married,High School,177498,Government,8,Small,Own,15095,3,4,9434,16149,12157,21763,6696,Yes,14976,592,943308,40683,Home Appliances,798201,78,28429.8,Not_Eligible
38,Male,Married,Graduate,109877,Private,9,Large,Rented,21707,2,1,5683,27279,12741,26547,15226,Yes,23954,308,247647,28419,Home Appliances,383482,44,500.0,Not_Eligible
49,Female,Single,Post Graduate,22313,Self-employed,10,Medium,Own,24661,2,0,3602,13294,3475,16363,3787,Yes,22156,431,573247,494566,Personal Loan,1118701,26,500.0,Not_Eligible
58,Male,Married,Graduate,176845,Private,0,Medium,Rented,21827,4,2,13669,10727,10727,12045,5468,Yes,15850,490,683522,486058,E-commerce Shopping,801012,17,30286.199999999997,Not_Eligible
27,Female,Married,Graduate,174075,Self-employed,14,Large,Rented,6307,6,4,7404,28143,9604,21440,14162,Yes,9248,403,55592,90057,Home Appliances,726548,9,27218.449999999997,Not_Eligible
48,Male,Married,Professional,74668,Self-employed,7,Small,Own,29548,3,1,3754,6090,1838,9323,8929,Yes,7133,546,230775,418970,E-commerce Shopping,777332,5,2818.5499999999997,Not_Eligible
33,Female,Married,Post Graduate,106956,Self-employed,18,Small,Rented,3128,4,2,4370,5495,4687,25530,10287,Yes,15893,360,123806,16872,E-commerce Shopping,888595,22,13148.099999999999,Not_Eligible
50,Female,Single,High School,130087,Self-employed,11,Medium,Rented,4301,1,4,3878,24042,2026,12493,13661,No,1457,719,822613,358821,E-commerce Shopping,221300,45,23880.149999999998,Eligible
44,Female,Married,Graduate,134451,Government,5,Medium,Rented,6027,5,0,10091,29994,12860,4827,17124,Yes,21874,563,285954,298448,Home Appliances,1181579,28,11078.9,Not_Eligible
34,Female,Married,Post Graduate,107675,Self-employed,9,Medium,Own,26771,1,4,3743,18784,13972,23646,15768,Yes,11980,795,326121,295020,E-commerce Shopping,1291738,47,500.0,Not_Eligible
43,Male,Married,High School,106634,Government,23,Large,Rented,15660,2,0,4847,29025,3835,24777,944,Yes,17991,344,996420,167333,Home Appliances,1407358,30,3344.25,Not_Eligible
27,Male,Single,Professional,188366,Government,4,Large,Family,29462,5,0,10456,12147,7472,4616,11973,No,17457,569,848395,178807,E-commerce Shopping,68651,47,33174.049999999996,Not_Eligible
48,Female,Married,Post Graduate,159654,Private,23,Large,Own,12245,1,3,5678,3552,7376,27693,9919,No,10561,767,869704,232895,Education,1180678,62,28920.499999999996,Eligible
29,Male,Single,Post Graduate,124119,Private,6,Medium,Own,21793,2,1,11337,17362,6795,13978,7558,Yes,1522,792,546313,56024,Home Appliances,1350633,42,15320.9,Eligible
27,Male,Single,Post Graduate,159832,Self-employed,6,Small,Rented,15380,6,3,6097,6547,9251,21783,2629,Yes,27730,675,9793,445584,Education,1283783,11,24645.25,High_Risk
51,Male,Single,High School,86791,Private,22,Large,Own,17330,1,0,675,21897,1589,17530,1556,No,535,800,632528,391052,E-commerce Shopping,63440,73,8987.65,High_Risk
40,Female,Single,Graduate,97158,Self-employed,24,Small,Family,19592,5,1,4053,24978,11769,26180,6032,Yes,22596,429,598947,385876,Home Appliances,917013,42,500.0,Not_Eligible
39,Male,Married,Graduate,182055,Private,21,Medium,Own,26569,1,1,709,10996,4168,28872,710,No,19463,761,667176,395598,Personal Loan,991422,16,31698.8,Eligible
59,Male,Single,Post Graduate,186381,Self-employed,21,Large,Own,3440,5,1,922,17898,3034,3316,5793,Yes,15251,379,192670,11887,Education,756529,84,47854.45,Not_Eligible
36,Female,Single,Post Graduate,44715,Private,26,Large,Own,1545,1,2,3399,9739,6185,24905,1817,Yes,760,436,270811,62068,Vehicle,1019735,12,500.0,Not_Eligible
50,Male,Single,High School,182487,Private,8,Large,Rented,12844,4,4,407,16777,13260,18090,9552,No,13410,301,715518,465431,Vehicle,337695,50,34351.45,Not_Eligible
58,Female,Single,Professional,103260,Government,14,Medium,Family,19891,6,0,12435,19014,6150,21103,16333,No,16193,374,892582,487174,Personal Loan,768863,17,500.0,Not_Eligible
47,Female,Single,Post Graduate,197653,Private,5,Medium,Family,29,1,1,1109,22199,6077,12263,10882,No,15045,520,475063,463295,Personal Loan,1457183,47,45517.149999999994,Not_Eligible
55,Female,Married,Post Graduate,149724,Private,15,Medium,Family,9663,1,2,3592,16487,1776,28615,3386,Yes,15162,551,254389,381044,Vehicle,1368707,70,24865.05,Not_Eligible
44,Male,Single,Professional,41297,Self-employed,6,Small,Own,17793,4,2,12790,13297,9339,12685,2127,Yes,24783,769,70526,31806,Home Appliances,957681,60,500.0,Not_Eligible
36,Male,Married,Post Graduate,160100,Government,14,Small,Family,28336,2,0,9980,1743,9238,6776,14788,Yes,29486,602,483590,497403,E-commerce Shopping,1463139,21,20913.55,High_Risk
47,Female,Married,Graduate,159875,Self-employed,22,Large,Rented,3679,5,3,14567,13536,10459,20690,18479,Yes,8099,667,595842,187109,Home Appliances,1485725,50,24628.1,High_Risk
28,Female,Single,Post Graduate,21307,Private,1,Large,Own,14764,3,2,3959,5436,2501,5061,16022,Yes,13185,682,816564,319975,Vehicle,96649,30,500.0,Not_Eligible
47,Female,Married,Graduate,177397,Self-employed,28,Medium,Rented,25104,2,0,6641,421,10810,12563,90,Yes,3263,463,919649,10857,Education,761418,46,41476.75,Not_Eligible
25,Female,Married,High School,73616,Government,27,Medium,Own,21531,5,2,14758,6416,7499,11558,4005,Yes,1997,332,782822,53428,Education,143821,24,2048.2,Not_Eligible
49,Female,Married,High School,177646,Self-employed,7,Medium,Rented,125,1,0,1490,22581,2664,15515,3156,No,20389,658,200487,203081,E-commerce Shopping,901609,42,39104.1,High_Risk
26,Female,Single,Graduate,134828,Private,11,Large,Own,4908,2,1,14582,21676,7596,12843,1257,Yes,25971,490,638138,417760,E-commerce Shopping,458914,77,16098.249999999998,Not_Eligible
54,Male,Single,Graduate,161004,Self-employed,10,Medium,Rented,28432,1,3,13681,14582,7665,14636,5096,No,25,317,439990,99595,Vehicle,837068,46,26910.449999999997,Not_Eligible
27,Female,Single,Professional,161821,Private,5,Small,Family,6642,2,2,11776,6808,13232,16290,215,Yes,8698,705,456388,191943,Vehicle,1312001,33,34356.0,Eligible
45,Female,Single,Graduate,23727,Government,19,Small,Own,19642,2,2,12042,4713,7320,15081,6180,No,17244,516,845881,109671,E-commerce Shopping,652329,7,500.0,Not_Eligible
49,Female,Single,Graduate,32332,Government,26,Large,Own,8845,3,2,4200,29854,12195,3735,17286,No,20857,656,488874,257404,Education,511976,31,500.0,Not_Eligible
44,Male,Single,Post Graduate,156906,Self-employed,12,Large,Rented,28809,4,4,14569,3177,3022,14804,9744,Yes,7683,304,310038,373525,Personal Loan,1055936,71,26284.3,Not_Eligible
46,Male,Single,Professional,166397,Government,22,Small,Rented,24525,2,4,1481,3776,9401,15240,19318,Yes,11219,587,508758,384998,Personal Loan,1229858,84,28502.949999999997,Not_Eligible
45,Male,Married,Graduate,155285,Self-employed,15,Medium,Rented,13648,1,1,1280,20774,8209,19360,10024,Yes,8151,671,401708,406694,Personal Loan,1111179,68,25843.649999999998,High_Risk
57,Male,Married,Graduate,128741,Private,7,Large,Own,8932,3,2,14810,24851,8291,6476,2367,Yes,20544,569,112575,35374,Education,631439,16,14864.499999999998,Not_Eligible
39,Female,Single,Graduate,147475,Self-employed,16,Large,Rented,18645,2,3,13904,23112,13474,17893,18258,Yes,3981,843,334274,444351,Home Appliances,203840,61,13372.8,Eligible
39,Male,Married,Post Graduate,71971,Private,25,Large,Family,7953,4,4,13483,23594,14336,6131,15672,No,2850,408,400160,460331,Home Appliances,1110783,55,500.0,Not_Eligible
49,Female,Single,Post Graduate,88042,Government,28,Small,Rented,24866,1,0,13584,16243,10379,20250,14804,Yes,16980,407,317851,476175,Education,916482,31,500.0,Not_Eligible
45,Female,Single,Post Graduate,110195,Private,12,Large,Rented,11183,3,0,12134,24769,9030,11851,2092,Yes,18403,843,13879,293359,Home Appliances,1362400,74,7256.549999999999,High_Risk
48,Female,Single,High School,153663,Private,3,Small,Rented,28217,5,0,4854,12598,4053,6123,15432,No,12083,437,146397,296993,Personal Loan,1143085,6,24606.05,Not_Eligible
29,Female,Married,Post Graduate,142144,Private,19,Small,Family,10769,6,1,9066,29291,1034,26701,3436,Yes,6422,781,493083,405421,Education,855368,34,19398.75,Eligible
30,Female,Single,Graduate,27996,Private,9,Medium,Rented,10931,4,2,8055,17510,3043,29435,13165,No,12653,368,728854,355023,E-commerce Shopping,892772,51,500.0,Not_Eligible
47,Female,Single,Post Graduate,67485,Private,24,Medium,Rented,18077,5,2,8303,28594,10468,9799,5228,No,22291,583,701893,492493,Education,367667,40,500.0,Not_Eligible
28,Male,Single,Post Graduate,62830,Self-employed,28,Medium,Own,5887,5,4,6166,14980,13762,25164,12634,Yes,22361,643,131557,197573,Vehicle,850475,31,500.0,Not_Eligible
51,Male,Single,Professional,49370,Private,21,Large,Own,21028,3,0,7080,16633,5854,17507,6998,No,29170,461,968597,395830,Personal Loan,1447792,3,500.0,Not_Eligible
42,Male,Married,Graduate,72572,Private,19,Small,Rented,25895,3,1,8061,11659,13757,5365,13449,Yes,12058,736,42992,177015,Personal Loan,223677,5,500.0,Not_Eligible
45,Male,Single,Post Graduate,44098,Private,15,Large,Own,2821,3,3,6458,27405,3954,23116,15541,No,168,581,656156,345852,Vehicle,948440,44,500.0,Not_Eligible
52,Male,Married,High School,17196,Private,28,Small,Rented,20046,5,2,8393,5051,9455,3488,5057,No,14755,626,871481,324977,Personal Loan,949217,80,500.0,Not_Eligible
59,Female,Married,Professional,157163,Private,16,Large,Rented,14754,6,2,12905,6111,10320,21363,2859,No,1923,740,867416,264265,Vehicle,374630,34,30424.8,Eligible
46,Male,Single,Post Graduate,64262,Private,7,Small,Family,16025,1,1,10845,4391,4291,16860,7471,Yes,13163,670,231372,38423,Vehicle,1458377,25,500.0,Not_Eligible
47,Male,Single,Professional,152095,Government,10,Medium,Rented,16218,3,4,9186,24813,14054,21555,14415,Yes,28711,731,71446,49050,Personal Loan,441435,28,8100.049999999999,High_Risk
27,Male,Married,Professional,35543,Self-employed,24,Medium,Own,11421,4,1,12312,7787,9598,16523,17525,Yes,15867,665,802758,430702,Education,478633,84,500.0,Not_Eligible
34,Female,Married,High School,117171,Private,4,Large,Own,21578,3,4,4752,20104,11885,11897,14597,No,6506,536,796722,304369,Vehicle,1436757,81,9048.199999999999,Not_Eligible
49,Female,Married,High School,188409,Self-employed,20,Small,Own,1395,6,2,1531,20393,10421,18786,17487,No,7654,744,194210,143816,E-commerce Shopping,474068,40,38759.7,Eligible
32,Female,Married,High School,186481,Government,25,Medium,Own,19351,3,4,9581,4905,7779,23938,14601,No,22611,517,822533,30959,Vehicle,802662,24,29300.249999999996,Not_Eligible
35,Male,Single,Graduate,85540,Government,15,Small,Rented,3961,6,4,8722,2336,14527,27084,15354,Yes,19693,498,184004,259471,E-commerce Shopping,380865,84,500.0,Not_Eligible
29,Male,Married,Professional,156035,Private,23,Large,Family,2614,3,4,1617,18968,3111,11096,8584,No,7625,685,284861,228481,Education,932477,14,35847.0,High_Risk
53,Male,Married,Post Graduate,159868,Self-employed,7,Medium,Family,15053,5,4,12333,18149,4016,27304,16351,Yes,24257,501,873026,440990,Vehicle,1138014,65,14841.749999999998,Not_Eligible
29,Male,Married,High School,55972,Private,20,Large,Rented,23254,6,0,5154,3917,7957,25160,14337,No,25084,346,974451,113726,Vehicle,314671,18,500.0,Not_Eligible
33,Male,Married,High School,87613,Government,15,Large,Own,17928,1,0,14537,12808,10063,10459,18196,No,4076,554,123950,259118,Vehicle,1238985,60,500.0,Not_Eligible
26,Female,Single,Professional,110384,Government,3,Small,Family,5225,3,0,5654,25718,5133,24645,8066,No,6984,584,633728,449790,E-commerce Shopping,780623,17,10135.65,Not_Eligible
25,Male,Single,Professional,93062,Self-employed,5,Large,Family,12093,5,0,8556,26742,5855,7772,6889,No,14673,490,373339,281106,Education,1447851,76,3668.7,Not_Eligible
54,Female,Single,Professional,18261,Private,25,Large,Rented,14702,4,1,14805,1114,5760,15190,5075,No,5117,324,489351,118327,Personal Loan,818306,7,500.0,Not_Eligible
35,Male,Married,Post Graduate,32046,Self-employed,20,Small,Own,12689,1,3,3371,26795,13509,12603,3783,Yes,17257,730,181756,498698,Home Appliances,832112,83,500.0,Not_Eligible
52,Female,Married,Graduate,28397,Self-employed,7,Small,Family,26356,5,4,11016,13010,14653,5693,5667,No,15197,362,246896,397141,Vehicle,185311,53,500.0,Not_Eligible
36,Female,Single,Graduate,105805,Government,8,Large,Rented,7986,6,1,6559,6040,5865,27753,10710,No,20226,829,103466,384476,Vehicle,152198,43,7233.099999999999,High_Risk
50,Female,Single,High School,40757,Self-employed,12,Medium,Family,26726,2,0,5465,17523,1472,16396,4058,No,5823,671,855512,104824,Vehicle,262383,6,500.0,Not_Eligible
37,Female,Married,Graduate,161371,Government,16,Medium,Family,21266,4,4,1372,7967,8703,10717,13838,No,181,657,970111,260318,Personal Loan,1339871,49,34064.45,High_Risk
32,Male,Single,Post Graduate,147974,Private,8,Small,Own,14660,4,3,11049,22037,12769,28934,13044,No,24582,847,327824,477063,Education,1218460,24,7314.65,High_Risk
52,Male,Married,Graduate,133859,Self-employed,12,Large,Own,12660,2,4,2237,22876,5674,16477,8482,Yes,4760,631,752370,305285,E-commerce Shopping,1162915,33,21242.55,High_Risk
54,Male,Married,Post Graduate,57399,Self-employed,8,Medium,Family,20817,5,2,3474,21046,4832,24015,3703,Yes,407,457,391925,85662,Personal Loan,828233,31,500.0,Not_Eligible
33,Female,Married,High School,63330,Private,5,Small,Own,7034,5,2,4444,12763,5330,14793,1710,Yes,13610,677,460161,59122,Education,1059490,43,1276.1,Not_Eligible
55,Male,Married,Professional,192380,Self-employed,26,Small,Family,25632,6,1,4468,19900,3141,4695,5411,No,22789,672,368130,5730,Home Appliances,1363930,63,37220.399999999994,High_Risk
45,Male,Married,Post Graduate,149918,Private,9,Small,Family,9637,4,3,5758,14443,3908,19198,11359,Yes,25998,511,396227,266545,Education,813535,55,20865.949999999997,Not_Eligible
58,Male,Married,Professional,158431,Government,4,Large,Family,13580,5,1,3576,10168,12078,6293,14289,No,9806,655,354245,472935,Education,759900,18,31024.35,High_Risk
55,Male,Single,High School,195448,Government,6,Small,Rented,10160,2,4,11554,14924,7332,21021,8684,No,13863,671,959110,283897,E-commerce Shopping,616354,57,37768.5,High_Risk
49,Female,Single,Post Graduate,83056,Self-employed,10,Medium,Own,17480,5,3,12235,9788,13936,22289,867,No,10714,718,188401,182812,Education,1277677,19,500.0,Not_Eligible
36,Female,Single,Post Graduate,55832,Government,23,Large,Own,26457,4,1,3975,1145,14996,29951,7000,Yes,7356,589,457419,448788,Education,351302,20,500.0,Not_Eligible
25,Male,Married,Graduate,166170,Government,8,Medium,Family,1204,5,4,9176,1627,5111,24080,5868,No,24442,768,882711,416936,Vehicle,1262090,39,33131.7,Eligible
46,Male,Single,Post Graduate,132095,Private,24,Medium,Own,10112,1,0,13274,10050,2398,15957,5961,Yes,16121,680,812311,381764,E-commerce Shopping,1449593,62,20377.699999999997,High_Risk
25,Male,Married,High School,119987,Government,9,Medium,Family,24331,2,4,10350,17629,9555,18959,8687,Yes,17209,793,65380,394436,Education,261942,31,4643.45,Not_Eligible
25,Female,Married,Professional,196034,Government,10,Large,Own,23703,2,1,5674,9674,9935,6485,8217,No,22124,435,428775,182871,Education,572832,24,38577.7,Not_Eligible
45,Female,Married,Post Graduate,103672,Government,2,Medium,Own,3583,3,3,1526,22145,4469,16444,19410,No,15869,618,869799,339278,Vehicle,935660,56,7079.099999999999,High_Risk
39,Female,Married,High School,50885,Private,28,Small,Family,16256,5,3,11564,26097,3457,14011,6173,No,16479,670,275693,467383,E-commerce Shopping,987705,79,500.0,Not_Eligible
41,Male,Single,High School,36157,Self-employed,7,Small,Own,11331,6,0,6789,16753,7317,10346,3430,No,27679,489,836974,199451,Home Appliances,1331009,83,500.0,Not_Eligible
46,Female,Single,Post Graduate,194444,Private,16,Medium,Family,28550,2,1,1036,14264,4684,9121,10635,Yes,11531,410,377982,167073,E-commerce Shopping,1159935,47,40118.049999999996,Not_Eligible
59,Female,Single,Graduate,34674,Self-employed,6,Small,Rented,7539,5,0,4618,21239,3233,27456,13420,Yes,10987,479,587887,403511,Personal Loan,706386,54,500.0,Not_Eligible
40,Female,Married,Post Graduate,47357,Self-employed,11,Large,Family,11611,1,2,11365,27768,13233,7918,12142,No,10632,383,15277,344012,Education,646819,60,500.0,Not_Eligible
32,Female,Single,Post Graduate,27578,Government,15,Large,Own,23524,4,4,10181,21704,1469,29912,18286,Yes,28179,687,284206,73910,Personal Loan,536468,5,500.0,Not_Eligible
41,Female,Single,Graduate,143457,Government,14,Small,Rented,2038,4,2,10436,19616,6499,18986,4945,No,8590,682,742725,326571,Personal Loan,1097869,3,25321.449999999997,High_Risk
41,Male,Single,High School,148323,Private,20,Small,Rented,24563,3,2,13702,18169,9503,14612,3329,Yes,1261,432,20806,273823,Home Appliances,58038,57,22114.399999999998,Not_Eligible
50,Male,Married,Post Graduate,183501,Private,28,Large,Family,26308,3,0,10294,16958,9029,26838,333,Yes,6023,740,432624,32635,Education,848289,47,30701.3,Eligible
37,Male,Single,Graduate,192943,Private,12,Medium,Rented,22310,6,0,2230,15759,12039,18442,1427,Yes,7700,618,469911,455893,E-commerce Shopping,1489678,59,39562.6,High_Risk
41,Male,Married,Professional,171571,Government,17,Large,Family,8223,2,4,1042,16088,12341,26790,9657,Yes,7980,388,357309,257052,Vehicle,452435,19,31307.499999999996,Not_Eligible
41,Female,Single,Professional,152493,Self-employed,17,Medium,Own,10160,6,0,12650,5504,13822,17780,3617,Yes,8920,508,815749,211970,Education,690808,31,28014.0,Not_Eligible
38,Male,Married,Graduate,198276,Private,23,Small,Family,19358,2,0,7941,8020,7672,20473,16955,No,21474,560,943732,323908,Personal Loan,407408,20,33734.049999999996,Not_Eligible
30,Male,Single,High School,170663,Self-employed,4,Small,Rented,11522,2,0,10712,20087,11361,19019,801,Yes,1656,654,434966,106492,Personal Loan,35049,11,33426.75,High_Risk
59,Male,Single,Graduate,118229,Government,13,Medium,Family,3568,1,0,12296,14404,5323,26243,1188,No,25383,789,504729,142321,Education,987685,78,10438.4,Eligible
38,Female,Single,High School,158274,Government,27,Medium,Family,27501,3,0,10899,29819,1988,13353,4320,Yes,21853,550,874123,289546,Home Appliances,1069584,17,16989.35,Not_Eligible
32,Male,Married,Professional,138981,Government,10,Large,Own,26798,3,2,6168,29048,2431,6924,19678,Yes,5470,832,814508,354045,E-commerce Shopping,331605,80,14862.4,Eligible
39,Female,Single,Post Graduate,165362,Government,2,Medium,Family,28014,4,2,1329,21861,14486,9110,2611,No,12037,574,702639,39087,Vehicle,772448,11,26569.899999999998,Not_Eligible
51,Female,Single,Graduate,164202,Self-employed,16,Small,Own,24590,3,4,3655,2572,7696,4827,4651,No,8958,624,186822,466740,Home Appliances,61934,33,37538.549999999996,High_Risk
37,Female,Married,Professional,52077,Self-employed,26,Small,Rented,11314,3,3,5553,22289,13302,12811,9813,Yes,21514,538,962507,40247,E-commerce Shopping,1412162,4,500.0,Not_Eligible
55,Male,Married,Post Graduate,130136,Private,22,Small,Rented,8298,1,4,14308,18499,1213,26403,4250,No,29759,334,880920,345012,Education,55891,56,9592.099999999999,Not_Eligible
59,Female,Married,Professional,165468,Self-employed,26,Medium,Family,20177,6,1,5541,26478,13890,29899,14373,No,12201,614,413528,271513,Home Appliances,1337689,50,15018.15,High_Risk
30,Male,Married,Graduate,75530,Self-employed,11,Medium,Family,29140,2,4,3905,23821,13339,8036,12891,Yes,5241,656,319849,82312,Vehicle,806980,3,500.0,Not_Eligible
29,Male,Single,Graduate,133179,Self-employed,2,Small,Rented,201,6,4,1080,12271,6025,16923,3732,No,10426,385,839423,140651,E-commerce Shopping,38885,65,28882.35,Not_Eligible
46,Male,Single,Post Graduate,42122,Private,22,Medium,Rented,7956,1,0,11797,9348,8483,8421,15781,Yes,26823,348,339511,32714,Education,892163,36,500.0,Not_Eligible
47,Female,Married,Graduate,44381,Self-employed,27,Large,Rented,7385,5,0,823,17469,13344,14124,2452,Yes,381,773,119706,294592,E-commerce Shopping,161038,67,500.0,Not_Eligible
49,Female,Single,Professional,191507,Self-employed,1,Large,Family,6007,4,0,3619,24736,10504,3785,809,No,294,596,837085,51557,Vehicle,617061,13,49613.549999999996,Not_Eligible
58,Male,Married,Post Graduate,120614,Self-employed,3,Medium,Rented,1794,4,3,3250,7193,4220,9853,8416,No,14258,404,113454,67564,Education,1386390,11,25070.5,Not_Eligible
50,Female,Single,Post Graduate,169339,Government,17,Medium,Family,1408,4,0,2115,8950,11647,23320,11309,Yes,54,370,213320,275511,Personal Loan,1494838,9,38687.6,Not_Eligible
29,Female,Married,Professional,128271,Self-employed,19,Small,Rented,916,6,1,3567,2748,5627,17281,16603,No,22347,763,873660,369947,Personal Loan,1445710,48,20713.699999999997,Eligible
50,Female,Single,High School,153160,Private,20,Medium,Rented,20815,2,2,5120,5405,4440,14153,7793,Yes,25218,473,277529,226966,Home Appliances,1270982,39,24575.6,Not_Eligible
44,Male,Married,Post Graduate,112354,Private,30,Small,Family,7778,2,1,8239,15805,6732,22442,10317,Yes,5546,619,846659,280478,Education,1474590,51,12423.25,High_Risk
30,Female,Married,High School,142728,Private,13,Large,Own,9876,2,3,1440,9021,3404,18295,12083,No,16463,733,176099,55233,Education,594777,10,25251.1,Eligible
30,Female,Single,Professional,27822,Private,7,Medium,Family,14440,4,0,11927,9040,9891,25049,8469,Yes,25215,589,10580,480444,Home Appliances,1079757,63,500.0,Not_Eligible
42,Male,Single,Professional,196288,Government,1,Large,Own,6346,4,4,944,7899,8597,23046,14308,Yes,9704,513,745770,292433,E-commerce Shopping,1128833,38,43905.399999999994,Not_Eligible
28,Female,Single,Post Graduate,182661,Private,25,Medium,Family,15869,6,2,3268,6981,6152,9727,19557,Yes,11994,454,500944,201743,Home Appliances,1033085,4,38189.549999999996,Not_Eligible
41,Male,Married,Graduate,147508,Government,18,Medium,Own,3166,6,3,11833,26552,10758,7850,19225,Yes,15631,306,104664,211130,Education,718520,47,18372.55,Not_Eligible
38,Female,Single,Post Graduate,126201,Government,9,Small,Own,7344,4,1,3119,4344,13961,25154,18366,Yes,15620,782,325929,58089,Personal Loan,705356,8,13402.55,Eligible
38,Female,Married,Graduate,42281,Government,27,Small,Own,16448,5,0,6072,13402,8957,10853,2776,Yes,5370,422,824982,282576,E-commerce Shopping,773672,39,500.0,Not_Eligible
37,Female,Single,High School,103017,Private,28,Medium,Family,21032,5,3,10175,7203,8017,11208,9906,No,2343,749,150992,158895,Education,665515,59,11596.55,Eligible
31,Female,Single,Graduate,111005,Private,4,Medium,Family,20703,6,3,8546,13318,10501,9173,17565,No,12235,426,274158,243984,Vehicle,956667,78,6637.4,Not_Eligible
39,Female,Married,Post Graduate,99403,Government,10,Small,Family,3650,4,4,3305,9721,5612,27490,18481,No,3906,685,803482,489966,Personal Loan,235570,21,9533.3,High_Risk
43,Female,Married,Graduate,121023,Government,27,Large,Own,14715,2,4,12724,5440,1680,15679,7078,Yes,4834,541,251858,155170,Personal Loan,1394181,54,20605.55,Not_Eligible
59,Male,Single,Professional,37766,Private,27,Medium,Own,6398,2,4,4795,10441,10900,20447,6545,Yes,28844,822,38751,109150,Home Appliances,1393860,33,500.0,Not_Eligible
41,Female,Married,High School,167285,Self-employed,8,Small,Family,2015,5,1,1917,2892,5822,20299,15945,No,17282,586,507868,88034,Education,69347,49,35389.549999999996,Not_Eligible
59,Female,Married,Professional,108891,Self-employed,15,Medium,Family,25897,5,4,6769,20008,4900,17164,14010,Yes,11516,625,151110,265658,Education,247734,41,3019.45,Not_Eligible
43,Female,Single,Professional,77239,Self-employed,25,Small,Rented,15940,4,3,12377,6687,11356,4691,19187,Yes,3998,528,95905,397527,Home Appliances,273482,53,1051.05,Not_Eligible
44,Male,Married,Professional,168609,Private,26,Large,Rented,4024,4,3,368,26253,5364,11475,15231,No,29207,367,973880,247464,Education,114512,57,26840.449999999997,Not_Eligible
60,Male,Single,Professional,148866,Private,4,Medium,Rented,22698,2,3,11178,23807,2787,25586,10305,Yes,1512,631,14973,267556,Education,762256,23,17847.55,High_Risk
59,Male,Single,Graduate,178396,Government,14,Medium,Rented,8804,6,2,1192,6304,1717,6005,19057,No,1820,454,5771,227440,Personal Loan,649095,35,46723.95,Not_Eligible
56,Female,Married,Professional,71764,Private,13,Large,Rented,8843,3,2,1386,15389,9912,24487,16077,Yes,23677,808,208920,272413,E-commerce Shopping,1409528,23,500.0,Not_Eligible
48,Female,Single,Graduate,45858,Private,8,Medium,Family,13005,6,1,12185,20489,12426,22785,14604,No,2815,311,918654,145745,Vehicle,1479421,12,500.0,Not_Eligible
41,Male,Married,Professional,57850,Private,19,Medium,Own,1387,2,4,11194,29386,4857,4749,8607,No,27062,487,248699,312538,Vehicle,1055292,6,500.0,Not_Eligible
31,Male,Single,Post Graduate,159090,Government,25,Medium,Own,27442,6,3,10088,4454,9062,26814,3160,Yes,25888,316,675848,77199,E-commerce Shopping,821695,50,18263.699999999997,Not_Eligible
25,Male,Married,Professional,142171,Government,4,Small,Family,26696,2,4,7344,25875,3187,18683,2569,Yes,2021,650,570836,123859,Vehicle,736448,59,19528.6,High_Risk
59,Female,Married,Post Graduate,98017,Self-employed,14,Small,Family,21563,4,3,2547,2171,13150,18383,12174,No,3250,308,22097,282472,E-commerce Shopping,606749,14,8672.65,Not_Eligible
56,Male,Married,Graduate,65790,Self-employed,8,Medium,Family,22982,3,2,4799,25205,4752,20761,7550,Yes,21583,510,571352,289838,Education,641874,12,500.0,Not_Eligible
60,Female,Married,High School,96120,Private,3,Large,Rented,22863,3,3,14468,28939,13431,29408,7401,No,20576,328,706652,50971,Home Appliances,333229,69,500.0,Not_Eligible
37,Female,Married,Graduate,24850,Private,20,Large,Rented,4763,4,1,6315,8469,11461,14317,2613,No,13001,708,790776,363412,Education,270328,10,500.0,Not_Eligible
30,Female,Single,High School,121759,Government,20,Medium,Rented,27771,1,0,1553,17407,1780,15045,18070,Yes,16413,440,630770,176168,Home Appliances,1367818,71,8302.0,Not_Eligible
38,Male,Single,High School,192047,Self-employed,3,Small,Family,20493,4,3,2810,28747,14179,10851,17222,No,993,727,908816,140540,E-commerce Shopping,1370576,24,33863.2,Eligible
39,Female,Married,Professional,80696,Self-employed,19,Small,Family,5535,5,1,14776,4621,1629,21750,6449,No,13755,430,438246,206636,Education,1108052,37,4263.349999999999,Not_Eligible
28,Male,Single,High School,171904,Self-employed,26,Medium,Own,12020,6,2,11224,12905,6729,7816,18693,Yes,22178,677,565226,422240,E-commerce Shopping,1483238,6,28118.649999999998,High_Risk
40,Male,Married,Graduate,102826,Private,20,Small,Family,29745,3,2,111,25775,5530,20452,12737,Yes,1286,808,501521,389743,Personal Loan,1115925,18,2516.5,Not_Eligible
52,Male,Married,Professional,170958,Private,27,Small,Rented,3128,4,0,4072,18101,6664,27391,15156,No,25439,693,949816,32968,E-commerce Shopping,1338173,39,24852.449999999997,High_Risk
40,Male,Single,High School,154490,Private,21,Large,Own,21250,2,4,1063,23587,8621,5409,3947,No,21569,463,316343,312767,Education,448983,24,24165.399999999998,Not_Eligible
28,Female,Single,Graduate,138152,Government,6,Medium,Family,5085,2,4,4197,18364,4921,9905,16466,Yes,23263,484,314423,374999,Home Appliances,305966,64,19582.85,Not_Eligible
50,Female,Married,High School,22081,Self-employed,14,Small,Own,11297,6,3,1392,17974,8234,8580,8662,No,11995,558,341270,141964,Personal Loan,718558,52,500.0,Not_Eligible
52,Female,Married,High School,117716,Government,21,Small,Own,16921,2,2,1197,269,12269,23486,14275,Yes,21332,701,162740,389341,Education,519849,62,9788.449999999999,High_Risk
56,Female,Married,Professional,156186,Self-employed,30,Small,Family,24313,4,1,12089,20481,4312,24762,5123,No,22288,732,645257,497645,Education,208073,29,14986.3,Eligible
26,Male,Married,Professional,33722,Private,16,Medium,Rented,21415,1,0,340,29951,12318,25615,5224,No,27154,831,421057,175274,Education,460848,54,500.0,Not_Eligible
55,Male,Married,Graduate,102508,Government,30,Medium,Rented,26994,5,4,5015,13825,3430,15247,1890,Yes,7437,629,42029,116854,Personal Loan,135935,42,10034.5,High_Risk
27,Male,Married,Professional,144752,Government,17,Small,Own,26783,2,3,14235,19004,7577,13694,10746,No,15408,747,876938,5229,Education,553590,74,13056.75,Eligible
32,Male,Single,Professional,32985,Private,6,Large,Family,16257,4,3,2861,25962,12733,7637,10125,No,9249,524,641633,137076,Home Appliances,1217583,73,500.0,Not_Eligible
48,Female,Married,Post Graduate,151960,Self-employed,29,Large,Family,5998,1,2,12483,5226,12334,18876,4784,Yes,10479,635,485247,379449,Education,599365,32,28623.0,High_Risk
39,Male,Married,Post Graduate,135234,Self-employed,18,Medium,Rented,14023,3,1,13895,5253,10821,8479,9602,No,25171,789,652648,498135,Vehicle,1120421,54,16796.5,Eligible
55,Female,Single,Graduate,98845,Self-employed,27,Large,Family,11369,3,1,9397,13720,2473,24460,6094,No,1940,718,927480,331027,E-commerce Shopping,606958,40,10287.199999999999,Eligible
33,Male,Married,Professional,138446,Self-employed,9,Small,Family,24063,6,4,14112,13762,9671,19752,16700,Yes,6831,679,43359,269425,Vehicle,271993,17,11744.25,High_Risk
26,Male,Married,Graduate,165371,Private,26,Medium,Own,10514,5,3,13424,8726,14454,16511,14081,No,18745,695,697922,203966,Home Appliances,618244,30,24120.6,High_Risk
32,Male,Single,Post Graduate,121747,Private,12,Medium,Family,29984,4,2,8019,26184,3069,24510,12436,Yes,27796,312,163304,280064,Home Appliances,262423,61,500.0,Not_Eligible
31,Male,Married,Post Graduate,37036,Private,1,Large,Family,18421,4,1,5794,2398,1560,7774,16888,No,26394,307,228422,384022,E-commerce Shopping,145237,42,500.0,Not_Eligible
40,Female,Single,Post Graduate,44346,Private,21,Medium,Family,28929,2,3,9766,23579,3695,5433,11017,No,5574,458,264933,411168,Home Appliances,948814,75,500.0,Not_Eligible
59,Female,Married,Graduate,128507,Government,26,Large,Rented,9154,1,1,3306,21016,14703,24162,10074,No,25577,427,525234,43704,Home Appliances,254233,7,7180.249999999999,Not_Eligible
54,Female,Single,Professional,129673,Government,19,Large,Rented,1243,5,0,12792,27490,8910,3395,13202,Yes,156,655,884363,325840,Education,224765,41,21869.75,High_Risk
34,Female,Single,High School,41691,Government,27,Small,Own,23501,1,1,14254,7232,11851,19923,8783,No,19336,452,331314,109237,E-commerce Shopping,163277,58,500.0,Not_Eligible
42,Male,Single,Professional,120578,Private,30,Large,Rented,25108,5,1,6362,13505,8460,5667,7268,No,27879,824,103540,310721,Vehicle,1347127,81,9215.15,High_Risk
29,Male,Married,Graduate,32986,Self-employed,10,Large,Rented,10061,4,3,9732,15658,11951,20554,16984,No,17614,843,893508,119390,Education,1364853,37,500.0,Not_Eligible
53,Female,Married,Post Graduate,173918,Government,4,Medium,Rented,19514,4,1,14064,29735,3003,4307,19863,No,23963,705,710328,237178,Education,219326,19,20814.149999999998,Eligible
58,Female,Single,High School,64665,Government,30,Small,Rented,21863,5,1,6308,8655,13408,18458,10215,No,1189,433,580423,495262,Vehicle,233003,21,500.0,Not_Eligible
47,Male,Single,Graduate,128408,Private,5,Small,Own,1653,1,0,3584,22,11978,26115,18836,No,14094,348,79259,307637,Home Appliances,10055,20,18244.1,Not_Eligible
29,Male,Married,Post Graduate,187473,Self-employed,2,Large,Family,24688,6,1,12245,8880,4992,23059,17531,Yes,7694,367,590692,450805,Personal Loan,139532,76,30934.399999999998,Not_Eligible
54,Female,Married,Graduate,88728,Self-employed,0,Medium,Family,7974,3,1,6524,28642,2461,20914,4359,Yes,26525,467,90844,258959,Personal Loan,826128,4,500.0,Not_Eligible
30,Female,Married,High School,65054,Self-employed,2,Medium,Family,9491,3,3,5303,28799,14038,20881,1114,No,20984,804,308788,269476,Home Appliances,1442574,68,500.0,Not_Eligible
28,Female,Married,Post Graduate,184559,Private,2,Medium,Own,2304,2,2,1926,1286,14076,23197,14563,Yes,543,403,40472,127844,Education,114685,51,44332.399999999994,Not_Eligible
53,Male,Married,Professional,155484,Self-employed,21,Small,Rented,29000,2,0,14704,3860,14412,5757,6515,Yes,17959,457,816585,479479,Vehicle,511555,82,22146.949999999997,Not_Eligible
47,Female,Single,Graduate,96499,Government,3,Small,Own,23304,6,1,3519,10274,1894,24055,14669,No,25675,400,903273,373126,Personal Loan,103926,34,500.0,Not_Eligible
30,Female,Married,High School,197545,Government,6,Large,Own,11498,1,2,14343,10726,10198,12076,3784,No,29907,413,762653,194804,Education,108478,40,36754.549999999996,Not_Eligible
56,Female,Single,Professional,114159,Government,28,Large,Own,12338,6,3,7787,28772,13474,8000,9900,No,14938,745,73017,280547,Personal Loan,625541,28,6632.5,High_Risk
42,Female,Married,High School,81553,Private,14,Medium,Family,26277,4,0,9597,17120,6278,11694,12465,Yes,22273,617,949581,31488,Vehicle,1176694,55,500.0,Not_Eligible
39,Female,Single,Graduate,20279,Self-employed,10,Large,Rented,3814,1,3,7549,23268,1517,14176,5565,No,22248,841,692896,24541,Education,1492532,52,500.0,Not_Eligible
56,Male,Single,High School,22712,Private,17,Medium,Family,24796,5,2,2013,29282,7825,15337,3641,Yes,13333,331,991238,115857,E-commerce Shopping,661402,74,500.0,Not_Eligible
33,Female,Married,Post Graduate,30817,Self-employed,11,Small,Own,27406,3,0,447,29777,9054,21377,17438,No,14759,638,837129,95657,Education,1110482,71,500.0,Not_Eligible
34,Male,Single,High School,199904,Private,3,Large,Own,27219,2,1,1720,25916,6299,11416,12927,No,29319,415,732030,92966,E-commerce Shopping,1456659,34,29780.8,Not_Eligible
44,Female,Single,Graduate,108616,Government,23,Medium,Family,29925,1,2,12059,14290,8379,29705,6510,No,24867,708,459397,367946,Home Appliances,166126,74,500.0,Not_Eligible
30,Female,Single,Post Graduate,152696,Private,10,Small,Family,28456,1,3,13465,2377,2000,13421,4211,No,17817,805,828722,455872,Vehicle,428382,24,24832.149999999998,Eligible
27,Female,Single,High School,175198,Private,5,Medium,Family,12509,5,0,4093,24771,4747,19905,12746,No,16996,823,92440,205436,Personal Loan,1061214,49,27800.85,Eligible
35,Male,Married,High School,95667,Private,25,Large,Rented,5038,4,2,33,27037,9831,14623,19979,No,19024,564,527312,475260,Home Appliances,1241545,3,500.0,Not_Eligible
41,Male,Single,Post Graduate,183534,Government,18,Medium,Family,16025,4,2,496,16236,1729,5975,5420,No,23672,680,911387,398904,Home Appliances,358831,77,39893.35,High_Risk
56,Male,Married,Professional,192887,Private,25,Small,Rented,13365,3,3,11103,22012,13940,15522,19303,Yes,7678,572,994604,91621,Education,1073580,40,31487.399999999998,Not_Eligible
28,Female,Single,Professional,41093,Private,27,Large,Rented,3781,6,3,14357,9696,9624,18157,13507,No,10886,797,99643,82116,Education,515642,57,500.0,Not_Eligible
28,Female,Married,Post Graduate,126030,Government,17,Small,Family,1958,6,1,1403,18499,7787,10493,5535,Yes,14720,798,664022,444629,E-commerce Shopping,1246443,8,22972.25,Eligible
41,Male,Married,High School,132385,Self-employed,14,Large,Own,17680,2,1,3219,13704,4937,29066,2472,No,8922,668,269473,362956,E-commerce Shopping,16694,22,18334.75,High_Risk
43,Male,Married,Professional,178597,Private,2,Medium,Own,6341,4,2,8077,5392,3810,26998,12129,Yes,6377,676,820512,272912,Home Appliances,601754,64,38315.549999999996,High_Risk
29,Female,Single,Post Graduate,44030,Government,16,Small,Rented,22107,4,3,2710,21802,3937,25248,3908,Yes,24793,359,505031,192902,Home Appliances,971375,20,500.0,Not_Eligible
56,Male,Married,Graduate,59067,Private,0,Small,Rented,9224,4,2,9794,19302,5196,24226,4612,No,9677,724,946470,28358,Education,19370,84,500.0,Not_Eligible
46,Female,Married,High School,151279,Government,1,Medium,Rented,5082,6,4,14226,24407,7463,13785,19446,Yes,7506,751,417573,8459,Education,333863,73,20777.399999999998,Eligible
30,Male,Single,Graduate,91433,Self-employed,29,Small,Own,20706,1,3,12877,12216,2121,4156,13630,No,12040,436,343288,255269,Personal Loan,290356,34,4790.45,Not_Eligible
59,Male,Married,High School,41639,Self-employed,18,Small,Rented,27181,4,4,5670,25446,14135,10792,13571,No,18154,534,658705,17622,Vehicle,1090128,26,500.0,Not_Eligible
46,Male,Single,Professional,148864,Private,28,Small,Rented,7301,6,4,12964,24760,3326,14633,6514,Yes,13882,799,340269,478895,Personal Loan,1133103,56,22919.399999999998,Eligible
25,Female,Single,Graduate,15420,Government,8,Small,Own,14275,5,3,5218,9881,11070,15341,14632,Yes,22080,554,532995,348598,Vehicle,848196,53,500.0,Not_Eligible
44,Female,Married,Graduate,34198,Self-employed,7,Medium,Family,15375,6,1,11904,17596,14454,20037,11915,Yes,24821,787,737756,430901,Home Appliances,1019772,14,500.0,Not_Eligible
46,Male,Single,Post Graduate,181680,Self-employed,11,Small,Own,27759,3,2,14330,11837,4416,17217,15414,No,14484,648,252279,468551,Education,1442481,84,26678.05,High_Risk
35,Female,Single,Professional,192277,Government,30,Small,Family,29526,4,0,3602,29714,6980,21992,2715,Yes,13181,667,264543,152590,Personal Loan,916961,70,29598.449999999997,High_Risk
37,Female,Single,Professional,97951,Private,26,Small,Family,19612,2,0,14606,6224,12134,7874,16262,No,403,802,581609,300061,Vehicle,851372,36,7292.599999999999,High_Risk
27,Female,Married,High School,32875,Self-employed,26,Large,Rented,22952,1,3,6104,8689,10806,27734,5819,Yes,28336,397,299811,498230,E-commerce Shopping,606152,63,500.0,Not_Eligible
33,Female,Single,Post Graduate,85511,Self-employed,14,Large,Rented,17859,5,1,4096,1565,8522,10105,5300,No,12790,576,159995,273556,Vehicle,912090,65,8845.9,Not_Eligible
36,Male,Single,Post Graduate,106997,Self-employed,24,Medium,Family,26941,6,1,2334,26238,13717,19521,19111,No,22496,324,167788,251115,Vehicle,950100,75,500.0,Not_Eligible
47,Female,Single,High School,36331,Private,22,Medium,Rented,2407,3,1,6116,24793,2062,3532,11896,No,12671,768,374815,334139,Education,808397,41,500.0,Not_Eligible
38,Female,Married,Graduate,31893,Self-employed,6,Medium,Family,23927,1,0,13226,4620,8470,16184,18812,Yes,2080,835,811812,227277,Personal Loan,52581,78,500.0,Not_Eligible
57,Male,Single,High School,33243,Government,20,Small,Rented,17319,5,4,1279,25937,11664,17589,3379,No,29073,724,659416,156295,Home Appliances,87565,39,500.0,Not_Eligible
42,Female,Married,High School,30535,Private,15,Large,Own,13245,1,0,3245,12408,6467,6373,13291,Yes,9640,564,387822,234670,Personal Loan,342419,14,500.0,Not_Eligible
33,Female,Single,High School,82394,Self-employed,6,Large,Family,11159,3,1,4949,22996,13716,9878,8881,Yes,10896,534,668511,106231,Home Appliances,985909,18,500.0,Not_Eligible
47,Female,Married,Post Graduate,171561,Government,19,Medium,Family,27525,3,0,49,23923,14597,28290,16177,No,12151,425,575384,75639,E-commerce Shopping,294291,21,17097.149999999998,Not_Eligible
34,Male,Married,High School,94214,Government,20,Large,Rented,5415,4,0,5651,17889,5550,14882,16223,No,24844,849,141804,72611,Education,65965,78,1316.0,Not_Eligible
43,Male,Married,High School,135295,Private,11,Medium,Own,2245,2,2,10856,22706,6443,6145,2170,Yes,26352,447,145357,234312,Vehicle,245829,3,20432.3,Not_Eligible
29,Female,Single,High School,115369,Government,16,Small,Rented,22073,4,3,14525,26734,9710,9675,12766,No,6442,806,976263,36377,Personal Loan,1066444,67,4705.4,Not_Eligible
47,Female,Single,Professional,127695,Private,10,Large,Own,27213,6,4,9966,26632,4424,21708,12284,Yes,8304,378,134855,429651,Personal Loan,690350,21,6007.4,Not_Eligible
54,Male,Single,Graduate,28346,Private,3,Small,Rented,20721,1,2,7210,12509,6934,27996,12847,No,20296,839,77553,498405,Home Appliances,586496,54,500.0,Not_Eligible
49,Male,Married,Graduate,194077,Private,18,Small,Family,6572,4,3,3588,25372,6422,14236,12755,No,22007,778,199797,52346,Personal Loan,898233,46,36093.75,Eligible
52,Male,Single,Graduate,152845,Government,1,Large,Own,3950,3,1,4046,4956,1209,9029,6325,No,5101,577,496934,35653,Vehicle,1350365,46,41380.149999999994,Not_Eligible
58,Female,Single,Graduate,137580,Private,1,Medium,Own,19042,3,2,65,6765,13878,13296,5425,No,9536,412,609216,192161,Home Appliances,911346,4,24350.55,Not_Eligible
49,Female,Married,Post Graduate,90324,Private,23,Large,Rented,22533,3,3,6539,28626,14181,23548,2800,No,15254,525,909595,440379,Vehicle,1273419,79,500.0,Not_Eligible
34,Male,Single,Post Graduate,178415,Government,16,Small,Own,10006,4,2,5370,11911,10058,20559,2303,No,11303,372,813365,203926,Home Appliances,1182895,6,37416.75,Not_Eligible
38,Female,Single,High School,117746,Private,23,Medium,Rented,7485,6,0,4223,15467,4940,20103,15863,No,15009,360,81929,126716,Vehicle,386887,21,12129.599999999999,Not_Eligible
54,Female,Married,Post Graduate,89783,Self-employed,8,Small,Own,19667,6,0,10936,15696,8300,15475,16596,Yes,24099,813,636400,260582,Home Appliances,1336179,47,500.0,Not_Eligible
49,Female,Married,Graduate,192035,Government,21,Medium,Rented,17680,5,2,187,18635,1175,29262,4994,No,29036,664,277977,176864,Education,888166,35,31873.1,High_Risk
38,Female,Single,Professional,188055,Government,0,Large,Rented,27731,4,2,5302,6670,8254,14310,1320,No,205,388,279481,414332,Personal Loan,665649,19,43492.049999999996,Not_Eligible
59,Female,Married,High School,182044,Government,9,Small,Rented,1647,4,4,13894,27076,5856,18269,10459,Yes,1909,759,734019,101972,Vehicle,1467646,59,36026.899999999994,Eligible
58,Female,Single,High School,31959,Self-employed,27,Medium,Family,15045,4,1,12865,23473,4529,6571,10779,Yes,9172,738,578909,163496,E-commerce Shopping,345589,19,500.0,Not_Eligible
34,Female,Single,Graduate,104343,Private,22,Medium,Own,24935,4,0,12231,14530,9408,25223,14534,No,9450,303,562864,163161,Education,548280,6,500.0,Not_Eligible
59,Male,Single,Graduate,180205,Government,14,Large,Family,19836,3,2,2888,10500,6525,17578,1214,Yes,28778,798,322924,212036,Education,390198,10,32510.1,Eligible
35,Male,Single,Graduate,66150,Government,30,Medium,Family,28187,2,3,4857,21345,3910,19563,8320,Yes,19028,357,180961,454393,Vehicle,227084,39,500.0,Not_Eligible
35,Male,Single,Post Graduate,36734,Government,20,Medium,Family,9356,4,1,666,25608,14718,27050,9248,Yes,15451,454,565625,498870,Vehicle,745445,4,500.0,Not_Eligible
45,Male,Married,High School,32400,Self-employed,14,Small,Family,8092,4,3,7579,13527,1603,4772,10746,Yes,9951,841,388307,90696,E-commerce Shopping,1327673,28,500.0,Not_Eligible
45,Male,Married,Graduate,166074,Self-employed,24,Large,Own,22013,2,1,9124,12036,14740,3007,19670,No,11677,409,788301,375163,Vehicle,158289,43,25832.449999999997,Not_Eligible
46,Male,Single,Professional,113329,Self-employed,22,Large,Own,3244,4,3,14414,13210,10934,25629,18165,No,16423,658,189464,146988,E-commerce Shopping,923917,15,3958.4999999999995,Not_Eligible
31,Male,Married,High School,139438,Private,20,Small,Family,23571,2,0,5138,3184,12495,15447,16381,No,6539,617,5205,79932,Vehicle,954787,26,19839.05,High_Risk
41,Male,Married,High School,182564,Private,28,Small,Own,4025,3,2,10162,5748,1819,13709,6333,No,3676,492,321297,180640,E-commerce Shopping,395293,75,47982.2,Not_Eligible
26,Male,Single,Post Graduate,112753,Self-employed,1,Small,Own,11892,5,2,3852,8531,8597,25160,18222,Yes,3968,822,928737,420312,Home Appliances,1461173,64,11385.849999999999,Eligible
36,Female,Married,High School,123863,Private,13,Medium,Rented,8694,4,4,4140,10286,2061,23484,13895,Yes,11737,732,817914,431795,Personal Loan,1216052,67,17348.1,Eligible
42,Female,Married,Graduate,176947,Self-employed,3,Large,Own,13877,5,2,13533,4925,11663,5887,18824,Yes,24335,828,919882,170350,Personal Loan,104579,33,29366.05,Eligible
35,Male,Single,Graduate,171118,Private,17,Large,Family,22754,4,0,10368,13100,12662,26930,17490,Yes,28512,698,594993,246096,Vehicle,1244955,20,13755.699999999999,High_Risk
40,Female,Single,Professional,169736,Private,8,Large,Own,20588,1,1,617,16872,4012,15668,13425,No,3059,416,714869,41215,Vehicle,1031367,17,33423.25,Not_Eligible
42,Female,Single,High School,170525,Self-employed,1,Medium,Family,29414,6,1,13050,9537,3955,26133,15111,No,2353,528,589142,156007,Personal Loan,414871,26,24840.199999999997,Not_Eligible
59,Male,Single,High School,19746,Government,1,Large,Own,25919,1,2,13944,8982,11818,29578,19386,No,9961,590,989463,387694,Personal Loan,1361132,67,500.0,Not_Eligible
50,Male,Single,Post Graduate,138765,Government,17,Large,Family,27955,3,3,792,23649,1184,16195,19789,Yes,26666,698,624685,305170,E-commerce Shopping,640182,17,7887.249999999999,High_Risk
40,Male,Single,Graduate,159289,Private,16,Large,Own,20196,5,2,9442,11708,4448,10896,9004,No,23382,486,380437,374535,E-commerce Shopping,148159,53,24574.55,Not_Eligible
30,Female,Single,Professional,78184,Private,8,Large,Own,9002,5,1,12185,12380,7418,23139,3232,Yes,17391,758,447787,7877,Home Appliances,1168801,22,500.0,Not_Eligible
36,Female,Married,Graduate,103898,Private,7,Small,Own,23638,2,4,2444,26410,9793,20356,19435,No,4027,460,627988,66181,Home Appliances,1280334,54,500.0,Not_Eligible
37,Male,Single,High School,56835,Private,1,Medium,Family,785,2,1,10514,21755,2309,25339,3877,Yes,7300,354,540738,123591,E-commerce Shopping,873954,79,500.0,Not_Eligible
28,Female,Married,High School,24133,Private,1,Large,Rented,227,4,3,4233,17570,2371,18290,7614,Yes,3988,318,920098,416184,Home Appliances,131289,7,500.0,Not_Eligible
26,Female,Married,Professional,116345,Private,4,Large,Family,4947,2,3,1350,5277,11958,26177,7307,Yes,10816,722,290959,105559,Education,826008,56,16979.55,Eligible
50,Female,Single,High School,55533,Self-employed,11,Large,Own,7477,2,4,11022,23106,13817,24659,2882,No,1617,770,411614,108091,E-commerce Shopping,716390,39,500.0,Not_Eligible
51,Male,Married,Professional,151476,Government,28,Large,Family,17211,5,3,14550,12425,2012,14012,359,No,24724,309,845936,151414,Home Appliances,125741,64,23164.05,Not_Eligible
51,Female,Married,Professional,179411,Government,29,Large,Own,16762,1,2,2275,28031,11046,14227,18581,Yes,18502,755,433340,176530,Home Appliances,1177701,13,24495.449999999997,Eligible
39,Female,Married,Graduate,43725,Self-employed,27,Small,Own,13894,5,2,6250,20791,1006,26851,98,Yes,2368,621,427602,166012,Vehicle,623690,44,500.0,Not_Eligible
32,Female,Single,Professional,191452,Self-employed,15,Small,Rented,28387,2,1,2206,6433,9379,15559,7334,Yes,12054,739,707596,44211,Vehicle,1262828,8,38535.0,Eligible
31,Female,Married,High School,194145,Government,13,Medium,Own,10217,4,0,1917,14400,5045,15410,19087,Yes,5722,306,387596,271272,Vehicle,853973,47,42821.45,Not_Eligible
36,Female,Married,Post Graduate,142240,Government,19,Medium,Own,14720,1,2,13447,7941,2623,23990,11934,Yes,2491,389,135520,96602,Personal Loan,736321,59,22782.899999999998,Not_Eligible
37,Female,Single,Post Graduate,187413,Private,1,Large,Own,6256,2,2,12026,19653,10331,5326,14256,Yes,10113,467,461529,365011,Personal Loan,509106,41,38308.2,Not_Eligible
41,Female,Married,High School,16236,Government,23,Large,Rented,11556,2,4,10269,18090,9254,10004,9003,No,27390,702,805502,188247,Personal Loan,1049757,39,500.0,Not_Eligible
41,Male,Married,Post Graduate,82916,Private,7,Small,Family,11568,6,2,9313,19983,9632,22822,10112,No,13473,497,713345,377509,E-commerce Shopping,102356,42,500.0,Not_Eligible
60,Male,Married,Post Graduate,120481,Private,28,Medium,Rented,26914,4,1,608,17086,2367,8652,15225,Yes,24376,683,938618,457086,Vehicle,834621,60,8838.55,High_Risk
45,Female,Married,Professional,143357,Government,3,Large,Family,25704,4,4,8960,13248,1586,26425,15915,No,26383,822,537759,485700,Vehicle,432865,9,8797.599999999999,High_Risk
32,Male,Married,Post Graduate,29538,Private,29,Large,Own,22466,2,2,783,16260,1378,16007,18259,No,5479,655,762960,51855,E-commerce Shopping,990514,84,500.0,Not_Eligible
29,Female,Single,Post Graduate,158043,Private,19,Large,Family,8482,2,1,11121,22040,14994,24386,15967,No,16841,439,468338,238118,Personal Loan,1185517,42,15474.199999999999,Not_Eligible
50,Female,Married,Post Graduate,114821,Self-employed,8,Medium,Family,19932,5,4,7066,1273,10447,8749,9432,No,18259,628,334674,383840,Home Appliances,1345494,37,13882.05,High_Risk
40,Female,Single,Graduate,53655,Government,19,Small,Family,7688,3,0,2389,538,3487,17024,14516,No,8879,595,318037,373961,Education,920181,76,500.0,Not_Eligible
60,Male,Married,High School,75784,Self-employed,30,Small,Family,27300,4,1,167,11945,11633,18745,11262,No,6116,605,107697,447026,Vehicle,935481,16,500.0,Not_Eligible
52,Female,Single,Professional,137547,Private,25,Large,Own,59,4,2,4779,4212,4946,21257,5536,No,4888,363,198672,76676,Personal Loan,485308,11,32154.499999999996,Not_Eligible
53,Female,Single,Post Graduate,133177,Private,26,Large,Rented,5431,6,4,6775,19323,1736,19780,17068,Yes,1219,511,603463,286835,Home Appliances,922887,71,21645.75,Not_Eligible
36,Male,Single,High School,183482,Self-employed,24,Large,Family,28777,5,0,3256,27190,4347,5348,18623,No,23711,710,453708,335954,Vehicle,1220677,41,25280.5,Eligible
54,Male,Married,Post Graduate,105982,Self-employed,18,Large,Own,19054,1,1,2479,485,10065,25343,14429,Yes,4187,392,711425,403901,Vehicle,1232568,47,10479.0,Not_Eligible
47,Female,Married,Graduate,197374,Self-employed,1,Large,Own,14424,6,0,7591,17770,13991,6465,898,No,24231,792,819170,124018,Education,1428640,63,39201.399999999994,Eligible
40,Male,Married,Graduate,167775,Private,30,Medium,Own,3339,6,1,12326,17433,4238,7698,9879,No,14988,613,459538,377640,Personal Loan,1387034,52,34255.9,High_Risk
38,Male,Married,Post Graduate,59191,Government,15,Small,Own,19173,1,2,9171,783,9149,9736,6814,Yes,14596,361,253539,129108,E-commerce Shopping,581006,42,500.0,Not_Eligible
34,Female,Married,Post Graduate,69112,Private,10,Medium,Family,3654,1,1,10626,11251,9290,23695,5446,Yes,22672,733,315920,407746,Home Appliances,714108,30,500.0,Not_Eligible
31,Female,Single,Post Graduate,26399,Self-employed,7,Medium,Rented,27766,4,2,12214,2924,11651,10956,1831,No,10478,658,209620,86074,Home Appliances,523666,38,500.0,Not_Eligible
53,Female,Single,Graduate,119365,Government,11,Large,Own,13187,3,1,2816,25195,12491,3000,5584,No,17478,758,76740,100084,Personal Loan,1430169,12,13864.9,Eligible
27,Male,Single,Graduate,27685,Self-employed,2,Medium,Rented,27068,3,4,8982,24561,9605,26695,2481,Yes,29577,353,177882,195419,Home Appliances,502311,63,500.0,Not_Eligible
39,Male,Married,High School,102777,Private,12,Small,Rented,5548,5,1,13029,24153,1313,24753,12617,No,28122,597,447439,189672,E-commerce Shopping,640752,70,500.0,Not_Eligible
60,Male,Married,Professional,19487,Government,1,Large,Rented,21486,1,1,1474,21996,11565,4194,6164,No,7866,563,741054,244882,Home Appliances,1124106,39,500.0,Not_Eligible
43,Female,Single,Professional,27018,Government,12,Small,Own,23902,1,3,8125,29085,7272,17469,617,No,11810,634,38219,221007,Personal Loan,253450,26,500.0,Not_Eligible
37,Male,Married,Graduate,176897,Private,26,Medium,Own,28977,2,3,11378,8061,10977,20483,13032,Yes,27542,657,742131,222781,E-commerce Shopping,53831,36,19756.449999999997,High_Risk
45,Male,Married,Professional,153822,Self-employed,7,Large,Own,19046,5,1,4001,7289,8619,22935,17472,No,12943,727,598688,490164,Education,294026,3,21530.949999999997,Eligible
51,Female,Single,Post Graduate,196301,Self-employed,14,Small,Rented,16585,6,3,10640,3532,2432,13863,8340,No,12595,598,522758,214977,Personal Loan,192553,23,44909.899999999994,Not_Eligible
53,Female,Single,High School,98220,Self-employed,23,Small,Own,7087,6,2,7471,24408,13710,3761,5302,Yes,19098,547,356031,237319,Education,354727,73,6084.049999999999,Not_Eligible
44,Female,Married,Graduate,58118,Private,20,Large,Own,13334,5,3,11866,4524,13517,15554,7886,No,7566,632,189602,4909,Home Appliances,549819,46,500.0,Not_Eligible
49,Male,Married,Graduate,74615,Self-employed,8,Small,Rented,27737,4,1,11572,28914,10786,17801,7789,No,20157,393,994159,160101,E-commerce Shopping,335273,42,500.0,Not_Eligible
30,Female,Single,Professional,94946,Government,10,Large,Own,8662,4,0,7740,28050,13964,10617,16496,No,25349,482,526970,121483,Home Appliances,1438294,81,500.0,Not_Eligible
60,Male,Married,Post Graduate,136869,Self-employed,21,Large,Family,7943,5,0,9318,18188,12775,11287,5332,No,7145,318,555038,258135,Personal Loan,673371,80,22708.35,Not_Eligible
26,Male,Single,High School,30105,Self-employed,20,Medium,Family,19410,3,1,9942,22779,14003,15208,9261,No,9318,495,941999,371776,Education,222664,54,500.0,Not_Eligible
46,Female,Single,Professional,164985,Government,27,Small,Family,3356,5,1,12389,25674,1337,17611,10685,Yes,4375,364,279802,433105,Education,812790,3,31345.3,Not_Eligible
56,Female,Single,Graduate,116564,Government,2,Large,Family,28330,3,0,6026,24687,5341,12765,9285,Yes,27378,651,277376,70166,Home Appliances,413179,55,963.1999999999999,Not_Eligible
40,Female,Married,Graduate,195587,Self-employed,6,Medium,Rented,10548,4,4,4750,24214,8816,24850,18613,Yes,10838,503,869732,198950,Personal Loan,387123,69,32535.3,Not_Eligible
42,Female,Single,Professional,62342,Government,13,Medium,Own,3973,5,3,11353,29453,1557,25510,12163,Yes,6276,375,533441,32666,Home Appliances,154350,35,500.0,Not_Eligible
29,Female,Single,Post Graduate,127016,Private,14,Large,Family,13020,3,4,11381,969,5299,27842,9172,No,27334,672,302507,313272,Vehicle,579951,13,11199.65,High_Risk
60,Male,Married,High School,198256,Government,8,Large,Family,10775,2,2,7306,18017,8048,17609,18741,No,6229,412,299140,311851,Personal Loan,454016,43,39035.85,Not_Eligible
54,Male,Single,High School,75506,Private,19,Small,Own,4471,2,0,13614,8551,2216,4121,7092,No,12892,841,800337,332523,Personal Loan,465817,70,7892.15,High_Risk
43,Male,Married,High School,39967,Government,10,Small,Rented,28361,5,0,8943,21246,13102,21988,6059,No,1204,791,52519,58437,E-commerce Shopping,989439,51,500.0,Not_Eligible
47,Female,Married,High School,51023,Private,6,Small,Family,27122,1,4,13828,918,4430,9809,6751,No,13982,811,343158,363419,Vehicle,287436,62,500.0,Not_Eligible
58,Male,Married,Post Graduate,69288,Private,11,Large,Own,27259,5,2,1232,16551,6673,18229,19435,Yes,26658,711,27911,133014,Education,1450550,48,500.0,Not_Eligible
37,Female,Single,Graduate,139939,Self-employed,18,Medium,Own,20621,4,4,14422,19705,13961,16626,5239,No,1529,535,460062,110451,Home Appliances,1002653,18,16742.6,Not_Eligible
53,Female,Single,Graduate,116541,Government,26,Medium,Family,3123,4,2,6081,28479,9927,6205,4093,No,25185,468,823343,55841,Education,1018814,36,11706.8,Not_Eligible
60,Male,Married,High School,41622,Government,17,Large,Family,11333,2,1,9050,27381,12517,24034,4485,No,28306,408,702775,153112,Personal Loan,840089,26,500.0,Not_Eligible
46,Male,Married,High School,60201,Government,12,Small,Own,18691,3,1,4414,26836,11523,12309,19365,Yes,14369,604,537375,187274,Home Appliances,1002054,10,500.0,Not_Eligible
60,Female,Married,High School,31350,Private,10,Medium,Own,6003,2,0,3860,15802,3265,29470,12576,No,4573,456,612956,339503,Education,490407,70,500.0,Not_Eligible
33,Male,Single,Professional,69820,Self-employed,0,Medium,Family,3790,3,1,13254,29459,14923,13495,12854,Yes,1746,586,657966,488256,Home Appliances,1321477,32,500.0,Not_Eligible
43,Female,Married,Professional,63709,Government,5,Small,Family,22319,5,4,4728,26445,5668,13993,3964,Yes,16849,582,913583,210789,Education,755662,55,500.0,Not_Eligible
30,Male,Married,Graduate,103232,Self-employed,20,Medium,Family,6521,1,2,12133,11031,12815,10903,4860,No,18816,590,416948,327817,Home Appliances,646577,55,9153.55,Not_Eligible
39,Male,Married,Graduate,173542,Self-employed,1,Small,Family,3110,4,0,13401,22573,9373,24520,1123,No,24232,307,74484,487112,Education,1315211,67,26323.5,Not_Eligible
44,Male,Single,High School,176961,Private,12,Medium,Rented,24923,5,1,7645,21521,6690,15108,9243,Yes,19577,339,675298,235929,Education,1311168,29,25288.899999999998,Not_Eligible
33,Male,Married,Professional,156296,Government,12,Medium,Own,1601,2,0,2699,21358,6069,12844,17199,Yes,25908,433,777641,33673,Home Appliances,470094,15,24016.3,Not_Eligible
56,Male,Single,Post Graduate,151537,Self-employed,18,Medium,Family,11788,6,0,7279,25333,14228,15968,14650,No,7375,609,655739,294161,E-commerce Shopping,1489528,9,19220.6,High_Risk
28,Female,Single,Professional,97418,Government,8,Small,Own,20161,6,2,8074,13661,14534,8260,17362,No,25725,712,307606,438257,Home Appliances,1384984,82,500.0,Not_Eligible
42,Male,Married,Graduate,112739,Government,18,Medium,Family,21307,5,4,5045,4783,1207,13629,2858,Yes,11768,529,366029,134331,Education,1305068,29,18249.699999999997,Not_Eligible
29,Male,Married,Professional,70214,Government,22,Medium,Rented,27129,1,4,2000,4493,11662,13965,17066,Yes,11967,390,281184,149832,Vehicle,1353660,38,500.0,Not_Eligible
44,Male,Married,Graduate,149016,Self-employed,0,Medium,Own,12712,3,3,13705,12009,2193,19288,3655,No,18343,386,782041,53292,Personal Loan,978936,69,23488.85,Not_Eligible
47,Female,Single,High School,39336,Private,22,Large,Rented,22303,1,4,6006,1973,5234,18235,780,No,21565,574,128974,242329,E-commerce Shopping,1393331,58,500.0,Not_Eligible
35,Female,Single,Post Graduate,53624,Private,24,Medium,Own,13747,2,1,239,10900,13541,15237,1442,Yes,27702,845,835081,416617,Home Appliances,415128,84,500.0,Not_Eligible
46,Female,Single,High School,80206,Self-employed,27,Medium,Rented,16004,1,3,7439,16481,2189,19049,15066,Yes,21851,542,232321,407432,Personal Loan,1123320,16,500.0,Not_Eligible
28,Female,Married,High School,59764,Government,26,Small,Family,20162,4,3,2190,19460,5664,21479,7818,Yes,10613,696,548073,346147,E-commerce Shopping,1460734,3,500.0,Not_Eligible
53,Female,Single,Post Graduate,109325,Government,7,Small,Family,8513,6,3,14030,26495,2658,13850,4500,Yes,3594,559,103944,380558,Vehicle,977306,41,12489.75,Not_Eligible
58,Male,Married,Post Graduate,60420,Private,22,Large,Rented,28237,1,3,4214,2206,8563,5842,19143,No,16623,477,542208,285079,Personal Loan,1369956,21,500.0,Not_Eligible
37,Male,Married,Post Graduate,119381,Self-employed,25,Small,Family,10489,5,4,4691,24514,1425,9713,10393,No,17203,832,961597,87975,Home Appliances,1438428,69,14333.55,Eligible
33,Male,Married,Graduate,80671,Self-employed,13,Small,Rented,22247,3,3,2015,86,12769,21684,10453,No,11487,704,741380,389882,Vehicle,808743,49,500.0,Not_Eligible
55,Female,Single,High School,161845,Private,23,Small,Rented,16563,4,1,5370,9958,14448,21110,3120,Yes,10777,344,283637,170625,Home Appliances,605682,53,28174.649999999998,Not_Eligible
31,Female,Single,Graduate,122596,Self-employed,15,Large,Own,20349,4,1,162,11383,10621,19896,2545,No,21334,709,205065,335235,Personal Loan,613618,67,12707.099999999999,Eligible
28,Male,Single,Post Graduate,41447,Self-employed,28,Large,Rented,13291,4,0,4749,29114,6029,26274,16217,No,24623,476,688753,332517,Home Appliances,1196108,9,500.0,Not_Eligible
43,Female,Married,Graduate,150105,Private,3,Medium,Own,26288,2,1,8541,6315,6064,3795,5875,Yes,17196,682,240683,110942,Vehicle,99028,49,26610.85,High_Risk
54,Female,Single,Post Graduate,35497,Private,30,Medium,Rented,24604,2,0,30,20031,5857,18132,2828,Yes,20966,814,967499,243219,Vehicle,932388,9,500.0,Not_Eligible
55,Female,Single,Professional,94714,Self-employed,17,Small,Own,28143,5,1,6601,3677,1568,7959,14758,Yes,19391,347,768419,43686,Personal Loan,1177619,75,4415.95,Not_Eligible
59,Male,Married,Post Graduate,141892,Self-employed,13,Medium,Own,16037,3,3,8005,25257,11818,12818,17846,Yes,1613,448,45150,282412,Personal Loan,1119728,60,16974.3,Not_Eligible
45,Male,Married,High School,167050,Private,29,Medium,Family,15685,1,2,10330,14570,1230,22665,7942,Yes,5640,529,736238,284825,Education,1213769,58,31145.8,Not_Eligible
55,Female,Single,High School,158954,Private,26,Large,Own,26609,5,3,2175,7645,1994,15611,14579,No,15693,317,951579,304571,Vehicle,1487575,82,26126.8,Not_Eligible
43,Female,Married,High School,163017,Government,8,Large,Own,8929,2,4,2826,12408,10848,10909,553,Yes,13558,780,901164,426180,Education,1260524,71,36045.1,Eligible
55,Female,Single,Graduate,74870,Self-employed,14,Medium,Rented,3719,5,0,3619,12784,5039,8884,10764,No,29800,542,702914,213059,Home Appliances,1062916,36,500.0,Not_Eligible
56,Female,Married,High School,164667,Self-employed,2,Medium,Own,22714,3,2,5065,29283,6919,12256,8907,No,5633,462,894995,342869,Personal Loan,747664,50,25861.5,Not_Eligible
26,Male,Married,Post Graduate,112847,Private,29,Medium,Family,16438,5,1,847,27045,9981,11553,3389,Yes,7676,331,315303,371781,E-commerce Shopping,1239252,40,12571.3,Not_Eligible
34,Female,Single,Professional,111134,Private,26,Small,Rented,11117,6,3,791,8326,14703,13611,11934,No,13175,421,851072,50916,Home Appliances,904028,42,13116.949999999999,Not_Eligible
26,Male,Married,High School,181521,Government,3,Large,Own,23041,6,0,7892,28986,3625,22382,5319,Yes,9674,738,476845,46197,Education,931023,31,28210.699999999997,Eligible
26,Male,Married,Graduate,116110,Government,22,Medium,Rented,26009,4,0,508,6212,14581,14925,13604,No,13683,694,574886,150302,Vehicle,1393641,39,9305.8,High_Risk
48,Male,Married,Professional,164711,Private,17,Medium,Rented,24382,1,1,7079,10437,10228,20135,14615,No,22285,649,132505,22910,Personal Loan,688778,9,19442.5,High_Risk
41,Female,Single,High School,191442,Self-employed,13,Small,Rented,18448,2,0,13032,6960,5438,4336,3651,No,16418,721,84516,222916,Personal Loan,1180055,82,43105.649999999994,Eligible
56,Male,Married,High School,86918,Government,14,Large,Rented,11834,2,1,13027,20173,2612,12493,19519,Yes,9791,425,51817,243078,Home Appliances,810372,79,500.0,Not_Eligible
40,Male,Married,Professional,188782,Private,7,Small,Rented,20567,6,1,14192,28682,9530,23801,5263,No,5737,680,37562,277501,Home Appliances,1204043,41,28353.5,High_Risk
40,Female,Single,High School,18159,Private,27,Small,Own,19678,3,3,7977,13156,8202,4960,11025,No,29939,659,400676,421123,Personal Loan,993536,20,500.0,Not_Eligible
55,Female,Single,Graduate,86192,Private,9,Medium,Rented,3855,3,0,14326,27777,7041,24034,13891,No,7576,325,313826,188122,Education,165901,12,500.0,Not_Eligible
48,Female,Married,Post Graduate,81988,Self-employed,23,Small,Rented,13369,3,4,4332,25310,1585,6105,7402,No,2912,658,325478,199880,Vehicle,1245873,58,7340.549999999999,High_Risk
25,Male,Married,Post Graduate,122739,Private,11,Small,Family,2751,2,4,14294,17517,6605,15401,3495,No,1544,336,833222,78372,Personal Loan,1414245,25,21396.199999999997,Not_Eligible
35,Female,Married,Professional,33706,Private,20,Medium,Family,28209,4,3,13844,19482,1421,3001,17721,Yes,22732,689,809598,61557,Personal Loan,170776,58,500.0,Not_Eligible
45,Male,Single,Post Graduate,155934,Self-employed,8,Large,Rented,724,1,3,7775,19855,10505,20133,16172,Yes,13866,737,865129,49665,Home Appliances,17039,35,23416.399999999998,Eligible
28,Male,Married,High School,25219,Private,7,Medium,Own,9445,3,1,9204,5439,2313,18094,6196,No,5897,796,356056,471728,Vehicle,352534,47,500.0,Not_Eligible
31,Female,Single,High School,104017,Private,16,Large,Family,9369,2,4,3024,3265,14330,27122,10613,No,28344,514,79259,296166,Personal Loan,986998,78,2782.5,Not_Eligible
50,Male,Single,Graduate,49536,Government,8,Small,Family,9488,4,0,3070,1968,4842,19103,3011,No,4640,474,621094,306960,Home Appliances,386626,36,1194.8999999999999,Not_Eligible
36,Male,Married,Post Graduate,86632,Private,12,Small,Rented,8049,3,4,1074,7513,14939,16472,19043,No,5612,782,411558,21520,E-commerce Shopping,929439,8,4875.5,Not_Eligible
55,Male,Married,Professional,123798,Self-employed,29,Medium,Own,13357,3,3,5968,28687,8459,5848,9356,No,17288,413,263745,21999,Personal Loan,84587,12,12192.25,Not_Eligible
41,Male,Single,High School,48937,Government,13,Medium,Own,16233,1,3,14134,19528,8939,10619,13234,Yes,1589,602,380782,20391,E-commerce Shopping,688168,76,500.0,Not_Eligible
57,Female,Married,Professional,36094,Private,4,Medium,Family,25470,6,1,468,7091,7521,6601,2735,No,27916,802,518876,84274,Vehicle,1272006,69,500.0,Not_Eligible
35,Male,Married,High School,140312,Self-employed,8,Small,Family,18883,1,0,1915,13939,2177,15860,5307,Yes,8343,453,967950,184689,Vehicle,58014,40,25860.8,Not_Eligible
52,Female,Single,High School,119894,Private,24,Small,Family,1329,5,3,4483,1224,10930,15370,4813,Yes,23613,580,547943,148951,Personal Loan,734751,81,20346.199999999997,Not_Eligible
56,Male,Married,Graduate,132118,Government,25,Large,Family,27050,6,0,7229,7812,2666,12225,12910,Yes,7551,719,22910,87500,Education,356383,46,19136.25,Eligible
25,Male,Single,Post Graduate,173996,Self-employed,25,Medium,Family,21501,6,4,13654,1187,13415,28009,6597,No,6970,576,381587,383003,Home Appliances,553061,11,28932.05,Not_Eligible
52,Female,Married,Graduate,98325,Government,15,Small,Rented,19011,6,1,7320,16390,5528,3617,178,Yes,21815,578,571230,349049,Home Appliances,511407,70,8563.1,Not_Eligible
31,Male,Single,Post Graduate,146195,Self-employed,18,Large,Rented,12538,3,4,735,2108,7957,18592,17421,No,24635,364,736644,396845,Education,1498298,32,21773.149999999998,Not_Eligible
26,Male,Single,Professional,199221,Self-employed,23,Medium,Rented,18834,5,3,8133,15711,9706,24725,4805,Yes,24544,616,965560,64369,E-commerce Shopping,1139047,64,32467.05,High_Risk
48,Male,Married,Post Graduate,86445,Private,22,Medium,Family,14053,2,3,12941,21404,4329,28365,10749,No,10518,629,813298,472428,Vehicle,1338598,35,500.0,Not_Eligible
28,Male,Single,Professional,46854,Self-employed,30,Large,Rented,27544,1,0,14376,27108,6461,6622,6331,Yes,20122,385,186031,268926,Personal Loan,1327925,14,500.0,Not_Eligible
43,Male,Single,High School,75796,Self-employed,6,Large,Family,14535,6,3,13797,29303,5597,14109,3568,Yes,20075,538,595533,111209,Home Appliances,274214,66,500.0,Not_Eligible
50,Male,Married,Professional,84432,Private,11,Large,Own,9361,6,0,8169,28098,10180,23800,4423,No,12604,499,736039,323021,Home Appliances,1438056,78,500.0,Not_Eligible
35,Female,Married,Professional,186906,Self-employed,25,Small,Own,29746,4,2,5048,26013,13704,11989,13004,No,19755,404,377414,270550,Personal Loan,502505,37,23676.449999999997,Not_Eligible
35,Female,Married,High School,32111,Self-employed,1,Medium,Rented,7057,3,3,5821,17319,13387,29354,3986,Yes,7736,716,758381,357974,Personal Loan,191283,64,500.0,Not_Eligible
27,Female,Single,Professional,87575,Self-employed,17,Medium,Own,11631,3,4,11048,23582,10609,5926,19697,No,14378,503,106390,128969,Home Appliances,1132737,19,500.0,Not_Eligible
36,Male,Single,Professional,125380,Self-employed,17,Large,Own,24249,5,4,5676,25135,5974,8239,6240,Yes,15677,475,832737,105317,Home Appliances,1020273,36,11966.5,Not_Eligible
27,Male,Single,High School,39099,Private,15,Small,Own,10559,1,0,4477,12378,6172,8662,14188,Yes,11161,850,223579,462384,Home Appliances,403056,63,500.0,Not_Eligible
51,Male,Married,High School,196365,Private,28,Large,Rented,4294,6,2,95,5637,7571,8862,13088,No,2007,347,687763,404880,Personal Loan,232824,64,50000.0,Not_Eligible
26,Female,Single,High School,123871,Government,10,Small,Own,9656,6,3,9103,25021,11917,14432,309,No,8138,691,213616,129562,E-commerce Shopping,1227901,12,15853.249999999998,High_Risk
40,Male,Single,Post Graduate,30029,Self-employed,1,Medium,Rented,26768,5,1,13074,1308,11388,20035,7277,No,5980,540,470388,429757,Home Appliances,19091,52,500.0,Not_Eligible
26,Female,Married,High School,177883,Private,13,Medium,Family,13370,3,1,4388,1416,3014,12488,9893,No,17519,507,316150,316682,E-commerce Shopping,361860,74,40528.25,Not_Eligible
54,Male,Single,High School,30793,Self-employed,3,Small,Family,18114,1,4,11498,21429,7818,13945,8997,Yes,22463,783,838774,440274,Home Appliances,1234483,54,500.0,Not_Eligible
44,Male,Married,Professional,63106,Private,6,Medium,Rented,8149,3,3,4436,18289,9642,15656,12211,Yes,28612,640,460321,145019,Personal Loan,856270,9,500.0,Not_Eligible
52,Male,Married,Graduate,100662,Government,1,Medium,Rented,14478,1,1,8910,11402,14906,3471,1892,Yes,11159,367,366373,480748,Education,845036,44,12055.4,Not_Eligible
49,Female,Married,Graduate,147044,Self-employed,20,Large,Own,27870,3,0,11196,24905,9725,27411,9518,No,12232,669,810724,300907,E-commerce Shopping,1161950,59,8465.449999999999,High_Risk
56,Male,Single,Post Graduate,146432,Government,13,Small,Family,1123,4,3,6681,23684,7675,7851,1917,Yes,6006,370,167717,296666,Education,1335365,35,32023.249999999996,Not_Eligible
34,Female,Single,Post Graduate,148704,Government,6,Medium,Own,23577,6,4,9565,7782,12107,20702,6499,No,10746,397,125908,415740,Home Appliances,726878,56,20204.1,Not_Eligible
57,Male,Single,Graduate,182030,Government,8,Medium,Family,21005,5,2,7015,6102,5818,7974,13878,Yes,22345,463,261232,113295,Home Appliances,964427,57,34262.549999999996,Not_Eligible
37,Male,Married,Graduate,95882,Private,7,Small,Own,17872,1,0,7374,19781,14677,12175,12602,No,27644,695,301381,45371,Personal Loan,78237,11,500.0,Not_Eligible
40,Female,Married,High School,128858,Self-employed,8,Medium,Own,16648,5,0,5055,20062,14635,18818,2241,Yes,3806,374,261170,324054,Education,1314958,47,16657.55,Not_Eligible
46,Male,Married,Professional,164080,Private,6,Small,Family,15366,1,3,7658,26129,14151,24127,18357,No,5826,328,773533,140896,Education,37195,40,18363.1,Not_Eligible
44,Male,Single,High School,92656,Private,18,Small,Own,18413,1,2,10620,29716,2543,22034,12232,No,14808,814,50802,311219,Home Appliances,877643,21,500.0,Not_Eligible
51,Male,Single,Post Graduate,176355,Self-employed,16,Large,Family,6874,6,0,7002,6030,10010,6609,3978,Yes,18100,822,292720,171029,Vehicle,823504,46,41213.2,Eligible
40,Male,Single,Graduate,65908,Self-employed,25,Small,Rented,25819,1,2,14934,3002,2689,29187,1315,No,23722,372,615576,121037,Vehicle,535888,64,500.0,Not_Eligible
58,Female,Single,Post Graduate,153890,Self-employed,22,Large,Own,3766,3,4,6010,23006,6682,13786,15913,No,22887,517,863006,300108,Education,145070,15,21644.0,Not_Eligible
56,Female,Single,High School,45579,Self-employed,12,Medium,Family,8587,2,0,3681,11721,3293,10992,15458,Yes,21914,417,923552,453845,Education,64134,37,500.0,Not_Eligible
50,Male,Married,Post Graduate,70178,Private,10,Small,Family,7056,3,1,7190,2565,10664,3206,13266,Yes,13568,486,304764,304582,E-commerce Shopping,23280,51,4432.049999999999,Not_Eligible
49,Male,Single,Post Graduate,128204,Self-employed,21,Large,Own,26056,2,4,2809,2583,11393,7884,6795,No,7216,555,491213,244088,Home Appliances,1451134,43,22213.8,Not_Eligible
26,Female,Married,Professional,110373,Self-employed,17,Small,Family,8299,6,4,14699,10464,9437,6236,6548,Yes,23087,371,233597,1573,Vehicle,884176,57,11061.05,Not_Eligible
36,Male,Married,Post Graduate,147047,Self-employed,16,Medium,Own,3563,6,0,11411,10811,10006,19507,15499,Yes,17871,512,837036,329280,Personal Loan,614390,81,20432.649999999998,Not_Eligible
33,Female,Single,High School,31265,Government,27,Large,Own,24455,3,1,10805,14107,4114,17045,17783,No,738,371,376161,47794,E-commerce Shopping,682892,17,500.0,Not_Eligible
36,Male,Married,Professional,78518,Self-employed,15,Large,Rented,11098,2,2,13256,22235,9584,9020,17756,Yes,13006,561,389312,124384,Vehicle,705766,16,500.0,Not_Eligible
50,Female,Single,Post Graduate,150390,Self-employed,9,Large,Rented,29307,6,1,6035,23881,5258,23752,13734,Yes,4321,576,41308,467797,Home Appliances,394341,61,15435.699999999999,Not_Eligible
33,Female,Single,High School,135611,Private,3,Medium,Rented,7849,1,4,6126,18198,13753,18741,9448,Yes,2440,727,780522,452990,Home Appliances,606424,48,20669.6,Eligible
34,Female,Married,Graduate,181153,Government,29,Large,Own,13771,1,0,13862,3918,5607,28049,5106,Yes,9020,731,332493,186518,Home Appliances,552723,80,35637.0,Eligible
56,Female,Single,Professional,130475,Private,3,Medium,Own,29604,2,1,8696,13869,10362,19737,3203,No,7800,386,602781,341374,Vehicle,906369,30,13021.4,Not_Eligible
58,Male,Single,Post Graduate,189141,Government,21,Medium,Family,6035,2,1,14157,6511,14135,5144,13207,Yes,24663,509,272984,147214,Home Appliances,403432,61,36851.149999999994,Not_Eligible
44,Male,Married,Post Graduate,119968,Private,10,Small,Rented,15104,5,4,6128,14116,12419,17417,2682,No,13412,518,837970,184683,Personal Loan,875486,40,13541.5,Not_Eligible
26,Female,Married,Professional,126686,Private,20,Medium,Rented,28014,1,2,10457,3213,11754,11728,7922,Yes,18530,549,155019,461134,Home Appliances,58743,42,12273.8,Not_Eligible
25,Female,Married,High School,91377,Self-employed,24,Large,Family,7959,3,1,5978,3887,3193,18720,13265,Yes,11797,383,760769,461086,E-commerce Shopping,1049622,53,9302.3,Not_Eligible
60,Female,Married,Post Graduate,106671,Self-employed,7,Large,Rented,3196,5,1,14817,24141,12775,4084,2137,No,13927,318,531507,412571,Personal Loan,439511,71,11057.9,Not_Eligible
48,Female,Married,High School,158499,Government,8,Medium,Rented,17569,2,3,4060,1222,12532,4117,11767,Yes,27109,834,69841,389442,E-commerce Shopping,1476010,11,28043.05,Eligible
51,Male,Married,Professional,186323,Government,15,Medium,Rented,4131,6,4,2984,13310,8578,14219,19190,Yes,27718,679,953496,301481,E-commerce Shopping,77500,13,33667.549999999996,High_Risk
26,Female,Single,Post Graduate,117263,Government,9,Small,Family,19459,3,3,2796,5746,8411,20345,10119,No,2475,688,385133,211608,Education,426444,22,16769.2,High_Risk
55,Female,Single,Graduate,171237,Self-employed,22,Small,Rented,412,4,4,5444,19491,11535,20141,4850,Yes,15645,808,908313,328480,Education,1383405,36,32801.65,Eligible
38,Female,Single,Graduate,136359,Private,8,Large,Own,27734,4,4,4931,18897,7950,27204,14787,Yes,315,567,16538,357984,Home Appliances,221622,71,12089.349999999999,Not_Eligible
26,Female,Married,Graduate,113844,Government,2,Medium,Rented,8674,6,3,3926,29243,11553,4788,1957,No,16860,391,288477,184726,Personal Loan,1224812,35,12895.05,Not_Eligible
53,Female,Single,Professional,79927,Self-employed,24,Large,Own,11151,4,2,7956,29109,3616,4319,9685,Yes,22654,720,915140,362843,Vehicle,15885,30,500.0,Not_Eligible
39,Female,Married,Post Graduate,88170,Self-employed,1,Medium,Rented,3847,6,2,3808,21236,11716,3681,931,Yes,550,589,272832,488244,Education,1325153,55,14840.349999999999,Not_Eligible
36,Female,Single,Professional,91150,Private,8,Large,Own,8794,3,4,8680,12878,10334,28427,47,Yes,2472,379,303318,88207,Personal Loan,1013982,38,6831.299999999999,Not_Eligible
52,Male,Married,Post Graduate,39866,Private,12,Large,Rented,24358,6,3,13719,21360,11773,9090,18654,No,8072,618,228531,147876,Education,900457,43,500.0,Not_Eligible
44,Female,Single,Graduate,25282,Self-employed,5,Large,Own,1081,2,1,7311,14432,12826,20133,5767,Yes,23424,737,248858,251268,Personal Loan,1361478,32,500.0,Not_Eligible
48,Female,Married,Graduate,166391,Private,3,Medium,Own,29835,3,4,6943,27127,5569,11088,10952,No,29058,533,372512,301290,Home Appliances,1447534,29,16036.65,Not_Eligible
45,Female,Married,High School,182798,Private,27,Small,Rented,28843,5,4,10450,28014,5823,15457,4561,No,9156,609,525740,295562,E-commerce Shopping,128680,52,28172.899999999998,High_Risk
34,Male,Married,Professional,30412,Self-employed,13,Small,Family,20739,5,0,2713,16175,1587,18241,14306,No,2186,305,364420,185099,Education,152588,13,500.0,Not_Eligible
38,Male,Married,Professional,139135,Government,27,Medium,Rented,24046,4,2,12546,4983,14777,28438,13591,No,4227,690,131865,153876,E-commerce Shopping,211816,19,12784.449999999999,High_Risk
42,Male,Single,High School,135019,Government,28,Small,Family,8216,2,3,9442,10389,2189,5346,15680,No,6304,367,92097,203153,E-commerce Shopping,1425859,52,27108.55,Not_Eligible
48,Female,Single,Graduate,39583,Self-employed,10,Large,Family,8389,5,1,6118,20522,13767,20091,678,Yes,12704,824,407699,375437,Vehicle,828377,34,500.0,Not_Eligible
38,Female,Married,Graduate,76922,Government,1,Medium,Family,19010,1,1,5713,17704,14694,23351,12137,No,8748,721,807847,445728,Vehicle,1212620,25,500.0,Not_Eligible
58,Female,Married,Professional,21185,Self-employed,28,Medium,Family,8614,1,4,12152,13200,9252,5715,14286,No,19859,528,135969,215700,Home Appliances,949491,47,500.0,Not_Eligible
36,Male,Married,Post Graduate,101348,Self-employed,25,Small,Family,17525,4,1,14707,18750,11032,28495,17974,Yes,6308,665,781601,484761,Personal Loan,1335259,20,500.0,Not_Eligible
46,Female,Single,Graduate,106368,Private,2,Small,Family,23319,4,1,1414,20697,10494,16922,15436,Yes,23379,766,73014,390616,Home Appliances,1483044,24,500.0,Not_Eligible
30,Male,Married,High School,32423,Government,4,Large,Rented,10245,4,4,9183,28366,7915,14048,2518,No,22753,568,72497,264679,Personal Loan,150302,30,500.0,Not_Eligible
60,Male,Married,High School,66268,Self-employed,24,Medium,Own,17504,5,2,6231,2535,13875,28916,17950,No,17714,394,379747,163736,Vehicle,1245466,51,500.0,Not_Eligible
60,Male,Single,High School,127692,Government,6,Small,Own,12359,2,0,8591,22673,13496,10035,13412,No,12102,471,764384,166946,Home Appliances,636221,44,12258.4,Not_Eligible
46,Male,Married,Professional,187716,Government,10,Medium,Rented,4527,6,2,12596,18759,1036,10812,17951,Yes,24207,693,844901,103486,Personal Loan,555862,17,34239.799999999996,High_Risk
38,Male,Married,Professional,182858,Government,11,Large,Rented,23490,6,2,4055,26882,10349,27416,11526,Yes,6879,819,617402,119921,Vehicle,747662,22,25291.35,Eligible
40,Female,Single,Professional,110201,Self-employed,28,Large,Rented,12667,4,0,4099,18997,8918,12866,205,No,9635,766,288432,477556,Personal Loan,17565,34,14984.9,Eligible
60,Female,Married,Professional,98744,Private,10,Large,Family,26369,3,4,5292,12406,5830,11455,1805,No,20657,622,770389,9078,Home Appliances,789513,58,5225.5,High_Risk
49,Male,Married,High School,133222,Government,18,Medium,Family,6693,4,2,9759,13453,8315,3479,2120,Yes,26954,549,387816,326780,Education,419837,74,21857.149999999998,Not_Eligible
56,Female,Single,High School,103590,Self-employed,12,Medium,Own,4903,6,3,3817,20769,3959,16857,10821,No,3575,366,787908,271507,Education,1343622,55,13611.15,Not_Eligible
57,Female,Married,Professional,176549,Government,3,Medium,Rented,55,6,3,10465,26238,10612,9664,17821,Yes,10927,334,730886,71998,Home Appliances,141909,45,31768.449999999997,Not_Eligible
60,Male,Single,Professional,137942,Private,13,Medium,Own,23142,6,0,6482,224,12515,14045,14991,No,11804,680,646482,316008,E-commerce Shopping,161597,84,19158.649999999998,High_Risk
44,Male,Married,High School,149643,Government,11,Medium,Own,13414,5,3,5325,29565,14814,26594,1942,No,3369,384,706218,374901,Education,796503,24,19117.0,Not_Eligible
42,Female,Married,Professional,34576,Self-employed,26,Large,Family,2263,2,4,9317,7396,9698,20503,10997,No,20065,729,470492,355070,Education,1159239,22,500.0,Not_Eligible
27,Female,Married,Professional,134641,Government,1,Large,Family,24596,4,1,6201,2800,10806,12609,2827,Yes,19642,539,723101,114174,Education,1168795,82,19306.0,Not_Eligible
47,Female,Married,Professional,155752,Government,29,Large,Own,28274,1,4,5900,1280,10459,24003,7380,Yes,17334,601,952652,360690,E-commerce Shopping,1116508,3,21392.699999999997,High_Risk
56,Female,Married,Professional,171778,Government,7,Small,Family,22737,4,0,13461,28916,14117,27977,11093,No,19319,339,237487,164747,Vehicle,490917,53,11955.3,Not_Eligible
40,Male,Single,Graduate,130042,Private,21,Large,Family,8482,4,1,3323,15714,1972,4494,8555,No,28489,454,663385,344607,Vehicle,775963,59,20654.55,Not_Eligible
29,Female,Married,Professional,194508,Government,18,Medium,Family,15050,2,3,7646,521,14678,5699,4495,Yes,10690,447,174124,383594,E-commerce Shopping,1439791,44,47505.149999999994,Not_Eligible
28,Male,Married,High School,148846,Self-employed,12,Large,Own,18378,3,2,2603,18002,9641,18646,19281,No,26335,311,493363,323680,E-commerce Shopping,1205505,54,12586.0,Not_Eligible
45,Male,Single,High School,163044,Government,20,Small,Own,17218,4,3,11691,29834,13407,6850,259,No,12907,834,261246,377135,Home Appliances,121141,79,24807.3,Eligible
38,Female,Single,High School,160120,Government,20,Small,Own,20667,4,4,1565,28790,12572,6937,7929,Yes,21587,311,512676,291806,Home Appliances,923852,28,21025.55,Not_Eligible
55,Female,Married,High School,113908,Government,27,Small,Rented,5270,6,4,9110,24190,13921,25810,17452,No,21371,416,486617,26592,Home Appliances,1393973,65,500.0,Not_Eligible
38,Female,Single,Professional,123724,Private,0,Small,Own,14272,5,0,4619,11874,1211,7628,12126,No,29953,407,539388,7421,Vehicle,1021673,63,14714.349999999999,Not_Eligible
30,Male,Married,Graduate,95225,Self-employed,28,Small,Family,14526,2,2,12813,17985,3331,18231,4993,Yes,13959,338,474515,286071,Personal Loan,397581,64,3285.45,Not_Eligible
36,Male,Single,Post Graduate,97273,Government,4,Medium,Own,14742,5,2,1315,2306,4601,27521,16221,Yes,10353,347,22812,173242,Education,641631,69,7074.9,Not_Eligible
40,Male,Single,Post Graduate,141170,Self-employed,21,Large,Rented,20693,6,1,7367,7822,7420,9905,7707,No,19071,646,779183,316691,Home Appliances,1385755,63,21414.75,High_Risk
41,Male,Married,Post Graduate,113737,Self-employed,25,Medium,Family,10106,4,1,4119,12858,10256,6148,7496,Yes,15448,777,292773,113256,Education,897140,48,16557.1,Eligible
47,Female,Single,Post Graduate,111537,Private,25,Medium,Own,10793,4,4,1654,28403,2446,27296,6458,Yes,19082,846,484528,385892,E-commerce Shopping,81623,51,5391.75,High_Risk
38,Male,Married,High School,72602,Self-employed,26,Small,Own,1501,1,0,3458,14184,4016,11901,17826,Yes,11799,317,503510,6948,Vehicle,1088854,26,2770.95,Not_Eligible
31,Male,Single,Professional,81403,Government,10,Large,Family,15295,5,4,9805,25791,2532,16566,228,Yes,921,426,504426,378407,Home Appliances,1129992,48,3592.7499999999995,Not_Eligible
56,Female,Single,Professional,42182,Private,10,Large,Own,15553,6,2,241,942,3953,25171,4845,Yes,21026,631,720054,213110,Personal Loan,1254441,59,500.0,Not_Eligible
39,Male,Single,Post Graduate,94876,Private,12,Large,Rented,11513,2,2,4298,3931,2833,4939,1970,No,4071,301,126563,365500,Vehicle,220146,74,21462.35,Not_Eligible
41,Male,Married,Post Graduate,62059,Self-employed,1,Small,Family,21072,4,4,4332,9345,7596,12171,7952,No,20100,352,194699,108087,E-commerce Shopping,719520,16,500.0,Not_Eligible
58,Female,Married,Graduate,154859,Private,18,Medium,Own,4136,1,2,9142,26781,8482,28000,12413,Yes,10126,359,6947,374541,Education,55437,4,19522.649999999998,Not_Eligible
29,Male,Single,Graduate,15393,Self-employed,15,Large,Family,14705,1,1,3069,3749,6749,8123,4227,Yes,8809,846,153061,388259,Vehicle,1193622,8,500.0,Not_Eligible
51,Male,Married,Graduate,76775,Self-employed,25,Medium,Own,16403,3,2,8485,24836,3407,23563,18109,No,19213,596,470327,203,Education,1189080,78,500.0,Not_Eligible
47,Male,Married,High School,158128,Private,4,Large,Own,17416,2,1,13398,24965,4305,17549,9808,No,10660,576,243904,474457,Home Appliances,860537,63,21009.449999999997,Not_Eligible
38,Male,Married,Professional,191029,Government,13,Large,Family,9016,1,3,4305,4740,6162,3791,10089,No,1809,762,564992,63521,E-commerce Shopping,802521,38,50000.0,Eligible
39,Female,Single,High School,174501,Self-employed,28,Large,Own,13947,2,0,8979,16373,14539,17315,16071,Yes,971,559,791418,461317,Personal Loan,1181519,70,30207.1,Not_Eligible
57,Male,Married,High School,60909,Private,18,Large,Own,19658,4,0,1632,15883,9065,24136,10323,No,1986,431,986233,164397,Vehicle,886396,32,500.0,Not_Eligible
55,Female,Single,Professional,67906,Private,4,Small,Family,11853,3,2,3073,12419,13933,14140,18866,No,26215,535,485783,472780,Education,784268,50,500.0,Not_Eligible
59,Male,Single,Graduate,112435,Self-employed,20,Small,Own,28369,6,0,4070,16791,2356,23536,5285,Yes,8365,354,452327,36470,E-commerce Shopping,838278,18,8282.05,Not_Eligible
41,Female,Single,Professional,101290,Self-employed,23,Medium,Own,14353,2,3,2276,18427,8659,21019,17834,Yes,16963,382,738067,256405,E-commerce Shopping,1182217,66,615.65,Not_Eligible
52,Female,Single,Post Graduate,59389,Self-employed,25,Small,Family,747,6,2,12697,5272,3253,12160,6191,No,28149,809,673139,237922,Home Appliances,1273077,10,500.0,Not_Eligible
43,Female,Single,Graduate,35905,Self-employed,8,Large,Rented,28657,3,1,11506,14617,13189,7496,5941,Yes,5688,587,525502,85074,Vehicle,148292,37,500.0,Not_Eligible
47,Male,Married,Professional,199802,Government,23,Medium,Rented,10558,6,3,13250,8758,11328,3951,17639,Yes,23079,679,765739,145380,Home Appliances,1005469,26,38933.649999999994,High_Risk
56,Male,Married,High School,72557,Government,11,Medium,Rented,16071,2,3,9683,15103,10127,18879,400,Yes,16857,613,563990,83094,Home Appliances,780084,33,500.0,Not_Eligible
37,Male,Single,Professional,131814,Government,15,Medium,Rented,7004,6,0,12745,22141,2122,9079,14002,No,13524,756,24090,51313,Home Appliances,672028,36,17918.949999999997,Eligible
44,Female,Married,Graduate,193373,Government,18,Large,Rented,17351,2,1,2601,14381,14348,18300,5639,No,5519,490,920601,26175,E-commerce Shopping,170327,7,40331.899999999994,Not_Eligible
59,Male,Married,Post Graduate,99752,Private,14,Large,Rented,15641,5,4,10452,12973,7517,19905,10174,No,14959,516,923233,41567,Education,746744,16,2845.85,Not_Eligible
29,Male,Married,High School,193331,Self-employed,16,Medium,Family,3547,3,3,10023,11562,8558,25449,13679,No,20285,544,670546,5291,Education,760387,39,35079.799999999996,Not_Eligible
33,Male,Married,Post Graduate,19574,Private,29,Small,Family,28923,2,0,14216,1979,2509,16947,15981,No,2326,331,702309,8202,Personal Loan,93913,83,500.0,Not_Eligible
53,Male,Married,Post Graduate,103291,Private,14,Large,Family,29011,5,3,8577,26528,9902,21358,10167,No,215,560,673571,452163,Personal Loan,339376,22,500.0,Not_Eligible
30,Female,Married,High School,111777,Government,2,Large,Own,19182,5,1,13723,22548,1993,9413,11845,Yes,22523,456,391999,57660,Education,829556,67,3692.4999999999995,Not_Eligible
49,Female,Married,Professional,39737,Private,16,Small,Rented,3015,3,1,7682,26582,14667,4882,3464,No,4605,434,781342,232011,Home Appliances,201299,18,500.0,Not_Eligible
55,Male,Single,Professional,38390,Government,12,Medium,Rented,22989,4,2,527,20222,1054,15804,18798,No,4690,565,775510,20023,E-commerce Shopping,1328272,13,500.0,Not_Eligible
46,Male,Single,Post Graduate,106612,Self-employed,26,Small,Family,18188,3,4,1411,7140,10832,24845,11374,No,15578,694,971666,348850,Home Appliances,548834,70,6035.4,High_Risk
26,Male,Single,Professional,67330,Government,8,Large,Own,27254,2,4,11542,13476,7729,25667,1087,Yes,6247,352,863538,348222,Home Appliances,745703,46,500.0,Not_Eligible
29,Female,Married,Graduate,86082,Self-employed,27,Medium,Own,2023,4,0,5085,2315,11553,8097,3874,Yes,23518,611,896732,490726,Home Appliances,346060,63,10365.949999999999,High_Risk
51,Male,Married,Post Graduate,199714,Government,12,Medium,Family,8592,3,4,4197,8292,4175,9407,10739,No,3122,339,831239,65309,Vehicle,360389,33,50000.0,Not_Eligible
49,Female,Single,Post Graduate,167352,Private,15,Small,Rented,26994,3,1,13900,4756,2756,7544,19544,Yes,8960,485,490676,446473,Vehicle,91141,71,29014.3,Not_Eligible
32,Female,Married,Post Graduate,36037,Private,18,Large,Own,20816,3,4,389,6796,7159,10394,6499,Yes,25676,546,664494,225778,Home Appliances,922238,79,500.0,Not_Eligible
25,Male,Married,Graduate,131668,Government,13,Large,Rented,26499,3,0,9417,14314,6528,6131,9584,No,29100,710,413542,265175,Personal Loan,722010,63,10533.25,Eligible
44,Male,Single,Post Graduate,134229,Self-employed,7,Medium,Own,25944,4,3,3638,11636,7172,14343,9707,Yes,15363,686,275926,338838,Personal Loan,698631,11,16249.099999999999,High_Risk
47,Male,Single,Professional,186648,Self-employed,21,Large,Rented,10512,2,4,3792,32,9967,24558,2693,Yes,1112,526,325976,144896,Education,885600,52,46893.7,Not_Eligible
56,Female,Single,Professional,174636,Government,18,Medium,Own,3324,5,4,13703,20715,7099,7095,2903,No,23177,722,878432,341551,E-commerce Shopping,567295,20,33817.0,Eligible
35,Female,Married,Professional,111342,Private,24,Medium,Rented,23547,3,1,840,14533,9547,13845,6051,Yes,4857,833,532511,380803,Vehicle,100107,17,13342.699999999999,Eligible
48,Male,Married,Professional,104928,Self-employed,23,Medium,Rented,18261,5,1,9569,29178,12642,13666,14353,Yes,14698,508,968578,259958,Home Appliances,574519,26,500.0,Not_Eligible
35,Female,Married,Post Graduate,43087,Government,2,Large,Rented,10879,5,3,5712,23274,11934,14816,12655,No,2077,775,811179,80027,Vehicle,441097,49,500.0,Not_Eligible
53,Male,Single,Graduate,124844,Self-employed,22,Small,Family,25973,5,2,14067,8523,1563,28097,220,No,24461,744,64232,452779,Education,219954,73,7678.999999999999,High_Risk
50,Male,Single,High School,27803,Private,20,Medium,Rented,3675,3,4,234,19900,3394,23705,6416,Yes,18143,721,427763,479468,Personal Loan,1335991,75,500.0,Not_Eligible
40,Female,Married,Professional,192074,Self-employed,17,Small,Rented,23345,3,1,113,20965,3892,9259,3012,Yes,21661,624,224651,99444,Personal Loan,926814,82,38439.45,High_Risk
59,Female,Single,High School,81761,Government,15,Small,Own,10111,6,2,6079,4215,14209,16258,7544,No,8708,641,513517,151362,E-commerce Shopping,852442,36,5122.95,High_Risk
44,Female,Single,High School,143574,Self-employed,13,Small,Own,16389,3,4,3138,16541,2526,8459,5366,Yes,6636,572,265791,254191,E-commerce Shopping,728988,25,29581.649999999998,Not_Eligible
27,Female,Married,Post Graduate,93579,Self-employed,15,Small,Family,5533,3,4,808,27684,5120,8226,15749,Yes,22798,630,747282,149889,Education,1402790,22,2681.35,Not_Eligible
25,Male,Single,Professional,162235,Private,23,Small,Own,25161,1,2,5159,21329,5187,25022,4268,Yes,11664,769,968156,198248,E-commerce Shopping,90433,47,22555.75,Eligible
25,Male,Single,Professional,197957,Private,16,Medium,Rented,9713,2,1,7900,26767,11568,26060,17019,Yes,12335,727,371232,127545,Education,553183,38,30308.249999999996,Eligible
41,Male,Single,Professional,51764,Private,19,Large,Family,5175,1,3,10342,20012,7008,10931,11055,No,5472,599,967297,323333,Vehicle,1133436,48,500.0,Not_Eligible
26,Female,Married,High School,62055,Private,10,Small,Family,3878,6,4,410,20166,10753,25858,2737,No,1739,793,609721,32937,Home Appliances,1403203,11,500.0,Not_Eligible
53,Male,Married,Professional,66599,Government,12,Large,Family,19853,4,0,1318,20205,4019,15388,13623,No,18712,533,525539,329488,Personal Loan,477297,16,500.0,Not_Eligible
44,Female,Single,Professional,97787,Self-employed,10,Large,Rented,9013,1,0,12278,19072,5697,16526,2696,Yes,13811,482,369401,303524,Home Appliances,99971,45,6542.9,Not_Eligible
30,Female,Married,Graduate,54720,Self-employed,27,Medium,Rented,20717,1,0,5684,25268,6806,24035,9691,Yes,8466,390,925115,141227,Vehicle,719351,79,500.0,Not_Eligible
32,Female,Married,Post Graduate,108120,Self-employed,28,Small,Own,23017,1,3,4903,25627,13629,27798,11453,No,25658,408,232589,492566,E-commerce Shopping,1082988,63,500.0,Not_Eligible
53,Male,Married,Professional,190556,Self-employed,3,Large,Own,3093,2,4,9779,5044,3944,24713,1656,Yes,10420,804,839861,338215,Personal Loan,1248554,83,46167.45,Eligible
57,Female,Single,Professional,142976,Government,28,Large,Own,14776,5,1,9252,28459,14759,18703,19742,No,4566,312,980557,445652,E-commerce Shopping,1492405,24,11451.65,Not_Eligible
27,Female,Married,Post Graduate,129067,Private,25,Small,Family,11304,4,1,66,11114,7539,29325,6464,No,678,760,94813,405163,Home Appliances,614748,7,21901.949999999997,Eligible
59,Female,Single,Post Graduate,184924,Self-employed,13,Medium,Rented,17241,4,3,6546,7846,4991,10972,1896,Yes,894,478,236182,52382,E-commerce Shopping,233042,61,47088.299999999996,Not_Eligible
29,Female,Single,High School,28219,Self-employed,4,Medium,Own,26881,2,4,13985,5385,9733,21859,2108,Yes,28420,481,137725,489035,Education,561014,34,500.0,Not_Eligible
51,Female,Married,High School,123508,Private,3,Small,Rented,7618,6,2,2253,2098,11765,22520,9353,No,26023,777,825668,157916,Home Appliances,282741,78,14657.3,Eligible
36,Female,Single,High School,105351,Private,0,Large,Family,7977,1,2,8532,18540,8669,14517,125,Yes,23764,396,971944,231657,E-commerce Shopping,1112650,37,8129.45,Not_Eligible
44,Female,Married,Post Graduate,63865,Self-employed,13,Medium,Rented,2550,5,4,8187,5454,14718,28457,3775,No,14265,508,858372,391035,Home Appliances,776799,6,500.0,Not_Eligible
44,Female,Married,Graduate,69457,Private,6,Medium,Rented,26762,3,4,5953,24709,2153,26045,11477,Yes,8291,724,318739,62348,E-commerce Shopping,612782,83,500.0,Not_Eligible
33,Female,Single,Professional,105159,Self-employed,9,Large,Family,1225,2,1,12169,20134,12781,5341,18624,No,28549,343,369830,467417,E-commerce Shopping,68965,84,2217.6,Not_Eligible
28,Female,Single,Post Graduate,182889,Self-employed,26,Large,Own,16011,6,3,13363,2127,10938,3220,16972,Yes,6162,771,249706,152032,Home Appliances,617106,49,39933.6,Eligible
43,Female,Married,Graduate,108391,Self-employed,1,Large,Rented,27132,5,3,10665,29678,2172,25954,19478,Yes,20291,435,990633,128097,Vehicle,1061460,75,500.0,Not_Eligible
51,Female,Married,Post Graduate,198452,Self-employed,9,Large,Rented,8845,6,1,955,2385,10491,21744,6526,Yes,29207,840,443303,30483,Home Appliances,820178,80,41404.649999999994,Eligible
37,Male,Married,Graduate,65400,Self-employed,2,Small,Family,7453,2,0,4304,12719,4732,8834,3227,No,14425,841,723358,11950,Personal Loan,226398,56,3397.1,Not_Eligible
37,Male,Married,Post Graduate,51258,Self-employed,20,Large,Rented,23784,2,2,5633,16024,8719,8583,9308,No,6633,547,584173,365321,Personal Loan,609777,62,500.0,Not_Eligible
46,Female,Single,Post Graduate,195029,Private,7,Medium,Rented,9531,3,4,2010,21984,4267,15869,9017,Yes,5778,519,999884,141504,Vehicle,1471914,53,44300.549999999996,Not_Eligible
52,Female,Single,Graduate,126466,Government,9,Large,Rented,4556,6,2,6819,23415,5504,6648,18087,Yes,5434,745,66991,187187,E-commerce Shopping,1218908,15,19601.05,Eligible
46,Female,Single,Graduate,164353,Government,7,Large,Family,2717,5,2,1888,23840,14170,3251,15786,Yes,5436,443,500553,266558,Home Appliances,72461,37,34042.75,Not_Eligible
43,Male,Married,Graduate,92264,Self-employed,13,Small,Rented,3392,6,3,368,7762,6755,9838,12135,Yes,8223,373,28930,390812,E-commerce Shopping,817905,18,15326.849999999999,Not_Eligible
32,Male,Single,Graduate,197403,Private,17,Small,Family,24538,6,1,1762,20581,1070,8231,17889,No,23401,328,716710,117173,E-commerce Shopping,742305,70,34975.85,Not_Eligible
32,Male,Single,Graduate,191752,Self-employed,8,Large,Own,13486,1,0,993,4426,2222,4787,7032,Yes,17964,420,493843,213629,Personal Loan,691993,5,49294.7,Not_Eligible
50,Female,Single,Graduate,184795,Private,21,Small,Rented,9254,6,0,8273,29047,5640,18650,18628,Yes,2466,314,381678,241749,Home Appliances,993491,64,32492.949999999997,Not_Eligible
50,Female,Single,Graduate,156234,Self-employed,8,Small,Family,6122,5,1,1187,18662,5914,3279,10430,No,19893,519,364405,105009,Education,1418639,81,31761.449999999997,Not_Eligible
47,Female,Married,Graduate,123877,Self-employed,29,Small,Family,20912,5,2,376,1474,1601,23773,19519,Yes,29415,606,517297,497216,Personal Loan,1471697,33,9382.449999999999,High_Risk
37,Female,Single,Post Graduate,197167,Government,3,Small,Rented,10724,1,1,2,13051,2488,8634,6085,Yes,17385,771,244507,163079,E-commerce Shopping,713133,3,48579.299999999996,Eligible
52,Male,Single,Graduate,26338,Private,2,Large,Family,9800,3,1,683,5989,12353,15466,14986,Yes,11393,648,96405,289016,E-commerce Shopping,1355971,64,500.0,Not_Eligible
33,Female,Single,Graduate,26675,Private,13,Small,Own,17465,5,4,11381,7488,5980,29812,12781,No,4832,301,755410,62216,Education,342797,3,500.0,Not_Eligible
44,Male,Single,Post Graduate,104606,Government,13,Small,Own,6639,6,4,3727,29095,12086,9311,14998,Yes,11209,331,319043,77846,E-commerce Shopping,349256,35,6139.349999999999,Not_Eligible
43,Male,Married,Post Graduate,35080,Government,20,Medium,Own,23402,6,2,763,9240,2811,21485,14595,Yes,10028,609,305510,301819,Vehicle,932285,44,500.0,Not_Eligible
36,Female,Married,High School,28936,Government,15,Large,Own,22489,1,3,8457,16799,6830,6649,7942,No,8864,564,920058,383187,Education,281166,67,500.0,Not_Eligible
39,Male,Single,High School,25019,Government,4,Small,Family,27224,2,0,2482,28973,14239,29226,16560,No,24342,574,895080,183201,E-commerce Shopping,326331,18,500.0,Not_Eligible
55,Male,Married,Graduate,195753,Private,19,Medium,Family,13445,2,4,10921,29795,6687,13555,17552,Yes,16097,653,477665,124431,Personal Loan,1449300,39,30695.35,High_Risk
38,Male,Married,Graduate,103304,Private,28,Small,Own,4750,1,2,724,5507,10964,9869,16970,No,21496,741,524681,404726,Personal Loan,29917,54,11558.4,Eligible
35,Male,Married,High School,19486,Government,22,Large,Own,13820,2,1,2840,18550,1000,18789,16438,No,7785,696,523558,47061,Vehicle,838284,37,500.0,Not_Eligible
50,Female,Married,High School,97021,Self-employed,23,Medium,Own,2654,5,4,5346,5782,14478,8741,6777,No,26531,456,563114,456188,Education,1325846,74,9349.199999999999,Not_Eligible
51,Female,Single,Professional,133411,Self-employed,14,Medium,Own,16539,1,1,2423,13903,5644,13422,8327,Yes,23517,493,539554,144621,Education,673314,49,17372.6,Not_Eligible
35,Male,Married,Professional,165184,Self-employed,20,Large,Own,20680,6,1,5381,18762,6905,3023,5142,Yes,15334,806,26124,393917,E-commerce Shopping,997410,4,31484.949999999997,Eligible
58,Female,Married,Graduate,66697,Self-employed,30,Medium,Family,3069,5,4,10605,25237,14255,26645,8729,No,4676,373,802770,281599,E-commerce Shopping,1070944,46,500.0,Not_Eligible
43,Male,Single,Professional,70998,Private,8,Medium,Own,18347,4,2,13054,12646,6361,11447,10401,No,24532,586,612154,8918,Home Appliances,657599,55,500.0,Not_Eligible
30,Female,Single,High School,124537,Private,6,Small,Own,20978,3,0,2475,7293,3181,28813,7927,Yes,20687,724,13934,330304,Vehicle,1283063,84,11614.05,Eligible
52,Female,Single,Graduate,112816,Private,12,Medium,Rented,13713,6,2,5127,16672,12515,23326,18591,Yes,21702,683,888291,8141,Education,1236936,76,500.0,Not_Eligible
25,Female,Single,Post Graduate,41576,Self-employed,28,Large,Family,7663,6,3,6049,2600,5964,14759,2565,Yes,7816,842,446743,308915,E-commerce Shopping,1455268,12,500.0,Not_Eligible
59,Female,Married,Post Graduate,196172,Government,22,Small,Own,6303,3,3,9256,18109,11969,4063,18112,Yes,11507,312,327471,68208,Education,1398138,47,40898.549999999996,Not_Eligible
32,Female,Single,High School,123064,Self-employed,7,Medium,Family,25810,3,0,5997,14332,6191,28370,15025,No,28536,370,386273,19493,Vehicle,81424,78,500.0,Not_Eligible
31,Male,Married,Professional,96238,Private,11,Small,Rented,6142,1,3,7424,6053,5616,12678,707,No,15720,350,702687,476025,Personal Loan,530861,60,14664.3,Not_Eligible
35,Female,Married,Post Graduate,167392,Self-employed,3,Large,Rented,9668,4,1,6786,25150,10100,21867,17624,Yes,28650,740,957515,12199,Vehicle,230861,26,16641.45,Eligible
28,Male,Single,Professional,140885,Government,15,Medium,Own,3755,3,3,6707,716,2922,27100,4359,Yes,26160,581,790867,440689,Education,390851,24,24208.1,Not_Eligible
49,Male,Single,Post Graduate,80729,Government,25,Large,Own,15429,5,4,13413,19796,2986,24493,17959,No,24601,443,572505,189191,E-commerce Shopping,1145898,43,500.0,Not_Eligible
36,Female,Married,Professional,105853,Self-employed,28,Large,Own,830,6,1,5338,5323,8814,17027,19373,Yes,23775,571,694782,282399,Education,678482,7,8880.55,Not_Eligible
50,Male,Married,Post Graduate,136992,Private,28,Medium,Own,29643,3,2,2291,28598,5042,4234,12749,No,5610,781,982869,116263,Home Appliances,1481987,6,17088.75,Eligible
36,Female,Single,Post Graduate,44144,Private,5,Medium,Rented,13625,4,0,11084,13490,11029,10626,6143,Yes,7450,737,320216,468673,Vehicle,536964,84,500.0,Not_Eligible
48,Male,Single,Graduate,140143,Private,4,Small,Family,6574,5,4,5034,18777,12833,13186,12601,Yes,29182,646,279344,455087,Home Appliances,857875,61,14684.599999999999,High_Risk
40,Male,Single,Graduate,92148,Self-employed,0,Large,Own,13693,5,4,4398,20464,7939,13525,12418,Yes,6312,351,892311,290060,Education,308412,24,4689.65,Not_Eligible
37,Female,Married,High School,34307,Private,30,Medium,Family,6121,1,0,4465,11254,1500,5291,6222,No,13650,754,826876,264314,Education,477640,62,500.0,Not_Eligible
49,Female,Married,Post Graduate,75598,Self-employed,13,Large,Own,28304,1,3,4946,17396,11014,28337,568,No,15303,805,805041,154650,Home Appliances,351376,72,500.0,Not_Eligible
28,Female,Single,Professional,165695,Private,28,Medium,Own,15526,2,0,10514,22632,10523,23622,17826,No,18404,665,744731,18093,E-commerce Shopping,661488,13,16326.8,High_Risk
35,Female,Married,Post Graduate,166321,Government,8,Large,Rented,22458,4,0,14405,2360,13538,21168,946,No,8402,413,820293,59974,E-commerce Shopping,245563,48,29065.399999999998,Not_Eligible
56,Male,Single,Professional,106810,Government,17,Small,Own,1342,5,3,8238,26709,12144,27895,12236,Yes,3178,752,944379,237570,Vehicle,993910,43,5273.799999999999,High_Risk
31,Female,Married,Professional,117870,Private,5,Large,Own,10356,4,2,10356,1946,10818,16686,8243,Yes,25430,754,447474,13140,Home Appliances,1011475,9,11912.25,Eligible
35,Male,Married,Post Graduate,87131,Self-employed,14,Medium,Own,10936,3,0,3661,3512,2227,6992,13231,No,25409,795,601411,56636,Vehicle,14529,26,7407.049999999999,High_Risk
52,Male,Single,Professional,109138,Private,30,Small,Rented,24063,6,3,2564,8118,3055,23912,11851,No,316,645,661768,324679,Vehicle,921228,10,12340.65,High_Risk
47,Male,Single,High School,184449,Self-employed,15,Small,Family,12490,3,4,3325,21983,3155,23034,15974,No,4417,488,953751,462784,Personal Loan,1472067,14,35024.85,Not_Eligible
47,Male,Single,Graduate,198437,Government,7,Medium,Rented,23713,6,0,4927,1351,11069,15409,13815,Yes,15564,507,909579,217232,Vehicle,776474,12,39406.149999999994,Not_Eligible
52,Male,Married,Professional,118412,Self-employed,18,Small,Own,1844,2,0,10858,15610,13253,10402,12426,Yes,12511,783,354493,236953,Vehicle,324498,13,14527.8,Eligible
50,Male,Married,Post Graduate,49551,Private,4,Large,Own,13249,5,2,755,14817,12056,5779,15957,No,8088,368,45927,66844,Personal Loan,974369,22,500.0,Not_Eligible
49,Female,Single,Graduate,57926,Government,13,Large,Own,16845,6,2,11436,27473,3570,18109,233,No,2666,368,224847,108615,Vehicle,898093,46,500.0,Not_Eligible
53,Male,Married,High School,105214,Self-employed,6,Medium,Family,19375,5,4,1452,19459,10588,16037,12575,No,17469,351,792649,141221,Vehicle,661728,25,2890.6499999999996,Not_Eligible
43,Male,Single,Professional,102750,Self-employed,3,Large,Family,23227,6,2,6179,20288,5481,22999,14364,Yes,13324,444,371317,449714,Vehicle,1146301,24,500.0,Not_Eligible
57,Male,Married,Professional,53599,Government,29,Medium,Own,26154,2,4,904,27831,13470,25730,9321,Yes,24029,788,536095,5162,Home Appliances,1105389,47,500.0,Not_Eligible
60,Female,Single,Graduate,124490,Private,27,Small,Own,200,3,0,2454,24244,8476,4996,18935,Yes,23634,329,394928,206023,Personal Loan,465136,24,14542.849999999999,Not_Eligible
38,Female,Married,Professional,108330,Government,20,Large,Family,16899,5,3,3487,10539,3969,12488,16999,No,3863,734,553926,355079,E-commerce Shopping,840608,41,14030.099999999999,Eligible
38,Male,Married,Post Graduate,37593,Private,0,Medium,Rented,5871,6,2,4060,16911,14490,14437,1924,Yes,23925,844,557759,422296,Vehicle,92086,43,500.0,Not_Eligible
59,Female,Married,Graduate,124865,Private,3,Large,Rented,13517,4,4,5804,10845,8885,29861,14988,Yes,11244,661,490869,146665,Home Appliances,1342303,58,10402.349999999999,High_Risk
54,Male,Married,Graduate,188708,Self-employed,29,Small,Family,21834,5,2,14747,14102,6110,27419,3928,Yes,21344,548,892053,373097,Home Appliances,428080,69,27728.399999999998,Not_Eligible
52,Female,Single,Professional,186435,Private,13,Small,Family,21223,6,2,14823,11166,6723,25493,18729,Yes,4026,336,303932,488949,Home Appliances,1460862,37,29488.199999999997,Not_Eligible
41,Male,Married,High School,147192,Private,22,Large,Own,29546,6,1,11955,13467,4589,17797,4889,No,8780,314,315909,136315,Personal Loan,329041,18,19659.149999999998,Not_Eligible
27,Female,Single,High School,162563,Government,15,Small,Family,22874,3,0,8970,15793,11083,19493,2772,Yes,6238,744,374835,158006,Personal Loan,582887,20,26369.0,Eligible
40,Female,Single,High School,58638,Government,27,Medium,Family,26972,5,2,1790,13668,6131,3411,918,Yes,8869,392,940594,288940,Education,857523,15,500.0,Not_Eligible
54,Female,Single,High School,185134,Private,25,Large,Own,19615,5,3,14226,22031,2273,19454,15275,No,24071,536,943869,207322,Vehicle,1192978,24,23866.149999999998,Not_Eligible
53,Male,Single,Graduate,20193,Self-employed,6,Large,Family,3696,1,1,13119,21544,8544,23111,5195,Yes,18233,363,996871,210133,E-commerce Shopping,325239,11,500.0,Not_Eligible
39,Male,Married,Graduate,30213,Government,9,Small,Own,9467,6,4,7488,27272,11437,3717,15923,No,12957,603,962066,6978,E-commerce Shopping,272303,72,500.0,Not_Eligible
49,Male,Single,Professional,94766,Self-employed,9,Medium,Rented,19677,5,4,13384,9473,4710,24860,4855,No,15327,525,539675,334648,Education,741277,11,868.0,Not_Eligible
47,Female,Married,High School,163259,Government,3,Large,Rented,23385,6,3,7736,5485,14759,13480,13113,Yes,17693,602,112256,359984,E-commerce Shopping,810165,20,23662.8,High_Risk
49,Female,Married,High School,156112,Government,11,Large,Rented,18013,2,3,1601,29226,9228,14866,16088,Yes,17974,491,356310,451637,Vehicle,1054458,66,17190.6,Not_Eligible
31,Male,Married,Professional,44949,Private,5,Small,Own,20402,2,0,12931,29761,3940,26197,15179,Yes,11437,622,170083,384942,E-commerce Shopping,1206004,40,500.0,Not_Eligible
46,Female,Married,Professional,149599,Government,12,Small,Rented,4489,4,3,12700,14175,1420,20102,16657,No,28837,572,249116,392895,Vehicle,1482173,53,17926.649999999998,Not_Eligible
41,Male,Single,Professional,117433,Government,20,Medium,Rented,23947,5,4,3843,3279,4079,10736,2345,No,15632,734,253918,423408,Personal Loan,193769,60,18750.199999999997,Eligible
42,Male,Married,Post Graduate,164829,Self-employed,0,Medium,Own,2016,4,0,6267,23794,13407,27119,19457,No,7521,726,159440,430615,Personal Loan,729031,24,22836.8,Eligible
34,Male,Single,Professional,40412,Government,7,Small,Own,29649,3,3,3675,23116,5839,27702,10528,No,27172,425,23835,227901,Vehicle,1470176,58,500.0,Not_Eligible
34,Male,Married,Professional,160384,Government,27,Medium,Rented,8358,6,3,12049,20400,13000,28001,3757,Yes,14134,503,844796,91936,Vehicle,1340770,31,21239.75,Not_Eligible
31,Female,Married,Post Graduate,168191,Self-employed,22,Small,Rented,975,3,4,1005,13018,3419,18889,5690,Yes,25971,783,777597,334434,Personal Loan,913242,57,34728.399999999994,Eligible
51,Female,Single,High School,157876,Private,30,Large,Rented,20931,1,0,10892,15740,3280,26626,4792,No,3973,838,782872,217895,Vehicle,985622,82,25074.699999999997,Eligible
57,Female,Married,Graduate,61545,Private,15,Small,Family,7305,1,1,231,11486,14741,21709,14526,Yes,6593,389,770545,20636,Education,956572,6,500.0,Not_Eligible
25,Male,Married,High School,91519,Government,4,Small,Own,17243,5,1,11845,20320,3334,5435,2888,No,17220,339,406342,334855,Personal Loan,1100162,38,4631.9,Not_Eligible
58,Female,Married,Graduate,176071,Government,28,Small,Own,20328,5,0,6576,1044,9929,22202,19102,Yes,9257,459,932310,104906,E-commerce Shopping,88959,76,30671.55,Not_Eligible
28,Male,Married,Graduate,111093,Self-employed,25,Large,Own,209,4,3,4586,14482,2418,17268,13990,No,21758,399,773747,132367,Personal Loan,74219,34,12733.699999999999,Not_Eligible
41,Male,Married,Professional,185830,Private,25,Medium,Own,13055,4,3,13998,3439,14731,19919,8788,No,23506,807,787212,83834,E-commerce Shopping,1420318,16,30937.899999999998,Eligible
28,Male,Single,Professional,109324,Private,6,Medium,Rented,9800,5,0,2133,16696,5547,25835,15381,No,20544,600,126005,4512,E-commerce Shopping,1033072,20,4685.799999999999,Not_Eligible
50,Male,Married,Post Graduate,18768,Private,30,Medium,Own,213,5,1,12028,15948,7800,10746,15490,Yes,3045,543,733169,465215,Education,637103,69,500.0,Not_Eligible
28,Male,Married,High School,16504,Self-employed,25,Small,Family,22281,1,2,1690,8507,3041,13526,16159,Yes,23000,635,660155,345342,Personal Loan,685592,72,500.0,Not_Eligible
25,Male,Single,High School,82986,Self-employed,2,Small,Family,28007,1,4,1223,10642,10977,8172,18623,No,4431,805,341992,458378,Personal Loan,614754,84,500.0,Not_Eligible
31,Female,Married,Graduate,131721,Self-employed,23,Medium,Rented,5782,1,0,4970,1890,14583,13684,3844,No,12253,679,699749,345244,Education,1054429,11,26150.25,High_Risk
54,Female,Single,Professional,23002,Government,20,Large,Rented,7402,5,2,2203,13759,14597,28720,9027,No,29277,848,615127,496944,Personal Loan,1039387,28,500.0,Not_Eligible
33,Female,Married,Professional,90427,Private,1,Large,Own,25548,4,4,9089,28194,10254,12913,6386,Yes,13321,442,783787,175212,E-commerce Shopping,638671,50,500.0,Not_Eligible
59,Female,Married,High School,53787,Government,1,Large,Rented,28375,2,2,14867,20605,14867,22874,4773,No,1959,630,378608,161879,Vehicle,644711,21,500.0,Not_Eligible
32,Male,Single,Post Graduate,28898,Government,19,Large,Rented,303,2,2,7882,12192,4568,6870,9183,Yes,18099,799,990648,305857,Education,478948,72,500.0,Not_Eligible
48,Male,Married,Professional,156544,Self-employed,22,Small,Rented,23660,4,4,10061,23362,14252,19312,15944,Yes,13079,564,743725,83972,Education,753563,4,12905.9,Not_Eligible
43,Female,Married,Post Graduate,95800,Private,29,Medium,Family,23384,4,2,8343,25071,14799,21163,4915,No,23482,381,729695,449239,Vehicle,264572,30,500.0,Not_Eligible
60,Female,Single,High School,124023,Government,9,Large,Own,26411,4,1,1351,25556,1371,22531,14343,Yes,24596,436,770528,173492,E-commerce Shopping,953140,80,2752.3999999999996,Not_Eligible
51,Female,Single,High School,178704,Private,19,Small,Rented,24558,1,0,171,21223,11788,3905,5559,No,26803,340,807202,427563,Vehicle,152468,70,29643.949999999997,Not_Eligible
56,Female,Married,Post Graduate,141718,Government,8,Small,Own,17244,3,1,5524,21179,10194,5131,1633,No,2406,335,211148,292078,Personal Loan,22296,55,27442.449999999997,Not_Eligible
38,Female,Single,Professional,48743,Self-employed,17,Small,Own,20431,5,1,1429,2028,8577,14115,4681,Yes,7246,332,705337,193670,Vehicle,956360,44,500.0,Not_Eligible
42,Female,Married,High School,189458,Government,5,Medium,Own,18239,1,4,8008,26668,6375,13039,15863,Yes,132,737,59128,357342,Education,443299,32,35396.899999999994,Eligible
52,Female,Single,Graduate,145864,Self-employed,19,Small,Family,6951,2,4,4857,15690,3523,9947,2746,Yes,8867,422,293212,276445,Home Appliances,192129,20,32649.05,Not_Eligible
53,Female,Married,High School,189460,Private,5,Medium,Own,11653,5,4,5817,29507,7354,11498,3285,Yes,25202,682,606514,18943,Personal Loan,1138317,11,33300.4,High_Risk
40,Male,Single,Professional,167395,Government,25,Medium,Own,2167,4,2,3433,13251,5500,6516,3250,Yes,7154,630,487658,37445,Vehicle,1184924,9,44143.399999999994,High_Risk
59,Male,Single,Graduate,187391,Government,24,Medium,Rented,5959,6,2,3199,29582,6650,14922,14331,Yes,13289,475,623821,441156,Vehicle,680163,55,34810.649999999994,Not_Eligible
55,Male,Single,High School,31868,Self-employed,9,Medium,Rented,18017,2,0,10090,2907,2418,23816,7997,Yes,789,752,416656,322126,E-commerce Shopping,1323397,81,500.0,Not_Eligible
28,Male,Single,Professional,17080,Self-employed,27,Small,Family,2474,4,2,1359,3143,13868,8991,2652,No,5511,373,810868,465306,Personal Loan,882784,7,500.0,Not_Eligible
41,Female,Single,Professional,159848,Private,24,Small,Own,13855,6,0,5873,8919,4201,11708,13446,Yes,990,455,755682,364130,E-commerce Shopping,19909,45,35299.6,Not_Eligible
50,Male,Single,High School,199884,Self-employed,8,Small,Family,21424,4,1,8884,28769,7168,19484,6571,No,14899,827,783944,336437,Education,34381,71,32439.749999999996,Eligible
28,Female,Single,Professional,78271,Private,8,Large,Own,2377,4,0,7432,21774,9818,9060,15493,Yes,19840,325,613541,189640,Education,275373,15,500.0,Not_Eligible
54,Male,Single,Post Graduate,92585,Government,2,Large,Family,29921,5,0,14530,7574,2821,5147,10722,Yes,8987,353,542742,88445,E-commerce Shopping,435222,72,4509.049999999999,Not_Eligible
54,Female,Single,Graduate,139147,Private,11,Medium,Own,26326,2,4,14069,9659,14584,21604,4925,No,13598,505,179495,219926,Personal Loan,1118664,49,12033.699999999999,Not_Eligible
46,Female,Married,Post Graduate,30628,Private,10,Medium,Rented,27258,2,2,99,9306,13628,16743,1764,No,7988,492,951899,437433,E-commerce Shopping,1198039,47,500.0,Not_Eligible
35,Male,Single,High School,140850,Private,13,Medium,Family,19795,4,3,13875,1677,5307,14021,5581,No,20631,328,920331,28304,E-commerce Shopping,921666,4,20987.05,Not_Eligible
26,Male,Married,Post Graduate,154337,Government,24,Medium,Rented,21043,1,3,3442,2043,3961,13100,764,No,23805,567,446275,407156,Personal Loan,1381711,11,30162.649999999998,Not_Eligible
36,Female,Single,High School,170743,Government,18,Medium,Own,4275,3,4,3049,26740,2646,3027,4247,Yes,14726,368,407358,304726,Education,725492,24,39211.549999999996,Not_Eligible
54,Female,Married,High School,143872,Self-employed,9,Large,Family,20769,6,1,13196,7681,11191,24236,12535,Yes,6273,331,416425,492845,Home Appliances,188206,22,16796.85,Not_Eligible
60,Female,Married,Professional,27460,Private,18,Medium,Rented,12474,1,1,10112,28540,8515,6336,16184,No,17982,565,330239,39526,E-commerce Shopping,1430800,76,500.0,Not_Eligible
42,Male,Single,Professional,18477,Government,4,Small,Rented,25061,5,1,8619,3114,3635,21746,14492,Yes,20306,432,51140,318766,E-commerce Shopping,478056,62,500.0,Not_Eligible
50,Male,Single,High School,17202,Private,21,Medium,Rented,9552,6,0,586,20550,3343,7133,8487,Yes,6696,582,265389,345564,Vehicle,91337,13,500.0,Not_Eligible
31,Female,Married,Graduate,128846,Private,8,Small,Own,7275,3,2,11159,13653,9184,23060,14216,No,18416,466,302299,170298,Personal Loan,1004139,23,11159.05,Not_Eligible
25,Male,Married,Graduate,104410,Private,0,Small,Family,15485,1,1,11396,4853,6509,14416,6543,No,27736,315,59126,142950,Vehicle,1114690,84,6115.2,Not_Eligible
50,Female,Single,Graduate,121753,Government,14,Small,Rented,772,6,3,255,27419,12351,5375,14348,Yes,7958,549,732858,60844,Education,396396,68,18646.25,Not_Eligible
47,Male,Single,Post Graduate,26850,Private,23,Small,Own,11969,2,0,1473,8095,10201,3047,4533,No,9905,762,709697,323949,Vehicle,841893,55,500.0,Not_Eligible
50,Male,Single,High School,166881,Private,29,Medium,Own,18216,1,1,720,27462,6008,10058,1422,Yes,24905,509,937955,76861,Personal Loan,450521,24,27331.5,Not_Eligible
30,Male,Married,Professional,148878,Self-employed,29,Medium,Own,13345,4,1,2000,29397,4218,14905,10211,No,3542,798,628846,258869,E-commerce Shopping,1337439,82,24941.0,Eligible
30,Male,Single,Post Graduate,153235,Private,3,Medium,Family,7605,5,2,14739,24682,6998,11197,14735,Yes,1696,508,893344,387196,E-commerce Shopping,1172106,26,25054.05,Not_Eligible
32,Male,Single,Post Graduate,109368,Self-employed,25,Medium,Own,1299,1,2,3007,6599,13342,8533,19827,No,10282,825,174098,375754,Home Appliances,577666,68,16267.65,Eligible
48,Female,Single,Professional,15185,Private,6,Medium,Own,15853,6,0,13966,29446,6723,11961,10613,No,9682,596,5881,128369,Education,272731,28,500.0,Not_Eligible
46,Female,Single,High School,39718,Self-employed,5,Large,Family,24757,1,3,10819,2341,12004,10602,13291,No,3126,772,579215,144012,E-commerce Shopping,1234943,73,500.0,Not_Eligible
43,Male,Single,Post Graduate,171287,Government,14,Small,Family,25838,6,4,7946,22703,4740,4362,11870,No,25650,471,394921,490763,Vehicle,868736,38,23862.3,Not_Eligible
42,Female,Married,High School,174397,Government,5,Small,Own,12097,3,3,4502,12244,5976,22724,8750,Yes,3425,571,94882,1537,Home Appliances,1320414,39,36637.649999999994,Not_Eligible
55,Female,Married,High School,33458,Private,6,Large,Own,8337,4,2,13696,25706,7069,20200,18916,Yes,8868,425,508659,366633,Home Appliances,43574,20,500.0,Not_Eligible
54,Male,Single,High School,145293,Self-employed,19,Large,Rented,5163,3,2,14249,17493,5038,15020,17491,Yes,22078,835,689693,455861,Education,745506,29,17066.35,Eligible
57,Female,Single,Professional,137342,Government,21,Medium,Family,12134,5,4,10481,28157,7098,3007,12770,Yes,24386,576,255045,52234,Home Appliances,1172452,76,13758.15,Not_Eligible
34,Male,Married,High School,162078,Private,2,Medium,Family,1839,5,3,6190,17634,4834,7872,11559,No,1272,804,842191,325871,Personal Loan,1239628,82,38807.299999999996,Eligible
36,Female,Single,Post Graduate,179041,Private,20,Small,Rented,4594,6,3,12402,27217,10991,21916,6060,Yes,17734,781,881896,307568,Vehicle,64367,21,27344.449999999997,Eligible
54,Female,Married,Professional,91820,Self-employed,28,Medium,Own,17186,4,4,5112,22856,8687,22143,16489,No,25706,711,277422,486989,Home Appliances,1334600,60,500.0,Not_Eligible
51,Female,Single,Professional,119014,Self-employed,28,Small,Own,10190,3,2,1731,7408,3884,3328,3678,Yes,24752,734,956368,194965,E-commerce Shopping,351038,38,22415.05,Eligible
33,Female,Married,Post Graduate,173727,Private,29,Medium,Own,20334,4,0,4901,3073,2322,16711,13520,No,12416,462,274173,262356,Vehicle,1208926,35,35157.5,Not_Eligible
45,Female,Married,Professional,96234,Self-employed,30,Medium,Own,17702,3,3,2177,21754,14921,24259,9898,Yes,7934,565,336797,206956,Education,200498,63,500.0,Not_Eligible
36,Female,Single,Post Graduate,144282,Self-employed,12,Small,Rented,16359,6,1,1580,26665,3609,29488,8135,No,4003,617,251472,147632,Home Appliances,539054,8,19055.05,High_Risk
53,Female,Married,Graduate,24102,Government,1,Large,Family,22502,6,3,3226,5545,1724,16706,17174,Yes,3264,397,242598,149540,Vehicle,365219,82,500.0,Not_Eligible
57,Male,Single,Post Graduate,82107,Self-employed,2,Large,Family,4626,6,3,9185,24656,3411,21769,16174,No,25693,419,221353,46883,E-commerce Shopping,685630,6,500.0,Not_Eligible
39,Male,Married,Professional,141328,Private,12,Medium,Own,11990,2,3,10188,10727,10507,23364,9003,No,26033,340,417483,32746,Home Appliances,970535,11,13830.599999999999,Not_Eligible
26,Male,Single,Post Graduate,167625,Self-employed,8,Large,Rented,10450,4,2,4590,915,10604,5466,14845,Yes,20575,346,197365,5808,Education,910135,27,35063.0,Not_Eligible
42,Male,Single,Graduate,99079,Private,21,Medium,Own,2940,5,1,1852,16645,5848,8329,4445,Yes,688,788,720853,422457,Education,430339,25,20416.199999999997,Eligible
27,Female,Single,High School,144169,Private,18,Large,Own,23953,3,3,81,5514,12734,20578,13902,No,21458,815,213314,204034,Education,477273,70,16082.15,Eligible
31,Female,Married,High School,109437,Self-employed,17,Large,Rented,28637,2,0,3850,15044,10746,19484,6609,Yes,17966,812,658063,467905,Home Appliances,590941,59,2485.35,Not_Eligible
42,Female,Single,High School,94570,Self-employed,4,Small,Rented,7398,5,1,3012,19703,1425,5461,1932,Yes,15998,566,612668,50138,Home Appliances,944392,71,13874.349999999999,Not_Eligible
57,Male,Single,Professional,107656,Self-employed,9,Large,Family,5458,3,4,2716,24534,13141,26099,18135,No,26377,411,362736,299168,Home Appliances,1110536,28,500.0,Not_Eligible
55,Male,Single,Graduate,133301,Government,13,Medium,Family,2052,2,0,7192,3040,13686,3322,2679,No,9515,310,736106,413694,E-commerce Shopping,356493,6,32135.249999999996,Not_Eligible
35,Male,Married,Post Graduate,187492,Government,20,Small,Own,22838,5,4,7501,4903,8097,27216,9316,No,26351,313,278109,281489,Education,946028,23,28444.5,Not_Eligible
28,Female,Single,Post Graduate,171454,Self-employed,16,Large,Own,12044,5,3,5301,12835,8949,23033,1392,Yes,4907,780,336829,337839,Vehicle,1100760,27,36047.549999999996,Eligible
42,Male,Married,Post Graduate,53795,Private,2,Small,Family,6305,2,2,1455,19046,9495,7846,18202,Yes,20192,642,320762,340042,Vehicle,390023,77,500.0,Not_Eligible
28,Female,Married,Post Graduate,66425,Self-employed,6,Large,Rented,8407,5,3,9389,11186,7983,14268,1683,No,364,372,467405,312518,Home Appliances,582659,33,4600.75,Not_Eligible
58,Male,Married,Professional,72402,Government,8,Medium,Own,785,3,3,6952,23342,9295,25139,11793,Yes,16899,360,938984,112676,Education,587279,83,500.0,Not_Eligible
53,Female,Single,Professional,118127,Government,4,Medium,Own,6979,3,4,14309,6241,8498,3606,13052,Yes,16959,579,931580,439985,Education,705412,9,16969.05,Not_Eligible
48,Male,Single,Graduate,169531,Self-employed,3,Small,Rented,1635,5,3,3112,21648,9555,28092,9480,Yes,4917,326,374169,170531,Home Appliances,742673,15,31882.199999999997,Not_Eligible
46,Female,Married,Post Graduate,64649,Private,2,Large,Own,14279,1,0,6588,23321,8533,12300,2249,No,12146,590,958991,48922,E-commerce Shopping,472102,57,500.0,Not_Eligible
26,Male,Single,High School,110117,Private,25,Large,Rented,23722,6,2,11108,1972,14393,7335,9333,Yes,6908,321,967182,85909,Vehicle,35425,70,12371.099999999999,Not_Eligible
30,Male,Single,Professional,192456,Government,12,Small,Family,14272,2,4,7562,2174,5662,16360,13434,Yes,8142,822,783079,433438,Vehicle,419280,11,43697.5,Eligible
49,Female,Married,Graduate,93156,Government,8,Small,Family,10491,1,1,8107,17711,3847,20222,17432,No,21160,754,938766,456103,Personal Loan,1257588,60,500.0,Not_Eligible
45,Female,Married,Graduate,182816,Government,29,Medium,Family,11944,3,3,9503,21274,6867,4121,10608,Yes,22517,485,135441,371125,Home Appliances,636679,45,33593.7,Not_Eligible
40,Male,Single,Professional,103340,Private,22,Small,Family,3109,5,4,8752,28461,3723,16723,12672,No,25117,784,591787,268095,Vehicle,835212,32,1674.05,Not_Eligible
55,Female,Married,High School,45568,Government,27,Large,Family,12515,4,3,5381,6722,13140,23349,7214,Yes,23622,375,273605,209605,Vehicle,332912,70,500.0,Not_Eligible
38,Male,Single,High School,164063,Government,6,Small,Own,22437,4,3,14067,23698,10300,6341,10583,Yes,7909,431,149753,245493,E-commerce Shopping,310606,63,24054.8,Not_Eligible
52,Female,Married,Post Graduate,23912,Private,29,Medium,Family,5004,6,4,2104,9031,6338,20720,11584,No,25512,792,44986,410996,Home Appliances,1239859,69,500.0,Not_Eligible
56,Male,Single,Professional,178599,Government,28,Small,Own,22140,1,0,2053,7248,11607,4259,4202,No,20433,493,119654,198452,Home Appliances,1126088,56,37329.95,Not_Eligible
52,Female,Single,High School,65426,Government,7,Large,Own,7445,1,1,7726,12028,2897,26576,5088,No,14330,666,273574,61237,Vehicle,334055,41,500.0,Not_Eligible
33,Male,Married,Professional,125363,Self-employed,9,Small,Rented,284,1,3,9790,27889,5820,29437,446,Yes,1373,620,239121,465845,Vehicle,1052710,31,17613.399999999998,High_Risk
46,Male,Single,Graduate,166479,Government,0,Small,Own,11773,3,0,944,28224,1714,20028,2509,Yes,24199,445,893403,104672,Education,1330510,23,26980.8,Not_Eligible
56,Male,Single,Graduate,158416,Self-employed,26,Small,Own,10202,6,3,8085,23110,3872,13420,11479,No,18516,653,820346,284614,Personal Loan,1226213,14,24406.199999999997,High_Risk
29,Female,Married,Graduate,17355,Government,19,Medium,Family,2413,6,3,8770,16931,6931,3596,11045,No,27121,798,829610,454533,Vehicle,59838,84,500.0,Not_Eligible
47,Male,Single,Professional,111429,Government,28,Medium,Family,18027,3,0,9106,12354,14553,9389,7549,Yes,22892,664,212069,117567,Home Appliances,830754,71,6145.65,High_Risk
29,Female,Single,Post Graduate,191805,Self-employed,28,Medium,Rented,7235,6,3,14006,11858,2202,22194,1072,Yes,6470,595,848696,291509,Education,338609,25,44368.799999999996,Not_Eligible
56,Female,Single,Post Graduate,198788,Government,20,Medium,Rented,9319,5,1,8353,29353,7084,7536,11880,No,18923,467,128934,357952,E-commerce Shopping,803366,19,37219.0,Not_Eligible
34,Female,Married,High School,126151,Self-employed,20,Large,Own,28048,3,4,7464,27202,1091,26153,19512,Yes,19140,478,162536,259686,Home Appliances,298217,63,500.0,Not_Eligible
39,Male,Married,Professional,53526,Government,0,Large,Rented,25845,5,0,5736,22113,2523,19851,11789,No,21663,532,328191,121261,Education,689509,33,500.0,Not_Eligible
31,Female,Married,Post Graduate,33088,Self-employed,18,Medium,Family,6335,5,2,774,29508,6769,12156,12626,Yes,23759,692,997103,436197,Home Appliances,926930,14,500.0,Not_Eligible
53,Female,Married,Professional,80377,Self-employed,1,Medium,Family,28354,1,3,56,5552,14817,12829,6839,Yes,13863,556,100984,149673,Home Appliances,1183507,50,500.0,Not_Eligible
27,Female,Married,Post Graduate,190477,Government,11,Medium,Family,17027,4,4,6671,3876,13911,22170,17476,Yes,22717,631,917451,323583,Home Appliances,1354608,24,30320.149999999998,High_Risk
43,Male,Single,Graduate,184914,Government,22,Small,Own,23695,1,1,7226,22265,4979,14005,593,Yes,26329,437,421737,129647,Vehicle,471258,54,30037.699999999997,Not_Eligible
34,Female,Single,Graduate,76788,Self-employed,12,Large,Own,27354,3,1,9381,25901,9360,27802,10752,Yes,9882,710,48792,98027,Vehicle,1164131,7,500.0,Not_Eligible
52,Female,Single,High School,66529,Private,13,Small,Rented,8217,2,2,4044,3791,7244,22192,13284,No,18933,702,153961,127068,Personal Loan,169473,82,500.0,Not_Eligible
53,Female,Married,Graduate,127833,Government,4,Medium,Family,27898,3,1,545,19255,10511,28880,276,No,10150,523,332775,93770,E-commerce Shopping,545679,76,10611.3,Not_Eligible
39,Female,Single,Post Graduate,118578,Government,2,Large,Own,10237,4,4,14381,7542,8152,25173,8274,No,5242,321,152680,228827,E-commerce Shopping,1310575,65,13851.949999999999,Not_Eligible
59,Male,Married,High School,198455,Private,26,Medium,Own,15966,3,2,2980,574,3240,28089,3383,No,8923,571,244140,294823,Vehicle,654207,78,47355.0,Not_Eligible
30,Male,Single,High School,54177,Private,23,Small,Rented,3937,4,0,4906,1101,14772,3211,14437,No,14112,457,190054,395549,Home Appliances,181918,8,500.0,Not_Eligible
36,Female,Married,Graduate,131903,Self-employed,16,Large,Family,4807,2,2,12334,24605,10061,18395,13537,No,17217,694,409825,199702,Home Appliances,613608,66,10831.449999999999,High_Risk
37,Female,Single,Professional,54056,Government,0,Small,Family,14950,2,0,9605,17759,11958,3769,7553,Yes,10344,364,66662,348939,Education,322952,60,500.0,Not_Eligible
53,Female,Single,Graduate,81421,Self-employed,13,Large,Rented,6336,6,1,6395,27386,12549,26915,467,No,21070,305,684195,289270,Education,1205280,27,500.0,Not_Eligible
43,Female,Married,Graduate,179704,Government,5,Medium,Rented,6524,5,4,14501,29502,12479,28006,15134,Yes,22502,390,708741,352859,Education,1002149,55,17869.6,Not_Eligible
27,Male,Single,High School,54685,Private,16,Large,Rented,17409,3,3,10607,5234,14767,18450,5260,No,13510,790,301613,421533,E-commerce Shopping,1415345,22,500.0,Not_Eligible
32,Male,Single,Graduate,83590,Self-employed,3,Small,Rented,28406,5,2,5498,20332,8106,16919,997,No,25811,590,483955,483450,E-commerce Shopping,1386672,5,500.0,Not_Eligible
32,Male,Married,Post Graduate,23977,Government,5,Small,Family,5722,1,1,12275,13816,1974,6258,2379,No,14860,416,920575,137830,Education,430376,66,500.0,Not_Eligible
44,Male,Single,High School,105568,Government,0,Small,Family,17452,1,4,3388,6874,7371,19643,5048,Yes,13151,524,472081,296207,Education,1375517,9,11424.349999999999,Not_Eligible
28,Female,Single,Graduate,63967,Private,28,Small,Rented,9130,1,3,3203,15513,5456,4754,9484,Yes,16668,614,646351,418973,Education,824189,5,500.0,Not_Eligible
45,Female,Married,Professional,89072,Private,8,Medium,Own,4098,6,2,1412,14319,13330,13589,4095,Yes,7491,683,212725,166467,E-commerce Shopping,88129,45,10758.3,High_Risk
27,Male,Married,Post Graduate,161142,Government,30,Small,Own,15265,1,4,10821,20188,3228,3045,9559,No,3538,825,151147,367904,Vehicle,531245,47,33424.299999999996,Eligible
32,Male,Married,Professional,36500,Private,3,Medium,Family,24399,1,1,571,12822,3558,3876,12126,No,4233,487,9690,127416,Home Appliances,1401637,6,500.0,Not_Eligible
47,Female,Married,Post Graduate,130475,Private,8,Large,Family,9664,3,2,1740,20848,11701,27538,93,Yes,16459,789,157091,115552,Vehicle,943477,36,14851.199999999999,Eligible
40,Female,Married,Professional,25011,Self-employed,8,Small,Rented,28223,5,2,3927,5845,11525,5917,9114,No,15033,384,156236,259323,E-commerce Shopping,290323,72,500.0,Not_Eligible
37,Female,Single,Graduate,194111,Government,28,Large,Own,29830,5,0,347,3731,2320,4955,11333,No,14037,685,36831,112283,E-commerce Shopping,935767,46,44645.299999999996,High_Risk
27,Female,Married,Post Graduate,154968,Self-employed,21,Large,Family,13602,4,0,844,23909,10771,29176,7293,No,9087,419,168188,244180,Education,683580,44,21100.1,Not_Eligible
33,Female,Married,High School,110335,Private,12,Medium,Own,10517,1,2,2665,20781,8204,5274,18293,No,27034,624,548353,460494,Vehicle,652163,60,6148.45,High_Risk
38,Male,Single,High School,186030,Government,22,Small,Rented,16559,2,4,4592,24271,11100,10735,13499,No,13666,442,493838,333337,E-commerce Shopping,861057,54,32062.8,Not_Eligible
37,Male,Single,Professional,187984,Private,30,Medium,Family,8095,4,1,12983,22174,10976,4739,18263,Yes,12985,605,509147,220796,Personal Loan,244011,70,34219.15,High_Risk
31,Female,Single,Professional,15814,Private,28,Small,Family,14617,4,3,5969,11714,8250,25050,1158,Yes,23399,773,539017,299533,Vehicle,880069,51,500.0,Not_Eligible
39,Female,Single,Professional,170791,Government,16,Large,Own,17527,3,0,6074,10546,2915,22574,11412,No,1744,325,200384,186040,Vehicle,119753,14,34299.65,Not_Eligible
31,Male,Single,Post Graduate,35150,Private,20,Medium,Own,22277,4,1,14846,3750,12172,18313,5221,No,7237,541,807538,87694,E-commerce Shopping,515664,53,500.0,Not_Eligible
58,Female,Married,High School,18825,Self-employed,2,Small,Family,23725,2,2,3590,19518,9448,16549,357,Yes,23084,641,999569,395279,Home Appliances,829962,9,500.0,Not_Eligible
46,Male,Single,Graduate,65368,Government,25,Large,Own,19894,5,1,10691,13124,2240,16412,8333,No,23729,574,682969,362788,E-commerce Shopping,645812,64,500.0,Not_Eligible
48,Male,Married,Post Graduate,160872,Private,25,Medium,Own,20446,4,1,8734,1299,3569,19717,9986,No,21167,848,308969,424186,Vehicle,1375345,61,26583.899999999998,Eligible
25,Male,Single,Professional,90535,Private,28,Medium,Rented,7797,3,1,215,20990,9941,4530,2218,No,25514,520,324885,489226,Personal Loan,1192602,42,6765.5,Not_Eligible
34,Male,Married,High School,101390,Private,5,Medium,Own,950,1,2,6613,27641,4322,3555,7906,No,3341,427,521087,160522,Vehicle,1408246,52,16471.7,Not_Eligible
40,Female,Single,Professional,120076,Government,19,Medium,Family,4436,2,0,11092,17270,12478,29624,10251,No,23392,731,812625,69792,E-commerce Shopping,155613,42,4036.5499999999997,Not_Eligible
32,Female,Married,Graduate,194577,Self-employed,14,Large,Rented,2744,1,3,14639,26134,5752,28306,9270,No,18091,762,171245,298241,Education,84590,27,31374.35,Eligible
49,Male,Married,Graduate,72899,Private,28,Large,Family,16114,6,4,12585,11999,7463,24207,6074,Yes,28915,555,310951,187936,Home Appliances,497595,8,500.0,Not_Eligible
36,Female,Married,High School,37601,Private,13,Large,Rented,24696,4,0,1369,11177,9925,23417,885,Yes,4251,541,37948,350082,Vehicle,876986,66,500.0,Not_Eligible
49,Female,Married,Post Graduate,156749,Private,12,Large,Rented,21054,5,3,8477,28360,7554,20547,19323,No,13500,419,305546,57683,Personal Loan,890880,46,13276.9,Not_Eligible
41,Female,Married,Graduate,175624,Government,8,Small,Own,1920,3,2,8052,18430,8697,9028,12612,Yes,13221,305,544183,125216,Personal Loan,541403,3,36282.399999999994,Not_Eligible
50,Female,Married,Graduate,138355,Private,22,Large,Own,9876,2,3,3059,21274,11578,16210,10156,No,13510,803,272528,278297,Personal Loan,981505,83,18442.199999999997,Eligible
38,Male,Married,Graduate,106450,Private,14,Medium,Family,21996,5,2,12413,7002,5323,12491,12086,Yes,13386,791,660562,386032,Home Appliances,878431,7,7613.549999999999,High_Risk
60,Female,Married,Graduate,179364,Private,13,Medium,Own,6419,2,3,50,22985,2259,15911,5818,No,15904,410,910999,312097,Vehicle,209926,46,38506.299999999996,Not_Eligible
47,Male,Married,Professional,143424,Government,30,Medium,Rented,9160,3,0,5538,22351,3413,21404,16202,Yes,3778,567,747881,52301,Education,278829,60,21552.3,Not_Eligible
30,Male,Married,Professional,140451,Self-employed,3,Medium,Own,6172,3,2,1725,5527,3905,10685,1724,No,5013,695,703199,335283,E-commerce Shopping,1044362,20,36995.0,High_Risk
29,Female,Single,Post Graduate,81097,Government,28,Small,Family,5930,4,1,4566,24278,11688,9023,16555,Yes,27532,347,847014,209756,Vehicle,1118671,47,500.0,Not_Eligible
49,Male,Married,High School,162256,Self-employed,10,Medium,Rented,3808,2,2,9591,22280,3554,26828,13701,No,6236,789,375820,246721,Vehicle,1109684,60,26690.3,Eligible
42,Female,Married,High School,81741,Self-employed,21,Medium,Family,12972,6,2,11628,19841,8443,6686,4676,No,645,404,71656,73969,Education,653478,43,5897.5,Not_Eligible
37,Female,Single,High School,76377,Government,1,Medium,Own,11507,6,3,11495,23941,4704,21324,17685,No,2239,369,512897,191431,Home Appliances,816426,37,500.0,Not_Eligible
38,Male,Married,Graduate,158111,Private,29,Large,Rented,14656,4,2,7857,11492,11301,23780,16467,Yes,25705,660,336638,313242,E-commerce Shopping,126580,38,16398.55,High_Risk
52,Female,Married,Professional,60161,Self-employed,15,Large,Family,4738,2,3,10909,3298,4402,22455,9363,No,9653,300,168933,165319,E-commerce Shopping,247135,44,500.0,Not_Eligible
42,Male,Single,Professional,181078,Private,18,Small,Own,22879,2,0,7826,11590,5282,10016,15101,No,18662,358,201302,62278,E-commerce Shopping,1021287,76,31402.699999999997,Not_Eligible
52,Male,Single,Post Graduate,163616,Self-employed,30,Small,Own,17488,1,2,13791,23886,6656,6499,14126,No,26922,345,190638,179402,Vehicle,277931,4,18986.8,Not_Eligible
51,Female,Married,High School,27987,Private,15,Small,Family,13604,4,1,1329,12564,8035,28786,9135,Yes,7094,379,817047,215411,Education,282857,20,500.0,Not_Eligible
56,Female,Single,Professional,20239,Private,26,Medium,Rented,20773,2,1,4533,28901,2528,23637,4828,No,25627,722,716615,455910,Education,719207,37,500.0,Not_Eligible
33,Female,Married,Post Graduate,59785,Government,6,Small,Family,13808,2,0,3322,14179,1850,10817,15081,Yes,14649,776,92499,139869,Home Appliances,952942,24,500.0,Not_Eligible
56,Male,Married,High School,38358,Private,10,Large,Own,10697,3,1,2898,21660,14632,12546,6679,Yes,8718,604,857178,32757,Education,545256,57,500.0,Not_Eligible
44,Female,Married,Graduate,129759,Self-employed,11,Large,Family,13034,1,3,10581,10252,14504,9025,18170,No,10903,709,585142,342502,Education,1222545,71,15151.499999999998,Eligible
52,Male,Single,Professional,174500,Private,3,Large,Own,3884,6,2,8940,17910,11493,10576,14663,No,4458,716,318786,267440,E-commerce Shopping,715788,49,35901.6,Eligible
57,Male,Married,Professional,24096,Private,29,Medium,Rented,732,6,4,523,14532,5674,9607,1760,No,18801,662,111594,91438,Home Appliances,666454,26,500.0,Not_Eligible
28,Female,Married,High School,62582,Private,15,Medium,Family,16041,3,2,8846,28270,5409,29706,5491,No,18521,575,230299,195220,Education,1111167,34,500.0,Not_Eligible
58,Female,Single,Graduate,170608,Self-employed,27,Small,Rented,17965,4,2,4601,12902,12815,10753,18614,Yes,9917,528,95132,264084,Education,43878,13,29064.35,Not_Eligible
27,Female,Married,Graduate,126595,Self-employed,25,Small,Family,20063,6,4,12686,18534,4295,26406,1982,Yes,9920,674,634940,3270,Education,443698,12,11448.15,High_Risk
50,Male,Married,Professional,116494,Self-employed,15,Small,Own,20236,4,1,2953,13481,5526,7109,12089,No,6765,632,856428,419027,Education,611693,76,16917.25,High_Risk
32,Female,Married,High School,84484,Private,6,Small,Rented,18811,2,1,3189,2156,10571,6267,6553,No,14686,779,453334,273724,E-commerce Shopping,1394860,45,7787.849999999999,High_Risk
30,Male,Married,Post Graduate,16287,Government,24,Medium,Own,16707,5,2,2108,10615,12690,18015,6864,Yes,20924,765,765501,105840,Vehicle,395950,9,500.0,Not_Eligible
40,Female,Married,Professional,38902,Self-employed,29,Large,Family,3699,3,1,10130,2794,2415,26456,356,No,4054,681,579000,470770,Home Appliances,294529,50,500.0,Not_Eligible
48,Female,Married,Graduate,71188,Private,12,Medium,Own,5181,4,3,1204,4243,3269,12427,11354,Yes,28639,566,307479,485261,Vehicle,1201337,79,1704.85,Not_Eligible
54,Male,Single,Post Graduate,127894,Self-employed,4,Small,Family,27568,2,3,4039,23210,8270,17542,4951,Yes,11243,529,827543,187283,E-commerce Shopping,1456834,25,10874.849999999999,Not_Eligible
37,Male,Married,High School,167236,Government,29,Medium,Rented,23697,2,4,4082,15360,3807,8254,10893,Yes,128,377,149406,353796,Vehicle,231518,77,35355.25,Not_Eligible
29,Female,Married,Graduate,96204,Private,0,Large,Own,8553,3,2,6456,3042,14985,7203,13709,Yes,19537,660,136179,315550,Education,1347340,10,7951.65,High_Risk
49,Female,Single,Post Graduate,147844,Self-employed,4,Medium,Own,18484,6,3,12254,23079,10991,8890,2311,Yes,8400,360,157387,327357,Home Appliances,1076511,9,22202.25,Not_Eligible
44,Female,Married,Professional,199126,Self-employed,21,Large,Family,29073,2,0,8456,6892,4608,24110,10968,Yes,8237,306,331236,234039,Education,954135,12,37373.7,Not_Eligible
42,Female,Married,Graduate,141800,Government,13,Small,Family,12968,1,1,5148,4091,8833,13970,19628,No,6635,570,76332,245175,Home Appliances,124492,14,24684.449999999997,Not_Eligible
42,Female,Single,High School,178310,Self-employed,10,Medium,Family,10084,6,2,3334,27654,14530,15452,6884,No,12251,820,220063,226699,Vehicle,935275,77,30842.35,Eligible
26,Male,Single,Graduate,73293,Private,1,Small,Rented,13280,5,3,711,19618,8605,25681,11522,No,0,512,955076,311489,Education,1021239,39,500.0,Not_Eligible
34,Male,Single,Professional,22213,Private,23,Small,Own,2754,3,4,9104,435,3813,23826,364,No,19619,464,417423,27161,E-commerce Shopping,1157088,28,500.0,Not_Eligible
36,Male,Single,High School,29941,Government,28,Large,Family,17856,3,3,5710,26033,11194,20432,7562,No,21316,530,55923,54339,Education,1425352,7,500.0,Not_Eligible
37,Male,Single,Professional,110881,Government,17,Large,Family,17490,3,0,13967,2372,7870,21343,12296,Yes,8004,663,843084,195101,Personal Loan,355844,53,9638.65,High_Risk
35,Female,Single,Post Graduate,162036,Government,14,Small,Own,10618,2,3,9926,10396,8336,29154,3331,Yes,22399,314,637426,394721,E-commerce Shopping,493533,49,23756.6,Not_Eligible
43,Male,Single,Graduate,41855,Private,13,Large,Rented,15817,2,2,14674,111,6711,23082,112,Yes,14794,417,690596,277476,Home Appliances,348516,9,500.0,Not_Eligible
59,Male,Married,Professional,136739,Government,24,Large,Own,29604,3,4,9637,3034,3119,11541,11982,No,1634,387,72698,218387,Personal Loan,403498,38,23165.8,Not_Eligible
50,Male,Married,Post Graduate,16046,Self-employed,29,Small,Family,1803,3,4,10328,5574,14886,25059,10714,Yes,25373,815,158993,469697,Education,101807,9,500.0,Not_Eligible
38,Female,Married,High School,29909,Self-employed,12,Small,Own,26603,1,0,331,5888,6085,10891,13489,Yes,9095,413,694079,190060,Education,109791,41,500.0,Not_Eligible
48,Male,Single,High School,169440,Private,1,Large,Family,8272,4,2,8159,9288,9647,20862,9039,No,20737,526,903929,423330,Education,1445515,44,29202.6,Not_Eligible
25,Female,Married,Post Graduate,131853,Self-employed,18,Small,Family,23041,6,0,12041,24558,12338,21204,15863,Yes,11363,543,138739,44366,Education,327669,56,4005.7499999999995,Not_Eligible
46,Male,Single,Post Graduate,109135,Government,7,Small,Own,15668,6,0,3834,5049,14574,18073,18913,No,1894,720,440784,301874,Personal Loan,315072,8,10895.5,Eligible
47,Female,Married,High School,86255,Self-employed,26,Large,Own,27544,1,0,8343,7360,6588,12433,9861,Yes,5656,301,557597,312047,E-commerce Shopping,723458,67,2964.5,Not_Eligible
43,Male,Married,Professional,161696,Government,21,Medium,Rented,6906,3,3,8899,25872,13897,23314,7684,No,5266,730,99985,45325,Personal Loan,844723,4,24450.3,Eligible
42,Female,Married,Post Graduate,121378,Self-employed,16,Medium,Family,27117,2,1,14461,17341,7740,24749,14520,Yes,4850,659,744923,376118,E-commerce Shopping,1331340,69,3709.9999999999995,Not_Eligible
36,Male,Married,Professional,25352,Private,14,Small,Family,21739,2,3,7210,21215,3884,17648,8151,No,24134,770,35099,445347,Vehicle,171910,16,500.0,Not_Eligible
52,Female,Single,High School,111421,Government,19,Large,Family,11931,3,2,8612,4968,1938,12067,16093,No,20327,446,709306,110448,Vehicle,1337639,82,12419.75,Not_Eligible
52,Female,Single,Professional,95539,Self-employed,20,Small,Family,2988,4,0,5804,28662,10876,14912,13003,Yes,2061,563,608738,279348,E-commerce Shopping,493199,81,6031.549999999999,Not_Eligible
57,Male,Married,Professional,24223,Private,13,Large,Family,7204,5,0,7657,8285,11757,17101,8772,No,24451,328,903036,480949,E-commerce Shopping,299446,26,500.0,Not_Eligible
43,Female,Single,Post Graduate,93254,Self-employed,26,Small,Own,13028,5,1,7733,19150,6740,25987,8567,No,20909,436,352237,9205,E-commerce Shopping,1075863,43,500.0,Not_Eligible
52,Female,Single,Professional,81851,Private,2,Small,Family,22160,1,4,252,6825,14510,18941,15014,Yes,15136,743,820369,10686,Vehicle,328939,74,500.0,Not_Eligible
50,Male,Married,Professional,65044,Self-employed,16,Large,Own,8516,6,0,9190,667,4409,29117,19361,Yes,3364,647,656346,346845,E-commerce Shopping,104033,56,500.0,Not_Eligible
59,Male,Single,Professional,105218,Government,2,Small,Rented,29751,4,3,14122,24307,3085,25170,12733,Yes,9066,629,329520,184299,E-commerce Shopping,724194,4,500.0,Not_Eligible
58,Female,Single,High School,100000,Government,12,Medium,Family,2361,5,0,5827,514,3366,17591,13323,Yes,19229,353,987749,389561,Personal Loan,346018,20,13226.15,Not_Eligible
59,Male,Single,High School,122240,Government,24,Medium,Rented,17618,4,2,3555,25819,7783,23085,13508,Yes,24558,375,59991,496794,Home Appliances,677301,20,2209.8999999999996,Not_Eligible
40,Male,Single,Graduate,177491,Government,17,Large,Own,16486,2,1,8484,27652,1139,14730,2613,Yes,26579,591,823471,90625,Education,1062229,21,27932.8,Not_Eligible
37,Male,Married,High School,159839,Government,0,Small,Own,14774,2,4,9432,4289,8415,12011,16868,No,26317,756,133971,309716,Education,1254909,39,23706.55,Eligible
47,Female,Married,High School,46028,Self-employed,6,Medium,Rented,4912,4,2,8360,10293,8061,6909,14671,Yes,5018,689,992381,407411,Personal Loan,853440,23,500.0,Not_Eligible
46,Female,Single,Graduate,62953,Self-employed,28,Large,Family,746,3,3,10973,29605,6890,15208,13640,Yes,25463,340,329868,242765,E-commerce Shopping,1445929,64,500.0,Not_Eligible
40,Female,Married,Graduate,72965,Self-employed,22,Large,Own,14373,5,2,7807,27599,14970,11400,6880,Yes,268,745,136882,122458,Home Appliances,552811,77,500.0,Not_Eligible
52,Female,Married,Post Graduate,84776,Self-employed,4,Large,Own,4908,5,0,7552,811,1426,4884,12964,No,7622,406,857978,171476,Personal Loan,320507,23,15613.15,Not_Eligible
59,Female,Married,Post Graduate,46459,Government,1,Medium,Own,3691,2,1,14351,15568,3902,7502,1710,Yes,3409,692,322122,224534,Home Appliances,919215,45,500.0,Not_Eligible
32,Female,Single,High School,105932,Private,29,Medium,Own,11677,6,0,36,22091,3017,21512,17544,No,20261,639,821279,88738,Vehicle,854193,60,3427.8999999999996,Not_Eligible
46,Female,Single,Professional,97331,Government,16,Medium,Own,25823,1,1,1444,22233,2218,10497,6417,Yes,13747,403,149757,336189,Home Appliances,289724,37,5233.2,Not_Eligible
45,Male,Married,Post Graduate,170761,Self-employed,28,Medium,Own,3064,5,3,6022,22456,13502,11298,16212,No,22502,340,176353,126063,Personal Loan,374836,18,26496.75,Not_Eligible
50,Female,Married,Post Graduate,82982,Government,20,Small,Rented,21796,2,2,4391,17904,2912,13887,13995,Yes,21064,303,673318,201031,Education,410085,54,500.0,Not_Eligible
45,Female,Single,High School,149418,Government,9,Medium,Family,1719,2,1,6578,5749,7788,13677,15821,Yes,12374,309,479606,34874,Vehicle,302702,33,29999.199999999997,Not_Eligible
49,Male,Married,Professional,191251,Government,3,Large,Family,18586,4,2,10559,17862,5636,23413,16614,No,29022,373,996229,206795,Home Appliances,1424720,79,24345.649999999998,Not_Eligible
25,Male,Single,Graduate,129773,Private,8,Small,Family,21535,4,1,7904,28439,12873,4425,3186,Yes,28481,347,481986,368319,Education,124791,12,8025.499999999999,Not_Eligible
30,Male,Married,Graduate,55517,Government,20,Medium,Family,27881,6,0,7793,15439,11628,7605,6853,Yes,3495,423,399357,282459,Home Appliances,238811,50,500.0,Not_Eligible
47,Female,Single,High School,84678,Government,10,Small,Rented,6026,4,1,6677,18385,10644,28693,2562,No,22181,450,263675,492456,Home Appliances,850937,71,500.0,Not_Eligible
47,Male,Single,High School,127491,Private,25,Large,Rented,10728,1,1,7466,22202,2717,21513,18415,Yes,26408,788,308810,93088,E-commerce Shopping,1091087,66,6314.7,High_Risk
47,Female,Single,Professional,87623,Government,11,Medium,Family,14073,5,4,6717,25607,3199,18027,111,No,17638,692,9030,110816,Education,37780,51,787.8499999999999,Not_Eligible
56,Female,Single,High School,112409,Government,11,Small,Own,7737,1,3,7861,18522,4174,23440,19601,Yes,28548,749,274685,376456,Vehicle,319284,6,884.0999999999999,Not_Eligible
54,Female,Married,High School,63575,Government,17,Medium,Family,21836,1,0,9114,29017,2428,3240,13220,Yes,5823,527,773128,135549,Vehicle,836396,42,500.0,Not_Eligible
37,Male,Single,High School,123501,Government,3,Small,Own,7184,4,0,10012,3069,2311,27740,5907,No,25143,566,631668,2382,Vehicle,1463147,78,14747.249999999998,Not_Eligible
42,Male,Married,Professional,60039,Government,28,Small,Own,28061,6,2,7183,16734,9938,20880,6252,Yes,20694,558,295628,36681,Home Appliances,1182016,62,500.0,Not_Eligible
47,Female,Single,High School,196027,Self-employed,27,Large,Rented,1789,2,1,13268,28881,7276,16597,3149,No,25392,744,418894,435504,Education,330152,43,34886.25,Eligible
39,Female,Single,Post Graduate,95260,Government,8,Large,Own,26340,3,1,10634,18689,8569,18203,13840,Yes,11962,777,874118,307969,Vehicle,936817,49,500.0,Not_Eligible
57,Female,Married,Professional,70871,Private,7,Medium,Rented,14575,2,1,6420,23592,11981,19687,9954,No,11871,444,847656,340098,Vehicle,1242398,45,500.0,Not_Eligible
45,Male,Married,Post Graduate,135773,Government,18,Medium,Family,27933,2,0,4744,23254,4106,24158,1720,Yes,13044,329,661460,388758,Home Appliances,1204909,66,12884.9,Not_Eligible
47,Female,Married,Professional,177423,Self-employed,23,Small,Rented,13686,2,4,4378,21175,9037,20295,18480,No,21158,307,702790,276681,Personal Loan,1134556,17,24224.899999999998,Not_Eligible
